neis_code,name,region,gu,office_code,address
7003849,한국교원대학교부설월곡초등학교,충청북도교육청,청주시,M10,충청북도 청주시 흥덕구 강내면 가로수로 562
7003915,청주교육대학교부설초등학교,충청북도교육청,청주시,M10,충청북도 청주시 서원구 청남로 2067
7004088,대구교육대학교대구부설초등학교,대구광역시교육청,달서구,D10,대구광역시 달서구 도원남로 19
7004178,경북대학교사범대학부설초등학교,대구광역시교육청,중구,D10,대구광역시 중구 달구벌대로 2150
7004258,경인교육대학교부설초등학교,인천광역시교육청,계양구,E10,인천광역시 계양구 안남로 612
7004261,춘천교육대학교부설초등학교,강원특별자치도교육청,춘천시,K10,강원특별자치도 춘천시 공지로 316
7004442,공주교육대학교부설초등학교,충청남도교육청,공주시,N10,충청남도 공주시 하선길 47
7004971,부산교육대학교부설초등학교,부산광역시교육청,연제구,C10,부산광역시 연제구 교대로 24
7005347,전주교육대학교전주부설초등학교,전북특별자치도교육청,전주시,P10,전라북도 전주시 완산구 팔달로 74
7005348,전주교육대학교군산부설초등학교,전북특별자치도교육청,군산시,P10,전라북도 군산시 팔마로 185
7006149,광주교육대학교광주부설초등학교,전남광주통합특별시교육청(광주),북구,F10,전남광주통합특별시 북구 필문대로 55
7006150,광주교육대학교목포부설초등학교,전남광주통합특별시교육청(전남),목포시,Q10,전남광주통합특별시 목포시 안태길 13
7006350,진주교육대학교부설초등학교,경상남도교육청,진주시,S10,경상남도 진주시 진양호로369번길 3
7021079,경희초등학교,서울특별시교육청,동대문구,B10,서울특별시 동대문구 경희대로 26
7021080,금성초등학교,서울특별시교육청,중랑구,B10,서울특별시 중랑구 신내로21길 55
7021082,서울군자초등학교,서울특별시교육청,동대문구,B10,서울특별시 동대문구 한천로6길 21
7021083,서울답십리초등학교,서울특별시교육청,동대문구,B10,서울특별시 동대문구 전농로3길 23
7021084,서울동답초등학교,서울특별시교육청,동대문구,B10,서울특별시 동대문구 답십리로60길 12
7021085,서울동원초등학교,서울특별시교육청,중랑구,B10,서울특별시 중랑구 송림길 114
7021086,서울망우초등학교,서울특별시교육청,중랑구,B10,서울특별시 중랑구 망우로72길 49
7021087,서울면남초등학교,서울특별시교육청,중랑구,B10,서울특별시 중랑구 면목로30나길 38
7021088,서울면동초등학교,서울특별시교육청,중랑구,B10,서울특별시 중랑구 면목로57길 32
7021089,서울면목초등학교,서울특별시교육청,중랑구,B10,서울특별시 중랑구 면목로 434
7021090,서울면북초등학교,서울특별시교육청,중랑구,B10,서울특별시 중랑구 용마공원로5길 32
7021091,서울면일초등학교,서울특별시교육청,중랑구,B10,서울특별시 중랑구 용마산로100길 13
7021092,서울면중초등학교,서울특별시교육청,중랑구,B10,서울특별시 중랑구 용마산로70길 43
7021093,서울묵동초등학교,서울특별시교육청,중랑구,B10,서울특별시 중랑구 동일로138길 27
7021094,서울묵현초등학교,서울특별시교육청,중랑구,B10,서울특별시 중랑구 동일로157길 75
7021095,서울배봉초등학교,서울특별시교육청,동대문구,B10,서울특별시 동대문구 사가정로 193
7021096,서울봉화초등학교,서울특별시교육청,중랑구,B10,서울특별시 중랑구 신내로15길 110
7021097,서울상봉초등학교,서울특별시교육청,중랑구,B10,서울특별시 중랑구 동일로126가길 11
7021098,서울신내초등학교,서울특별시교육청,중랑구,B10,서울특별시 중랑구 용마산로125나길 22
7021099,서울신답초등학교,서울특별시교육청,동대문구,B10,서울특별시 동대문구 천호대로 177
7021100,서울신묵초등학교,서울특별시교육청,중랑구,B10,서울특별시 중랑구 동일로149길 46
7021101,서울신현초등학교,서울특별시교육청,중랑구,B10,서울특별시 중랑구 봉화산로 188
7021102,서울안평초등학교,서울특별시교육청,동대문구,B10,서울특별시 동대문구 장한로14길 61
7021103,서울용두초등학교,서울특별시교육청,동대문구,B10,서울특별시 동대문구 천호대로13길 43
7021104,서울원묵초등학교,서울특별시교육청,중랑구,B10,서울특별시 중랑구 숙선옹주로 109
7021105,서울이문초등학교,서울특별시교육청,동대문구,B10,서울특별시 동대문구 신이문로 16
7021106,서울장평초등학교,서울특별시교육청,동대문구,B10,서울특별시 동대문구 답십리로
7021107,서울전곡초등학교,서울특별시교육청,동대문구,B10,서울특별시 동대문구 전농로 172
7021108,서울전농초등학교,서울특별시교육청,동대문구,B10,서울특별시 동대문구 사가정로 66
7021109,서울전동초등학교,서울특별시교육청,동대문구,B10,서울특별시 동대문구 전농로16길 61
7021110,서울종암초등학교,서울특별시교육청,동대문구,B10,서울특별시 동대문구 무학로44길 25
7021111,서울중곡초등학교,서울특별시교육청,중랑구,B10,서울특별시 중랑구 면목로23길 20
7021112,서울중랑초등학교,서울특별시교육청,중랑구,B10,서울특별시 중랑구 봉우재로6길 26
7021113,서울중목초등학교,서울특별시교육청,중랑구,B10,서울특별시 중랑구 동일로 665
7021114,서울중화초등학교,서울특별시교육청,중랑구,B10,서울특별시 중랑구 신내로7가길 22
7021115,서울중흥초등학교,서울특별시교육청,중랑구,B10,서울특별시 중랑구 봉화산로 82
7021116,서울청량초등학교,서울특별시교육청,동대문구,B10,서울특별시 동대문구 회기로25길 31
7021117,서울홍릉초등학교,서울특별시교육청,동대문구,B10,서울특별시 동대문구 회기로 90
7021118,서울홍파초등학교,서울특별시교육청,동대문구,B10,서울특별시 동대문구 고산자로 518
7021119,서울휘경초등학교,서울특별시교육청,동대문구,B10,서울특별시 동대문구 망우로6길 48
7021120,서울휘봉초등학교,서울특별시교육청,동대문구,B10,서울특별시 동대문구 장안벚꽃로 309
7021121,은석초등학교,서울특별시교육청,동대문구,B10,서울특별시 동대문구 장안벚꽃로 205
7021168,서울삼육초등학교,서울특별시교육청,동대문구,B10,서울특별시 동대문구 회기로10길 63
7021181,서울새솔초등학교,서울특별시교육청,중랑구,B10,서울특별시 중랑구 신내역로1길 164
7021205,서울양원숲초등학교,서울특별시교육청,중랑구,B10,서울특별시 중랑구 양원역로 95
7031110,경기초등학교,서울특별시교육청,서대문구,B10,서울특별시 서대문구 경기대로9길 10
7031111,명지초등학교,서울특별시교육청,서대문구,B10,서울특별시 서대문구 명지2길 32-20
7031112,서울갈현초등학교,서울특별시교육청,은평구,B10,서울특별시 은평구 연서로29길 31
7031113,서울고은초등학교,서울특별시교육청,서대문구,B10,서울특별시 서대문구 모래내로 441
7031114,서울공덕초등학교,서울특별시교육청,마포구,B10,서울특별시 마포구 만리재옛길 13
7031115,서울구산초등학교,서울특별시교육청,은평구,B10,서울특별시 은평구 서오릉로15길 16
7031116,서울구현초등학교,서울특별시교육청,은평구,B10,서울특별시 은평구 갈현로15길 51
7031117,서울금화초등학교,서울특별시교육청,서대문구,B10,서울특별시 서대문구 통일로 165
7031118,서울녹번초등학교,서울특별시교육청,은평구,B10,서울특별시 은평구 녹번로1길 1
7031119,서울대신초등학교,서울특별시교육청,서대문구,B10,서울특별시 서대문구 이화여대2길 27
7031120,서울대은초등학교,서울특별시교육청,은평구,B10,서울특별시 은평구 통일로69길 12-15
7031121,서울대조초등학교,서울특별시교육청,은평구,B10,서울특별시 은평구 연서로18길 17
7031122,서울동교초등학교,서울특별시교육청,마포구,B10,서울특별시 마포구 월드컵로25길 86
7031123,서울마포초등학교,서울특별시교육청,마포구,B10,서울특별시 마포구 도화2길 64
7031124,서울망원초등학교,서울특별시교육청,마포구,B10,서울특별시 마포구 방울내로5길 28
7031125,서울미동초등학교,서울특별시교육청,서대문구,B10,서울특별시 서대문구 충정로 52
7031126,서울북가좌초등학교,서울특별시교육청,서대문구,B10,서울특별시 서대문구 거북골로19길 20
7031127,서울북성초등학교,서울특별시교육청,서대문구,B10,서울특별시 서대문구 북아현로1나길 22
7031128,서울북한산초등학교,서울특별시교육청,은평구,B10,서울특별시 은평구 대서문길 42-3
7031129,서울불광초등학교,서울특별시교육청,은평구,B10,서울특별시 은평구 불광로 51
7031130,서울상신초등학교,서울특별시교육청,은평구,B10,서울특별시 은평구 가좌로 361
7031131,서울상암초등학교,서울특별시교육청,마포구,B10,서울특별시 마포구 월드컵북로 353
7031132,서울상지초등학교,서울특별시교육청,마포구,B10,서울특별시 마포구 월드컵로42길 30
7031133,서울서강초등학교,서울특별시교육청,마포구,B10,서울특별시 마포구 독막로 113
7031134,서울서교초등학교,서울특별시교육청,마포구,B10,서울특별시 마포구 와우산로23길 20-27
7031135,서울서신초등학교,서울특별시교육청,은평구,B10,서울특별시 은평구 은평터널로 150
7031136,서울성산초등학교,서울특별시교육청,마포구,B10,서울특별시 마포구 양화로3길 94
7031137,서울성서초등학교,서울특별시교육청,마포구,B10,서울특별시 마포구 성미산로7길 24
7031138,서울성원초등학교,서울특별시교육청,마포구,B10,서울특별시 마포구 월드컵로36길 34
7031139,서울소의초등학교,서울특별시교육청,마포구,B10,서울특별시 마포구 마포대로24길 42
7031140,서울수색초등학교,서울특별시교육청,은평구,B10,서울특별시 은평구 수색로16길 21
7031141,서울신도초등학교,서울특별시교육청,은평구,B10,서울특별시 은평구 진관1로 77-23
7031142,서울신북초등학교,서울특별시교육청,마포구,B10,서울특별시 마포구 월드컵북로38길 26
7031143,서울신사초등학교,서울특별시교육청,은평구,B10,서울특별시 은평구 가좌로 275-2
7031144,서울신석초등학교,서울특별시교육청,마포구,B10,서울특별시 마포구 대흥로 33
7031145,서울아현초등학교,서울특별시교육청,마포구,B10,서울특별시 마포구 굴레방로 6
7031146,서울안산초등학교,서울특별시교육청,서대문구,B10,서울특별시 서대문구 통일로 321
7031147,서울역촌초등학교,서울특별시교육청,은평구,B10,서울특별시 은평구 은평로3길 25
7031148,서울연가초등학교,서울특별시교육청,서대문구,B10,서울특별시 서대문구 증가로12가길 49-50
7031149,서울연광초등학교,서울특별시교육청,은평구,B10,서울특별시 은평구 연서로35길 37
7031150,서울연신초등학교,서울특별시교육청,은평구,B10,서울특별시 은평구 연서로 347
7031151,서울연은초등학교,서울특별시교육청,은평구,B10,서울특별시 은평구 백련산로2길 35
7031152,서울연천초등학교,서울특별시교육청,은평구,B10,서울특별시 은평구 연서로34길 22
7031153,서울연희초등학교,서울특별시교육청,서대문구,B10,서울특별시 서대문구 연희로 136
7031154,서울염리초등학교,서울특별시교육청,마포구,B10,서울특별시 마포구 토정로37길 37
7031155,서울용강초등학교,서울특별시교육청,마포구,B10,서울특별시 마포구 백범로17길 9
7031156,서울은명초등학교,서울특별시교육청,은평구,B10,서울특별시 은평구 은평로4길 21-9
7031157,서울은진초등학교,서울특별시교육청,은평구,B10,서울특별시 은평구 진관1로 21-20
7031158,서울은평초등학교,서울특별시교육청,은평구,B10,서울특별시 은평구 은평로 239
7031159,서울응암초등학교,서울특별시교육청,은평구,B10,서울특별시 은평구 가좌로6길 20
7031160,서울인왕초등학교,서울특별시교육청,서대문구,B10,서울특별시 서대문구 세무서길 33-9
7031161,서울중동초등학교,서울특별시교육청,마포구,B10,서울특별시 마포구 월드컵북로 152
7031162,서울증산초등학교,서울특별시교육청,은평구,B10,서울특별시 은평구 증산서길 61
7031163,서울진관초등학교,서울특별시교육청,은평구,B10,서울특별시 은평구 진관4로 78-16
7031164,서울창서초등학교,서울특별시교육청,서대문구,B10,서울특별시 서대문구 연세로5나길 30-3
7031165,서울창천초등학교,서울특별시교육청,마포구,B10,서울특별시 마포구 백범로1길 56
7031166,서울한서초등학교,서울특별시교육청,마포구,B10,서울특별시 마포구 대흥로24바길 27
7031167,서울홍연초등학교,서울특별시교육청,서대문구,B10,서울특별시 서대문구 백련사길 55
7031168,서울홍은초등학교,서울특별시교육청,서대문구,B10,서울특별시 서대문구 세검정로 105
7031169,서울홍제초등학교,서울특별시교육청,서대문구,B10,서울특별시 서대문구 홍은중앙로 13
7031170,선일초등학교,서울특별시교육청,은평구,B10,서울특별시 은평구 갈현로29길 27
7031172,예일초등학교,서울특별시교육청,은평구,B10,서울특별시 은평구 연서로 117
7031174,이화여자대학교사범대학부속초등학교,서울특별시교육청,서대문구,B10,서울특별시 서대문구 성산로 512-39
7031175,추계초등학교,서울특별시교육청,서대문구,B10,서울특별시 서대문구 북아현로11가길 7
7031176,충암초등학교,서울특별시교육청,은평구,B10,서울특별시 은평구 가좌로5길 5
7031177,홍익대학교사범대학부속초등학교,서울특별시교육청,마포구,B10,서울특별시 마포구 성미산로 51
7031230,서울수리초등학교,서울특별시교육청,은평구,B10,서울특별시 은평구 불광로14길 10-10
7031231,서울하늘초등학교,서울특별시교육청,마포구,B10,서울특별시 마포구 월드컵북로 502-14
7031232,서울은빛초등학교,서울특별시교육청,은평구,B10,서울특별시 은평구 진관3로 73-17
7031278,서울가재울초등학교,서울특별시교육청,서대문구,B10,서울특별시 서대문구 모래내로15길 61
7031285,서울어울초등학교,서울특별시교육청,은평구,B10,서울특별시 은평구 통일로 650
7041099,동광초등학교,서울특별시교육청,금천구,B10,서울특별시 금천구 탑골로10길 45
7041100,서울가산초등학교,서울특별시교육청,금천구,B10,서울특별시 금천구 남부순환로 1304-11
7041101,서울개명초등학교,서울특별시교육청,구로구,B10,서울특별시 구로구 개봉로1다길 16-9
7041102,서울개봉초등학교,서울특별시교육청,구로구,B10,서울특별시 구로구 개봉로16길 30-11
7041103,서울개웅초등학교,서울특별시교육청,구로구,B10,서울특별시 구로구 개봉로11길 98
7041104,서울고산초등학교,서울특별시교육청,구로구,B10,서울특별시 구로구 중앙로 6
7041105,서울고원초등학교,서울특별시교육청,구로구,B10,서울특별시 구로구 경인로46길 13
7041106,서울고척초등학교,서울특별시교육청,구로구,B10,서울특별시 구로구 경서로 31
7041107,서울구로남초등학교,서울특별시교육청,구로구,B10,서울특별시 구로구 디지털로27길 76
7041108,서울구로초등학교,서울특별시교육청,구로구,B10,서울특별시 구로구 구로중앙로27나길 9
7041109,서울구일초등학교,서울특별시교육청,구로구,B10,서울특별시 구로구 구일로 68
7041110,서울금동초등학교,서울특별시교육청,금천구,B10,서울특별시 금천구 금하로30길 53
7041111,서울금산초등학교,서울특별시교육청,금천구,B10,서울특별시 금천구 시흥대로24길 57
7041112,서울금천초등학교,서울특별시교육청,금천구,B10,서울특별시 금천구 탑골로5길 60
7041113,서울당산초등학교,서울특별시교육청,영등포구,B10,서울특별시 영등포구 선유로55길 32
7041114,서울당서초등학교,서울특별시교육청,영등포구,B10,서울특별시 영등포구 당산로 187
7041115,서울당중초등학교,서울특별시교육청,영등포구,B10,서울특별시 영등포구 선유로 131
7041116,서울대길초등학교,서울특별시교육청,영등포구,B10,서울특별시 영등포구 대방천로 206
7041117,서울대동초등학교,서울특별시교육청,영등포구,B10,서울특별시 영등포구 대림로21길 6
7041118,서울대방초등학교,서울특별시교육청,영등포구,B10,서울특별시 영등포구 여의대방로35길 14
7041119,서울대영초등학교,서울특별시교육청,영등포구,B10,서울특별시 영등포구 신길로23길 43
7041120,서울덕의초등학교,서울특별시교육청,구로구,B10,서울특별시 구로구 고척로 213
7041121,서울도림초등학교,서울특별시교육청,영등포구,B10,서울특별시 영등포구 가마산로65길 22
7041122,서울도신초등학교,서울특별시교육청,영등포구,B10,서울특별시 영등포구 도림로53길 32-9
7041123,서울독산초등학교,서울특별시교육청,금천구,B10,서울특별시 금천구 시흥대로104길 31
7041124,서울동구로초등학교,서울특별시교육청,구로구,B10,서울특별시 구로구 구로중앙로14길 43
7041125,서울두산초등학교,서울특별시교육청,금천구,B10,서울특별시 금천구 범안로11길 3
7041126,서울매봉초등학교,서울특별시교육청,구로구,B10,서울특별시 구로구 고척로21길 55
7041127,서울문교초등학교,서울특별시교육청,금천구,B10,서울특별시 금천구 독산로54길 102
7041128,서울문래초등학교,서울특별시교육청,영등포구,B10,서울특별시 영등포구 문래로 104
7041129,서울문백초등학교,서울특별시교육청,금천구,B10,서울특별시 금천구 시흥대로47길 43-1
7041130,서울문성초등학교,서울특별시교육청,금천구,B10,서울특별시 금천구 시흥대로 460
7041131,서울미래초등학교,서울특별시교육청,구로구,B10,서울특별시 구로구 새말로 73
7041132,서울백산초등학교,서울특별시교육청,금천구,B10,서울특별시 금천구 시흥대로38길 78
7041133,서울선유초등학교,서울특별시교육청,영등포구,B10,서울특별시 영등포구 선유로43가길 14
7041134,서울세곡초등학교,서울특별시교육청,구로구,B10,서울특별시 구로구 고척로33길 34
7041135,서울시흥초등학교,서울특별시교육청,금천구,B10,서울특별시 금천구 독산로23길 26
7041136,서울신구로초등학교,서울특별시교육청,구로구,B10,서울특별시 구로구 가마산로27길 69
7041137,서울신대림초등학교,서울특별시교육청,영등포구,B10,서울특별시 영등포구 대림로8길 25
7041138,서울신도림초등학교,서울특별시교육청,구로구,B10,서울특별시 구로구 신도림로19길 44
7041139,서울신미림초등학교,서울특별시교육청,구로구,B10,서울특별시 구로구 신도림로 26
7041140,서울신영초등학교,서울특별시교육청,영등포구,B10,서울특별시 영등포구 도신로4길 32
7041141,서울신흥초등학교,서울특별시교육청,금천구,B10,서울특별시 금천구 독산로36나길 21
7041142,서울안천초등학교,서울특별시교육청,금천구,B10,서울특별시 금천구 한내로 69-16
7041143,서울여의도초등학교,서울특별시교육청,영등포구,B10,서울특별시 영등포구 여의대방로 439
7041144,서울영남초등학교,서울특별시교육청,금천구,B10,서울특별시 금천구 문성로 62-15
7041145,서울영동초등학교,서울특별시교육청,영등포구,B10,서울특별시 영등포구 국회대로53길 20
7041146,서울영등포초등학교,서울특별시교육청,영등포구,B10,서울특별시 영등포구 경인로 756
7041147,서울영림초등학교,서울특별시교육청,영등포구,B10,서울특별시 영등포구 시흥대로173길 14
7041148,서울영문초등학교,서울특별시교육청,영등포구,B10,서울특별시 영등포구 문래로 56
7041149,서울영서초등학교,서울특별시교육청,구로구,B10,서울특별시 구로구 도림로20길 57
7041150,서울영신초등학교,서울특별시교육청,영등포구,B10,서울특별시 영등포구 도신로60길 23
7041151,서울영원초등학교,서울특별시교육청,영등포구,B10,서울특별시 영등포구 도영로 22길 31
7041152,서울영일초등학교,서울특별시교육청,구로구,B10,서울특별시 구로구 남부순환로105길 218
7041153,서울영중초등학교,서울특별시교육청,영등포구,B10,서울특별시 영등포구 양산로 185
7041154,서울오류남초등학교,서울특별시교육청,구로구,B10,서울특별시 구로구 서해안로24길 22
7041155,서울오류초등학교,서울특별시교육청,구로구,B10,서울특별시 구로구 경인로19길 39
7041156,서울오정초등학교,서울특별시교육청,구로구,B10,서울특별시 구로구 경인로2길 10
7041157,서울온수초등학교,서울특별시교육청,구로구,B10,서울특별시 구로구 부일로 893
7041158,서울우신초등학교,서울특별시교육청,영등포구,B10,서울특별시 영등포구 신길로 190
7041159,서울윤중초등학교,서울특별시교육청,영등포구,B10,서울특별시 영등포구 여의나루로2길 14
7041160,서울정심초등학교,서울특별시교육청,금천구,B10,서울특별시 금천구 독산로78다길 89
7041161,서울탑동초등학교,서울특별시교육청,금천구,B10,서울특별시 금천구 탑골로 47-3
7041209,서울천왕초등학교,서울특별시교육청,구로구,B10,서울특별시 구로구 천왕로1길 11
7041254,서울천이초등학교,서울특별시교육청,구로구,B10,서울특별시 구로구 오류로 30
7041260,서울금나래초등학교,서울특별시교육청,금천구,B10,서울특별시 금천구 시흥대로79길 37
7041266,서울하늘숲초등학교,서울특별시교육청,구로구,B10,서울특별시 구로구 오리로 1106
7041267,서울항동초등학교,서울특별시교육청,구로구,B10,서울특별시 구로구 연동로 178
7051109,동북초등학교,서울특별시교육청,도봉구,B10,서울특별시 도봉구 시루봉로 53
7051110,상명초등학교,서울특별시교육청,노원구,B10,서울특별시 노원구 덕릉로 541
7051111,서울가인초등학교,서울특별시교육청,도봉구,B10,서울특별시 도봉구 도봉로136다길 4
7051112,서울계상초등학교,서울특별시교육청,노원구,B10,서울특별시 노원구 한글비석로41가길 24
7051113,서울공릉초등학교,서울특별시교육청,노원구,B10,서울특별시 노원구 동일로173길 12
7051114,서울공연초등학교,서울특별시교육청,노원구,B10,서울특별시 노원구 동일로192가길 16
7051115,서울노원초등학교,서울특별시교육청,노원구,B10,서울특별시 노원구 동일로230나길 32
7051116,서울노일초등학교,서울특별시교육청,노원구,B10,서울특별시 노원구 동일로 1625
7051117,서울녹천초등학교,서울특별시교육청,노원구,B10,서울특별시 노원구 마들로3길 34
7051118,서울누원초등학교,서울특별시교육청,도봉구,B10,서울특별시 도봉구 마들로 859-44
7051119,서울당현초등학교,서울특별시교육청,노원구,B10,서울특별시 노원구 동일로213길 52
7051120,서울덕암초등학교,서울특별시교육청,노원구,B10,서울특별시 노원구 덕릉로112길 68
7051121,서울도봉초등학교,서울특별시교육청,도봉구,B10,서울특별시 도봉구 도봉산길 27
7051122,서울동일초등학교,서울특별시교육청,노원구,B10,서울특별시 노원구 한글비석로 566
7051123,서울방학초등학교,서울특별시교육청,도봉구,B10,서울특별시 도봉구 도당로9길 34
7051124,서울백운초등학교,서울특별시교육청,도봉구,B10,서울특별시 도봉구 삼양로146길 17
7051125,서울불암초등학교,서울특별시교육청,노원구,B10,서울특별시 노원구 중계로 178
7051126,서울상경초등학교,서울특별시교육청,노원구,B10,서울특별시 노원구 수락산로 237
7051127,서울상계초등학교,서울특별시교육청,노원구,B10,서울특별시 노원구 상계로9길 39
7051128,서울상곡초등학교,서울특별시교육청,노원구,B10,서울특별시 노원구 노원로38길 34
7051129,서울상수초등학교,서울특별시교육청,노원구,B10,서울특별시 노원구 동일로216길 66
7051130,서울상원초등학교,서울특별시교육청,노원구,B10,서울특별시 노원구 한글비석로54길 119
7051131,서울상월초등학교,서울특별시교육청,노원구,B10,서울특별시 노원구 동일로221길 27
7051132,서울상천초등학교,서울특별시교육청,노원구,B10,서울특별시 노원구 덕릉로 443
7051133,서울선곡초등학교,서울특별시교육청,노원구,B10,서울특별시 노원구 광운로2길 1
7051134,서울수락초등학교,서울특별시교육청,노원구,B10,서울특별시 노원구 동일로 1745
7051135,서울수암초등학교,서울특별시교육청,노원구,B10,서울특별시 노원구 중계로12길 9
7051136,서울숭미초등학교,서울특별시교육청,도봉구,B10,서울특별시 도봉구 노해로 179
7051137,서울신계초등학교,서울특별시교육청,노원구,B10,서울특별시 노원구 초안산로 29
7051138,서울신방학초등학교,서울특별시교육청,도봉구,B10,서울특별시 도봉구 시루봉로 173
7051139,서울신상계초등학교,서울특별시교육청,노원구,B10,서울특별시 노원구 상계로 267
7051140,서울신창초등학교,서울특별시교육청,도봉구,B10,서울특별시 도봉구 덕릉로60길 93
7051141,서울신학초등학교,서울특별시교육청,도봉구,B10,서울특별시 도봉구 방학로 247-21
7051142,서울신화초등학교,서울특별시교육청,도봉구,B10,서울특별시 도봉구 우이천로 120
7051143,서울쌍문초등학교,서울특별시교육청,도봉구,B10,서울특별시 도봉구 우이천로 360
7051144,서울연지초등학교,서울특별시교육청,노원구,B10,서울특별시 노원구 월계로55길 48
7051145,서울연촌초등학교,서울특별시교육청,노원구,B10,서울특별시 노원구 공릉로58길 36
7051146,서울오봉초등학교,서울특별시교육청,도봉구,B10,서울특별시 도봉구 시루봉로 285
7051147,서울온곡초등학교,서울특별시교육청,노원구,B10,서울특별시 노원구 한글비석로52길 59
7051148,서울용동초등학교,서울특별시교육청,노원구,B10,서울특별시 노원구 한글비석로1길 81-11
7051149,서울용원초등학교,서울특별시교육청,노원구,B10,서울특별시 노원구 섬밭로 144
7051150,서울원광초등학교,서울특별시교육청,노원구,B10,서울특별시 노원구 덕릉로76길 18
7051151,서울월계초등학교,서울특별시교육청,노원구,B10,서울특별시 노원구 월계로45가길 10
7051152,서울월천초등학교,서울특별시교육청,도봉구,B10,서울특별시 도봉구 노해로70길 96
7051153,서울을지초등학교,서울특별시교육청,노원구,B10,서울특별시 노원구 중계로 239
7051154,서울자운초등학교,서울특별시교육청,도봉구,B10,서울특별시 도봉구 마들로13길 166
7051155,서울중계초등학교,서울특별시교육청,노원구,B10,서울특별시 노원구 한글비석로19길 39
7051156,서울중원초등학교,서울특별시교육청,노원구,B10,서울특별시 노원구 섬밭로 316
7051157,서울중평초등학교,서울특별시교육청,노원구,B10,서울특별시 노원구 섬밭로 241
7051158,서울중현초등학교,서울특별시교육청,노원구,B10,서울특별시 노원구 섬밭로 181
7051159,서울창경초등학교,서울특별시교육청,도봉구,B10,서울특별시 도봉구 도봉로129길 54
7051160,서울창도초등학교,서울특별시교육청,도봉구,B10,서울특별시 도봉구 방학로 32-28
7051161,서울창동초등학교,서울특별시교육청,도봉구,B10,서울특별시 도봉구 해등로16길 81
7051162,서울창림초등학교,서울특별시교육청,도봉구,B10,서울특별시 도봉구 덕릉로63길 46
7051163,서울창원초등학교,서울특별시교육청,도봉구,B10,서울특별시 도봉구 해등로 103
7051164,서울창일초등학교,서울특별시교육청,도봉구,B10,서울특별시 도봉구 노해로66길 84
7051165,서울청계초등학교,서울특별시교육청,노원구,B10,서울특별시 노원구 공릉로 431
7051166,서울초당초등학교,서울특별시교육청,도봉구,B10,서울특별시 도봉구 해등로32길 11
7051167,서울태랑초등학교,서울특별시교육청,노원구,B10,서울특별시 노원구 화랑로51나길 31
7051168,서울태릉초등학교,서울특별시교육청,노원구,B10,서울특별시 노원구 노원로1길 36
7051169,서울한천초등학교,서울특별시교육청,노원구,B10,서울특별시 노원구 마들로 45
7051170,청원초등학교,서울특별시교육청,노원구,B10,서울특별시 노원구 한글비석로 506
7051171,태강삼육초등학교,서울특별시교육청,노원구,B10,서울특별시 노원구 화랑로 815
7051172,한신초등학교,서울특별시교육청,도봉구,B10,서울특별시 도봉구 노해로49길 69
7051173,화랑초등학교,서울특별시교육청,노원구,B10,서울특별시 노원구 화랑로 621
7061054,동산초등학교,서울특별시교육청,중구,B10,서울특별시 중구 매봉18길 109
7061055,리라초등학교,서울특별시교육청,중구,B10,서울특별시 중구 소파로2길 7
7061056,상명대학교사범대학부속초등학교,서울특별시교육청,종로구,B10,서울특별시 종로구 홍지문2길 1
7061057,서울광희초등학교,서울특별시교육청,중구,B10,서울특별시 중구 다산로 269
7061058,서울교동초등학교,서울특별시교육청,종로구,B10,서울특별시 종로구 삼일대로 446
7061059,서울금양초등학교,서울특별시교육청,용산구,B10,서울특별시 용산구 효창원로 137
7061060,서울남산초등학교,서울특별시교육청,중구,B10,서울특별시 중구 퇴계로22길 17
7061061,서울남정초등학교,서울특별시교육청,용산구,B10,서울특별시 용산구 원효로64길 17-10
7061062,서울덕수초등학교,서울특별시교육청,중구,B10,서울특별시 중구 덕수궁길 140
7061063,서울독립문초등학교,서울특별시교육청,종로구,B10,서울특별시 종로구 통일로12길 23
7061064,서울매동초등학교,서울특별시교육청,종로구,B10,서울특별시 종로구 사직로9길 19
7061065,서울명신초등학교,서울특별시교육청,종로구,B10,서울특별시 종로구 낙산길 250
7061066,서울보광초등학교,서울특별시교육청,용산구,B10,서울특별시 용산구 우사단로 20
7061067,서울봉래초등학교,서울특별시교육청,중구,B10,서울특별시 중구 손기정로 73
7061068,서울삼광초등학교,서울특별시교육청,용산구,B10,서울특별시 용산구 두텁바위로1나길 19
7061069,서울서빙고초등학교,서울특별시교육청,용산구,B10,서울특별시 용산구 서빙고로51길 14
7061070,서울세검정초등학교,서울특별시교육청,종로구,B10,서울특별시 종로구 세검정로9길 1
7061072,서울신당초등학교,서울특별시교육청,중구,B10,서울특별시 중구 난계로 141
7061073,서울신용산초등학교,서울특별시교육청,용산구,B10,서울특별시 용산구 이촌로 255
7061074,서울용산초등학교,서울특별시교육청,용산구,B10,서울 용산구 한강대로57길 33
7061075,서울용암초등학교,서울특별시교육청,용산구,B10,서울특별시 용산구 녹사평대로60길 39
7061076,서울원효초등학교,서울특별시교육청,용산구,B10,서울특별시 용산구 효창원로13길 38
7061077,서울이태원초등학교,서울특별시교육청,용산구,B10,서울특별시 용산구 녹사평대로40길 19
7061078,서울장충초등학교,서울특별시교육청,중구,B10,서울특별시 중구 청구로17길 40
7061079,서울재동초등학교,서울특별시교육청,종로구,B10,서울특별시 종로구 북촌로4길 7
7061080,서울창신초등학교,서울특별시교육청,종로구,B10,서울특별시 종로구 지봉로 73
7061081,서울청구초등학교,서울특별시교육청,중구,B10,서울특별시 중구 다산로 170
7061082,서울청운초등학교,서울특별시교육청,종로구,B10,서울특별시 종로구 자하문로 105
7061083,서울청파초등학교,서울특별시교육청,용산구,B10,서울특별시 용산구 효창원로 228
7061084,서울충무초등학교,서울특별시교육청,중구,B10,서울 중구 퇴계로50길 13
7061085,서울한강초등학교,서울특별시교육청,용산구,B10,서울특별시 용산구 한강대로14길 9
7061086,서울한남초등학교,서울특별시교육청,용산구,B10,서울특별시 용산구 한남대로 112
7061087,서울혜화초등학교,서울특별시교육청,종로구,B10,서울특별시 종로구 혜화로 32
7061088,서울효제초등학교,서울특별시교육청,종로구,B10,서울특별시 종로구 대학로 12
7061089,서울후암초등학교,서울특별시교육청,용산구,B10,서울특별시 용산구 두텁바위로 140
7061090,서울흥인초등학교,서울특별시교육청,중구,B10,서울특별시 중구 청구로6길 11
7061091,숭의초등학교,서울특별시교육청,중구,B10,서울특별시 중구 소파로2길 10
7061092,신광초등학교,서울특별시교육청,용산구,B10,서울특별시 용산구 청파로 263
7061093,운현초등학교,서울특별시교육청,종로구,B10,서울특별시 종로구 삼일대로 460
7061128,서울대학교사범대학부설초등학교,서울특별시교육청,종로구,B10,서울특별시 종로구 대학로 64
7081418,서울가곡초등학교,서울특별시교육청,강서구,B10,서울특별시 강서구 공항대로36길 74
7081419,서울가양초등학교,서울특별시교육청,강서구,B10,서울 강서구 허준로 186
7081420,서울갈산초등학교,서울특별시교육청,양천구,B10,서울특별시 양천구 목동로 31
7081421,서울강서초등학교,서울특별시교육청,양천구,B10,서울특별시 양천구 오목로 31
7081422,서울강신초등학교,서울특별시교육청,양천구,B10,서울특별시 양천구 월정로 280
7081423,서울강월초등학교,서울특별시교육청,양천구,B10,서울특별시 양천구 신월로 97
7081424,서울개화초등학교,서울특별시교육청,강서구,B10,서울특별시 강서구 양천로 11
7081425,서울경인초등학교,서울특별시교육청,양천구,B10,서울특별시 양천구 안양천로 1009
7081426,서울계남초등학교,서울특별시교육청,양천구,B10,서울특별시 양천구 목동동로2길 54
7081427,서울공진초등학교,서울특별시교육청,강서구,B10,서울특별시 강서구 마곡서로 33
7081428,서울공항초등학교,서울특별시교육청,강서구,B10,서울특별시 강서구 마곡서1로 68
7081429,서울남명초등학교,서울특별시교육청,양천구,B10,서울특별시 양천구 중앙로23길 3
7081430,서울내발산초등학교,서울특별시교육청,강서구,B10,서울특별시 강서구 강서로46길 23
7081431,서울등마초등학교,서울특별시교육청,강서구,B10,서울특별시 강서구 등촌로35길 12
7081432,서울등명초등학교,서울특별시교육청,강서구,B10,서울특별시 강서구 강서로56나길 34
7081433,서울등서초등학교,서울특별시교육청,강서구,B10,서울특별시 강서구 화곡로58길 86
7081434,서울등양초등학교,서울특별시교육청,강서구,B10,서울특별시 강서구 강서로56나길 140
7081435,서울등원초등학교,서울특별시교육청,강서구,B10,서울특별시 강서구 화곡로65길 90
7081436,서울등촌초등학교,서울특별시교육청,강서구,B10,서울특별시 강서구 등촌로39길 71
7081437,서울등현초등학교,서울특별시교육청,강서구,B10,서울특별시 강서구 화곡로65길 124
7081438,서울목동초등학교,서울특별시교육청,양천구,B10,서울특별시 양천구 목동동로12길 12
7081439,서울목운초등학교,서울특별시교육청,양천구,B10,서울특별시 양천구 목동동로 235
7081440,서울목원초등학교,서울특별시교육청,양천구,B10,서울특별시 양천구 목동중앙로 204
7081441,서울발산초등학교,서울특별시교육청,강서구,B10,서울특별시 강서구 강서로45길 113
7081442,서울방화초등학교,서울특별시교육청,강서구,B10,서울특별시 강서구 양천로6길 92
7081443,서울백석초등학교,서울특별시교육청,강서구,B10,서울특별시 강서구 공항대로 491
7081444,서울삼정초등학교,서울특별시교육청,강서구,B10,서울특별시 강서구 금낭화로 222
7081445,서울서정초등학교,서울특별시교육청,양천구,B10,서울특별시 양천구 목동로8길 19
7081446,서울송정초등학교,서울특별시교육청,강서구,B10,서울특별시 강서구 공항대로3길 18
7081447,서울송화초등학교,서울특별시교육청,강서구,B10,서울특별시 강서구 방화대로34길 2
7081448,서울수명초등학교,서울특별시교육청,강서구,B10,서울특별시 강서구 수명로1길 84
7081449,서울신강초등학교,서울특별시교육청,양천구,B10,서울특별시 양천구 중앙로55길 72
7081450,서울신곡초등학교,서울특별시교육청,강서구,B10,서울특별시 강서구 등촌로13자길 42-14
7081451,서울신기초등학교,서울특별시교육청,양천구,B10,서울특별시 양천구 신정로 292
7081452,서울신남초등학교,서울특별시교육청,양천구,B10,서울특별시 양천구 남부순환로83길
7081453,서울신목초등학교,서울특별시교육청,양천구,B10,서울특별시 양천구 신목로5길 11-6
7081454,서울신서초등학교,서울특별시교육청,양천구,B10,서울특별시 양천구 목동서로10길 35
7081455,서울신원초등학교,서울특별시교육청,양천구,B10,서울특별시 양천구 남부순환로58길 32
7081456,서울신월초등학교,서울특별시교육청,강서구,B10,서울특별시 강서구 강서로31길 48
7081457,서울신정초등학교,서울특별시교육청,강서구,B10,서울특별시 강서구 곰달래로31가길 27
7081458,서울양강초등학교,서울특별시교육청,양천구,B10,서울특별시 양천구 오목로 101
7081459,서울양동초등학교,서울특별시교육청,양천구,B10,서울특별시 양천구 오목로23길 24
7081460,서울양명초등학교,서울특별시교육청,양천구,B10,서울특별시 양천구 중앙로 204
7081461,서울양목초등학교,서울특별시교육청,양천구,B10,서울특별시 양천구 목동로11길 30
7081462,서울양원초등학교,서울특별시교육청,양천구,B10,서울특별시 양천구 화곡로 16
7081463,서울양천초등학교,서울특별시교육청,강서구,B10,서울특별시 강서구 양천로 329
7081464,서울양화초등학교,서울특별시교육청,양천구,B10,서울특별시 양천구 목동중앙북로16길 57
7081466,서울염경초등학교,서울특별시교육청,강서구,B10,서울특별시 강서구 양천로69길 49
7081467,서울염동초등학교,서울특별시교육청,강서구,B10,서울특별시 강서구 양천로73길 17
7081468,서울염창초등학교,서울특별시교육청,강서구,B10,서울특별시 강서구 양천로 646-28
7081469,서울영도초등학교,서울특별시교육청,양천구,B10,서울특별시 양천구 목동중앙로 70
7081470,서울우장초등학교,서울특별시교육청,강서구,B10,서울특별시 강서구 화곡로 263
7081471,서울월정초등학교,서울특별시교육청,강서구,B10,서울특별시 강서구 월정로 176
7081472,서울월촌초등학교,서울특별시교육청,양천구,B10,서울특별시 양천구 목동중앙로 132
7081473,서울은정초등학교,서울특별시교육청,양천구,B10,서울특별시 양천구 목동남로 85
7081474,서울장수초등학교,서울특별시교육청,양천구,B10,서울특별시 양천구 신정로13가길 30
7081475,서울정곡초등학교,서울특별시교육청,강서구,B10,서울특별시 강서구 방화대로50길 22
7081476,서울정목초등학교,서울특별시교육청,양천구,B10,서울특별시 양천구 목동중앙로3길 30-10
7081477,서울지향초등학교,서울특별시교육청,양천구,B10,서울특별시 양천구 신정로11길 74
7081478,서울치현초등학교,서울특별시교육청,강서구,B10,서울특별시 강서구 방화대로47길 43
7081479,서울탑산초등학교,서울특별시교육청,강서구,B10,서울특별시 강서구 허준로 109
7081480,서울화곡초등학교,서울특별시교육청,강서구,B10,서울특별시 강서구 초록마을로 28
7081481,서울화일초등학교,서울특별시교육청,강서구,B10,서울특별시 강서구 까치산로10길 70
7081482,서울신은초등학교,서울특별시교육청,양천구,B10,서울특별시 양천구 신정이펜2로 30
7081483,유석초등학교,서울특별시교육청,강서구,B10,서울특별시 강서구 화곡로69길 9
7091367,서울교육대학교부설초등학교,서울특별시교육청,서초구,B10,서울특별시 서초구 서초중앙로 96
7091368,계성초등학교,서울특별시교육청,서초구,B10,서울특별시 서초구 신반포로19길 23
7091369,서울개원초등학교,서울특별시교육청,강남구,B10,서울특별시 강남구 선릉로 29
7091370,서울개일초등학교,서울특별시교육청,강남구,B10,서울특별시 강남구 개포로 401
7091371,서울개포초등학교,서울특별시교육청,강남구,B10,서울특별시 강남구 삼성로4길 30
7091372,서울구룡초등학교,서울특별시교육청,강남구,B10,서울특별시 강남구 개포로 263
7091373,서울논현초등학교,서울특별시교육청,강남구,B10,서울특별시 강남구 강남대로120길 33
7091374,서울대곡초등학교,서울특별시교육청,강남구,B10,서울특별시 강남구 남부순환로 3022
7091375,서울대도초등학교,서울특별시교육청,강남구,B10,서울특별시 강남구 선릉로 209
7091376,서울대모초등학교,서울특별시교육청,강남구,B10,서울특별시 강남구 광평로20길 27
7091377,서울대왕초등학교,서울특별시교육청,강남구,B10,서울특별시 강남구 헌릉로618길 8
7091378,서울대진초등학교,서울특별시교육청,강남구,B10,서울특별시 강남구 개포로109길 74
7091379,서울대청초등학교,서울특별시교육청,강남구,B10,서울특별시 강남구 양재대로55길 28
7091380,서울대치초등학교,서울특별시교육청,강남구,B10,서울특별시 강남구 양재천로 363
7091381,서울대현초등학교,서울특별시교육청,강남구,B10,서울특별시 강남구 역삼로98길 16
7091382,서울도곡초등학교,서울특별시교육청,강남구,B10,서울특별시 강남구 선릉로64길 33
7091383,서울도성초등학교,서울특별시교육청,강남구,B10,서울특별시 강남구 역삼로 313
7091384,서울매헌초등학교,서울특별시교육청,서초구,B10,서울특별시 서초구 언남길 8
7091385,서울반원초등학교,서울특별시교육청,서초구,B10,서울특별시 서초구 잠원로3길 28
7091386,서울반포초등학교,서울특별시교육청,서초구,B10,서울특별시 서초구 신반포로 55-4
7091387,서울방배초등학교,서울특별시교육청,서초구,B10,서울특별시 서초구 방배중앙로13길 26
7091388,서울방일초등학교,서울특별시교육청,서초구,B10,서울특별시 서초구 방배로18길 52
7091389,서울방현초등학교,서울특별시교육청,서초구,B10,서울특별시 서초구 효령로4길 58
7091390,서울봉은초등학교,서울특별시교육청,강남구,B10,서울특별시 강남구 학동로 610
7091391,서울삼릉초등학교,서울특별시교육청,강남구,B10,서울특별시 강남구 봉은사로63길 22
7091392,서울서래초등학교,서울특별시교육청,서초구,B10,서울특별시 서초구 방배로 260
7091393,서울서원초등학교,서울특별시교육청,서초구,B10,서울특별시 서초구 고무래로 63
7091394,서울서이초등학교,서울특별시교육청,서초구,B10,서울특별시 서초구 서운로 35
7091395,서울서일초등학교,서울특별시교육청,서초구,B10,서울특별시 서초구 남부순환로339길 38
7091396,서울서초초등학교,서울특별시교육청,서초구,B10,서울특별시 서초구 서운로 178
7091397,서울수서초등학교,서울특별시교육청,강남구,B10,서울특별시 강남구 광평로51길 46
7091398,서울신구초등학교,서울특별시교육청,강남구,B10,서울특별시 강남구 압구정로18길 28
7091399,서울신동초등학교,서울특별시교육청,서초구,B10,서울특별시 서초구 나루터로 15
7091400,서울신중초등학교,서울특별시교육청,서초구,B10,서울특별시 서초구 남부순환로317길 15
7091401,서울압구정초등학교,서울특별시교육청,강남구,B10,서울특별시 강남구 압구정로39길 29
7091402,서울양재초등학교,서울특별시교육청,서초구,B10,서울특별시 서초구 바우뫼로18길 14
7091403,서울양전초등학교,서울특별시교육청,강남구,B10,서울특별시 강남구 개포로 513
7091404,서울언남초등학교,서울특별시교육청,서초구,B10,서울특별시 서초구 헌릉로8길 42
7091405,서울언북초등학교,서울특별시교육청,강남구,B10,서울특별시 강남구 삼성로135길 42
7091406,서울언주초등학교,서울특별시교육청,강남구,B10,서울특별시 강남구 남부순환로363길 19
7091407,서울역삼초등학교,서울특별시교육청,강남구,B10,서울특별시 강남구 강남대로66길 21
7091408,서울영희초등학교,서울특별시교육청,강남구,B10,서울특별시 강남구 일원로 21
7091409,서울왕북초등학교,서울특별시교육청,강남구,B10,서울특별시 강남구 광평로31길 74
7091410,서울우암초등학교,서울특별시교육청,서초구,B10,서울특별시 서초구 바우뫼로7길 38
7091411,서울원명초등학교,서울특별시교육청,서초구,B10,서울특별시 서초구 고무래로 90-6
7091412,서울원촌초등학교,서울특별시교육청,서초구,B10,서울특별시 서초구 사평대로45길 26
7091413,서울이수초등학교,서울특별시교육청,서초구,B10,서울특별시 서초구 방배천로4길 23
7091414,서울일원초등학교,서울특별시교육청,강남구,B10,서울특별시 강남구 영동대로4길 20
7091415,서울잠원초등학교,서울특별시교육청,서초구,B10,서울특별시 서초구 신반포로16길 15-25
7091416,서울청담초등학교,서울특별시교육청,강남구,B10,서울특별시 강남구 압구정로71길 9
7091417,서울포이초등학교,서울특별시교육청,강남구,B10,서울특별시 강남구 개포로22길 87
7091418,서울학동초등학교,서울특별시교육청,강남구,B10,서울특별시 강남구 선릉로115길 42
7091419,서울우면초등학교,서울특별시교육청,서초구,B10,서울특별시 서초구 태봉로
7091458,서울세명초등학교,서울특별시교육청,강남구,B10,서울특별시 강남구 자곡로 55
7091460,서울우솔초등학교,서울특별시교육청,서초구,B10,서울특별시 서초구 양재대로2길 74
7091468,서울율현초등학교,서울특별시교육청,강남구,B10,서울특별시 강남구 밤고개로21길 15
7091469,서울자곡초등학교,서울특별시교육청,강남구,B10,서울특별시 강남구 자곡로 150
7091496,서울개현초등학교,서울특별시교육청,강남구,B10,서울특별시 강남구 선릉로 15
7121298,서울개운초등학교,서울특별시교육청,성북구,B10,서울특별시 성북구 정릉로48길 52
7121299,서울길원초등학교,서울특별시교육청,성북구,B10,서울특별시 성북구 길음로15길 55
7121300,서울길음초등학교,서울특별시교육청,성북구,B10,서울특별시 성북구 길음로 142
7121301,서울돈암초등학교,서울특별시교육청,성북구,B10,서울특별시 성북구 동소문로13길 38
7121302,서울동신초등학교,서울특별시교육청,성북구,B10,서울특별시 성북구 보문사길 50
7121303,서울미아초등학교,서울특별시교육청,성북구,B10,서울특별시 성북구 삼양로 77
7121304,서울미양초등학교,서울특별시교육청,강북구,B10,서울특별시 강북구 솔샘로 195
7121305,서울번동초등학교,서울특별시교육청,강북구,B10,서울특별시 강북구 오현로 204
7121306,서울삼각산초등학교,서울특별시교육청,강북구,B10,서울특별시 강북구 삼양로19길 141
7121307,서울삼선초등학교,서울특별시교육청,성북구,B10,서울특별시 성북구 보문로29길 106
7121308,서울삼양초등학교,서울특별시교육청,강북구,B10,서울특별시 강북구 삼양로49길 17
7121309,서울석계초등학교,서울특별시교육청,성북구,B10,서울특별시 성북구 한천로58길 273
7121310,서울석관초등학교,서울특별시교육청,성북구,B10,서울특별시 성북구 돌곶이로22길 21
7121311,서울성북초등학교,서울특별시교육청,성북구,B10,서울특별시 성북구 성북로 102-10
7121312,서울송중초등학교,서울특별시교육청,강북구,B10,서울특별시 강북구 오현로 9
7121313,서울송천초등학교,서울특별시교육청,강북구,B10,서울특별시 강북구 삼양로20길 29
7121314,서울수송초등학교,서울특별시교육청,강북구,B10,서울특별시 강북구 한천로124길 14
7121315,서울수유초등학교,서울특별시교육청,강북구,B10,서울특별시 강북구 삼양로74길 39
7121316,서울숭곡초등학교,서울특별시교육청,성북구,B10,서울특별시 성북구 종암로40길 30
7121317,서울숭덕초등학교,서울특별시교육청,성북구,B10,서울특별시 성북구 정릉로 279
7121318,서울숭례초등학교,서울특별시교육청,성북구,B10,서울특별시 성북구 종암로5길 14
7121319,서울숭인초등학교,서울특별시교육청,성북구,B10,서울특별시 성북구 오패산로16길 37
7121320,서울안암초등학교,서울특별시교육청,성북구,B10,서울특별시 성북구 고려대로7가길 39
7121321,서울오현초등학교,서울특별시교육청,강북구,B10,서울특별시 강북구 월계로 221
7121322,서울우이초등학교,서울특별시교육청,강북구,B10,서울특별시 강북구 삼양로99길 36
7121323,서울월곡초등학교,서울특별시교육청,성북구,B10,서울특별시 성북구 장월로3길 42
7121324,서울유현초등학교,서울특별시교육청,강북구,B10,서울특별시 강북구 인수봉로37길 24
7121325,서울인수초등학교,서울특별시교육청,강북구,B10,서울특별시 강북구 인수봉로 269
7121326,서울일신초등학교,서울특별시교육청,성북구,B10,서울특별시 성북구 월곡로 74
7121327,서울장곡초등학교,서울특별시교육청,성북구,B10,서울특별시 성북구 장월로23길 16
7121328,서울장월초등학교,서울특별시교육청,성북구,B10,서울특별시 성북구 한천로101길 66
7121329,서울장위초등학교,서울특별시교육청,성북구,B10,서울특별시 성북구 장월로8가길 41
7121330,서울정덕초등학교,서울특별시교육청,성북구,B10,서울특별시 성북구 아리랑로 63
7121331,서울정릉초등학교,서울특별시교육청,성북구,B10,서울특별시 성북구 솔샘로25가길 8
7121332,서울정수초등학교,서울특별시교육청,성북구,B10,서울특별시 성북구 정릉로24길 58
7121333,서울청덕초등학교,서울특별시교육청,성북구,B10,서울특별시 성북구 정릉로9라길 11
7121334,서울화계초등학교,서울특별시교육청,강북구,B10,서울특별시 강북구 솔매로50가길 25
7121335,광운초등학교,서울특별시교육청,성북구,B10,서울특별시 성북구 한천로 694
7121336,대광초등학교,서울특별시교육청,성북구,B10,서울특별시 성북구 안암로 5
7121337,매원초등학교,서울특별시교육청,성북구,B10,서울특별시 성북구 북악산로 870
7121338,성신초등학교,서울특별시교육청,성북구,B10,서울특별시 성북구 북악산로 918
7121339,영훈초등학교,서울특별시교육청,강북구,B10,서울특별시 강북구 도봉로13가길 19
7121340,우촌초등학교,서울특별시교육청,성북구,B10,서울특별시 성북구 성북로4길 52-1
7130101,서울가동초등학교,서울특별시교육청,송파구,B10,서울특별시 송파구 중대로20길 47
7130102,서울가락초등학교,서울특별시교육청,송파구,B10,서울특별시 송파구 송파대로37길 45
7130103,서울가원초등학교,서울특별시교육청,송파구,B10,서울특별시 송파구 중대로4길 8
7130104,서울가주초등학교,서울특별시교육청,송파구,B10,서울특별시 송파구 오금로40길 37
7130105,서울강덕초등학교,서울특별시교육청,강동구,B10,서울특별시 강동구 동남로82길 94-54
7130106,서울강동초등학교,서울특별시교육청,강동구,B10,서울특별시 강동구 상암로14길 77
7130107,서울강명초등학교,서울특별시교육청,강동구,B10,서울특별시 강동구 상일로 74-1
7130108,서울강일초등학교,서울특별시교육청,강동구,B10,서울특별시 강동구 아리수로98길 24
7130109,서울개롱초등학교,서울특별시교육청,송파구,B10,서울특별시 송파구 문정로 211
7130110,서울거여초등학교,서울특별시교육청,송파구,B10,서울특별시 송파구 마천로25길 18
7130111,서울거원초등학교,서울특별시교육청,송파구,B10,서울특별시 송파구 양산로2길 26
7130112,서울고덕초등학교,서울특별시교육청,강동구,B10,서울특별시 강동구 아리수로82길 42
7130113,서울고명초등학교,서울특별시교육청,강동구,B10,서울특별시 강동구 고덕로46길 53
7130114,서울고일초등학교,서울특별시교육청,강동구,B10,서울특별시 강동구 구천면로93길 20
7130115,서울길동초등학교,서울특별시교육청,강동구,B10,서울특별시 강동구 양재대로116길 69
7130116,서울남천초등학교,서울특별시교육청,송파구,B10,서울특별시 송파구 성내천로 207
7130117,서울대명초등학교,서울특별시교육청,강동구,B10,서울특별시 강동구 상암로 271
7130118,서울둔촌초등학교,서울특별시교육청,강동구,B10,서울특별시 강동구 양재대로88길 27
7130119,서울마천초등학교,서울특별시교육청,송파구,B10,서울특별시 송파구 마천로61다길 24
7130120,서울명덕초등학교,서울특별시교육청,강동구,B10,서울특별시 강동구 양재대로156길 11
7130121,서울명원초등학교,서울특별시교육청,강동구,B10,서울특별시 강동구 명일로 364
7130122,서울명일초등학교,서울특별시교육청,강동구,B10,서울특별시 강동구 고덕로38길 8
7130123,서울묘곡초등학교,서울특별시교육청,강동구,B10,서울특별시 강동구 동남로79길 46
7130124,서울문덕초등학교,서울특별시교육청,송파구,B10,서울특별시 송파구 송이로34길 60
7130125,서울문정초등학교,서울특별시교육청,송파구,B10,서울특별시 송파구 문정로5길 20
7130126,서울문현초등학교,서울특별시교육청,송파구,B10,서울특별시 송파구 충민로 137
7130127,서울방산초등학교,서울특별시교육청,송파구,B10,서울특별시 송파구 오금로27길 42
7130128,서울방이초등학교,서울특별시교육청,송파구,B10,서울특별시 송파구 위례성대로10길 4
7130129,서울버들초등학교,서울특별시교육청,송파구,B10,서울특별시 송파구 석촌호수로 81
7130130,서울삼전초등학교,서울특별시교육청,송파구,B10,서울특별시 송파구 백제고분로28길 19
7130131,서울상일초등학교,서울특별시교육청,강동구,B10,서울특별시 강동구 천호대로 1477
7130132,서울석촌초등학교,서울특별시교육청,송파구,B10,서울특별시 송파구 가락로11길 26
7130133,서울선린초등학교,서울특별시교육청,강동구,B10,서울특별시 강동구 진황도로61길 29
7130134,서울선사초등학교,서울특별시교육청,강동구,B10,서울특별시 강동구 올림픽로 837
7130135,서울성내초등학교,서울특별시교육청,강동구,B10,서울특별시 강동구 성내로3길 19
7130136,서울성일초등학교,서울특별시교육청,강동구,B10,서울특별시 강동구 성내로15길 33
7130137,서울세륜초등학교,서울특별시교육청,송파구,B10,서울특별시 송파구 양재대로 1264
7130138,서울송례초등학교,서울특별시교육청,송파구,B10,서울특별시 송파구 위례순환로 439
7130139,서울송전초등학교,서울특별시교육청,송파구,B10,서울특별시 송파구 석촌호수로 159
7130140,서울송파초등학교,서울특별시교육청,송파구,B10,서울특별시 송파구 백제고분로 400
7130141,서울신가초등학교,서울특별시교육청,송파구,B10,서울특별시 송파구 송이로 75
7130142,서울신명초등학교,서울특별시교육청,강동구,B10,서울특별시 강동구 명일로24길 33
7130143,서울신암초등학교,서울특별시교육청,강동구,B10,서울특별시 강동구 올림픽로93길 33-16
7130144,서울신천초등학교,서울특별시교육청,송파구,B10,서울특별시 송파구 올림픽로 215
7130145,서울아주초등학교,서울특별시교육청,송파구,B10,서울특별시 송파구 올림픽로4길 59
7130146,서울영풍초등학교,서울특별시교육청,송파구,B10,서울특별시 송파구 오금로57길 15
7130147,서울오금초등학교,서울특별시교육청,송파구,B10,서울특별시 송파구 위례성대로22길 11
7130148,서울오륜초등학교,서울특별시교육청,송파구,B10,서울특별시 송파구 양재대로 1196
7130149,서울위례초등학교,서울특별시교육청,강동구,B10,서울특별시 강동구 명일로 23
7130150,서울잠동초등학교,서울특별시교육청,송파구,B10,서울특별시 송파구 올림픽로35길 122
7130151,서울잠신초등학교,서울특별시교육청,송파구,B10,서울특별시 송파구 잠실로 32
7130152,서울잠실초등학교,서울특별시교육청,송파구,B10,서울특별시 송파구 올림픽로35길 20
7130153,서울잠일초등학교,서울특별시교육청,송파구,B10,서울특별시 송파구 올림픽로 95
7130154,서울잠전초등학교,서울특별시교육청,송파구,B10,서울특별시 송파구 올림픽로12길 51
7130155,서울잠현초등학교,서울특별시교육청,송파구,B10,서울특별시 송파구 올림픽로37길 109
7130156,서울중대초등학교,서울특별시교육청,송파구,B10,서울특별시 송파구 송파대로36길 8
7130157,서울천동초등학교,서울특별시교육청,강동구,B10,서울특별시 강동구 성안로 200
7130158,서울천일초등학교,서울특별시교육청,강동구,B10,서울특별시 강동구 구천면로 266
7130159,서울천호초등학교,서울특별시교육청,강동구,B10,서울특별시 강동구 구천면로 310-11
7130160,서울토성초등학교,서울특별시교육청,송파구,B10,서울특별시 송파구 풍성로20길 44
7130161,서울평화초등학교,서울특별시교육청,송파구,B10,서울특별시 송파구 송파대로26길 22
7130162,서울풍납초등학교,서울특별시교육청,송파구,B10,서울특별시 송파구 풍성로 43
7130163,서울풍성초등학교,서울특별시교육청,송파구,B10,서울특별시 송파구 강동대로2길 13
7130164,서울한산초등학교,서울특별시교육청,강동구,B10,서울특별시 강동구 풍성로 261
7130245,서울위례별초등학교,서울특별시교육청,송파구,B10,서울특별시 송파구 위례광장로 243
7130251,서울강솔초등학교,서울특별시교육청,강동구,B10,서울특별시 강동구 고덕로97길 80
7130255,서울해누리초등학교,서울특별시교육청,송파구,B10,서울특별시 송파구 송파대로37길 95
7130264,서울고현초등학교,서울특별시교육청,강동구,B10,서울특별시 강동구 상일로11길 110
7130266,서울강빛초등학교,서울특별시교육청,강동구,B10,서울특별시 강동구 아리수로93다길 1
7130270,서울위례솔초등학교,서울특별시교육청,송파구,B10,서울특별시 송파구 위례북로2길 12
7132080,서울강남초등학교,서울특별시교육청,동작구,B10,서울특별시 동작구 강남초등길 15
7132081,서울관악초등학교,서울특별시교육청,관악구,B10,서울 관악구 청룡4길 49
7132082,서울구암초등학교,서울특별시교육청,관악구,B10,서울특별시 관악구 구암길 1
7132083,서울난곡초등학교,서울특별시교육청,관악구,B10,서울특별시 관악구 난곡로35길 102
7132084,서울난우초등학교,서울특별시교육청,관악구,B10,서울특별시 관악구 난우길 40
7132085,서울난향초등학교,서울특별시교육청,관악구,B10,서울특별시 관악구 난향길 9
7132086,서울남부초등학교,서울특별시교육청,관악구,B10,서울특별시 관악구 남부순환로163길 14
7132087,서울남사초등학교,서울특별시교육청,동작구,B10,서울특별시 동작구 동작대로13길 22
7132088,서울남성초등학교,서울특별시교육청,동작구,B10,서울특별시 동작구 사당로23길 57-14
7132089,서울노량진초등학교,서울특별시교육청,동작구,B10,서울특별시 동작구 장승배기로 160
7132090,서울당곡초등학교,서울특별시교육청,관악구,B10,서울특별시 관악구 보라매로2길 23
7132091,서울대림초등학교,서울특별시교육청,동작구,B10,서울특별시 동작구 대방동1길 22
7132092,서울동작초등학교,서울특별시교육청,동작구,B10,서울특별시 동작구 동작대로29길 214
7132093,서울문창초등학교,서울특별시교육청,동작구,B10,서울특별시 동작구 신대방2길 14
7132094,서울미성초등학교,서울특별시교육청,관악구,B10,서울특별시 관악구 문성로 79
7132095,서울보라매초등학교,서울특별시교육청,동작구,B10,서울특별시 동작구 여의대방로16길 30
7132096,서울본동초등학교,서울특별시교육청,동작구,B10,서울특별시 동작구 노량진로26길 16-40
7132097,서울봉천초등학교,서울특별시교육청,관악구,B10,서울특별시 관악구 행운1라길 17
7132098,서울봉현초등학교,서울특별시교육청,관악구,B10,서울특별시 관악구 성현로 117
7132099,서울사당초등학교,서울특별시교육청,관악구,B10,서울특별시 관악구 남현4길 51
7132100,서울삼성초등학교,서울특별시교육청,관악구,B10,서울특별시 관악구 대학7길 52
7132101,서울삼일초등학교,서울특별시교육청,동작구,B10,서울특별시 동작구 사당로23나길 27
7132102,서울상도초등학교,서울특별시교육청,동작구,B10,서울특별시 동작구 성대로21길 62
7132103,서울상현초등학교,서울특별시교육청,동작구,B10,서울특별시 동작구 상도로58길 21
7132104,서울신길초등학교,서울특별시교육청,동작구,B10,서울특별시 동작구 알마타길 16
7132105,서울신남성초등학교,서울특별시교육청,동작구,B10,서울특별시 동작구 사당로 146
7132106,서울신림초등학교,서울특별시교육청,관악구,B10,서울특별시 관악구 문성로28길 31
7132107,서울신봉초등학교,서울특별시교육청,관악구,B10,서울특별시 관악구 양녕로6나길 1
7132108,서울신상도초등학교,서울특별시교육청,동작구,B10,서울특별시 동작구 장승배기로 14
7132109,서울신성초등학교,서울특별시교육청,관악구,B10,서울특별시 관악구 신림로 114
7132110,서울신우초등학교,서울특별시교육청,관악구,B10,서울특별시 관악구 호암로 498
7132111,서울영본초등학교,서울특별시교육청,동작구,B10,서울특별시 동작구 만양로12가길 69
7132112,서울영화초등학교,서울특별시교육청,동작구,B10,서울특별시 동작구 등용로8길 3
7132113,서울원당초등학교,서울특별시교육청,관악구,B10,서울특별시 관악구 봉천로 505
7132114,서울원신초등학교,서울특별시교육청,관악구,B10,서울특별시 관악구 광신길 177
7132115,서울은로초등학교,서울특별시교육청,동작구,B10,서울특별시 동작구 서달로 115
7132116,서울은천초등학교,서울특별시교육청,관악구,B10,서울특별시 관악구 은천로 69
7132117,서울인헌초등학교,서울특별시교육청,관악구,B10,서울특별시 관악구 낙성대로 23
7132118,서울조원초등학교,서울특별시교육청,관악구,B10,서울특별시 관악구 조원로 67
7132119,서울청룡초등학교,서울특별시교육청,관악구,B10,서울특별시 관악구 관악로5길 61
7132120,서울행림초등학교,서울특별시교육청,동작구,B10,서울특별시 동작구 솔밭로 47
7132121,서울흑석초등학교,서울특별시교육청,동작구,B10,서울특별시 동작구 현충로 87
7132122,중앙대학교사범대학부속초등학교,서울특별시교육청,동작구,B10,서울특별시 동작구 서달로 135
7134077,경복초등학교,서울특별시교육청,광진구,B10,서울특별시 광진구 천호대로130길 58
7134078,서울경동초등학교,서울특별시교육청,성동구,B10,서울특별시 성동구 성수일로 34
7134079,서울경수초등학교,서울특별시교육청,성동구,B10,서울특별시 성동구 뚝섬로13길 22
7134080,서울경일초등학교,서울특별시교육청,성동구,B10,서울특별시 성동구 뚝섬로 332
7134081,서울광남초등학교,서울특별시교육청,광진구,B10,서울특별시 광진구 아차산로70길 35
7134082,서울광장초등학교,서울특별시교육청,광진구,B10,서울특별시 광진구 광장로1길 27
7134083,서울광진초등학교,서울특별시교육청,광진구,B10,서울특별시 광진구 자양로40길 41
7134084,서울구남초등학교,서울특별시교육청,광진구,B10,서울특별시 광진구 구의강변로 69
7134085,서울구의초등학교,서울특별시교육청,광진구,B10,서울특별시 광진구 광나루로30길 49
7134086,서울금북초등학교,서울특별시교육청,성동구,B10,서울특별시 성동구 행당로1길 13
7134087,서울금옥초등학교,서울특별시교육청,성동구,B10,서울특별시 성동구 독서당로 251
7134088,서울금호초등학교,서울특별시교육청,성동구,B10,서울특별시 성동구 무수막길 69
7134089,서울동명초등학교,서울특별시교육청,성동구,B10,서울특별시 성동구 마장로29길 29
7134090,서울동의초등학교,서울특별시교육청,광진구,B10,서울특별시 광진구 영화사로 111
7134091,서울동자초등학교,서울특별시교육청,광진구,B10,서울특별시 광진구 뚝섬로 561
7134092,서울동호초등학교,서울특별시교육청,성동구,B10,서울특별시 성동구 매봉길 49-35
7134093,서울마장초등학교,서울특별시교육청,성동구,B10,서울특별시 성동구 마장로35나길 31
7134094,서울무학초등학교,서울특별시교육청,성동구,B10,서울특별시 성동구 무학봉15길 21
7134095,서울사근초등학교,서울특별시교육청,성동구,B10,서울특별시 성동구 사근동11길 16
7134096,서울성수초등학교,서울특별시교육청,성동구,B10,서울특별시 성동구 아차산로17길 21
7134097,서울성자초등학교,서울특별시교육청,광진구,B10,서울특별시 광진구 뚝섬로56길 7
7134098,서울송원초등학교,서울특별시교육청,성동구,B10,서울특별시 성동구 동일로43길 9
7134099,서울신양초등학교,서울특별시교육청,광진구,B10,서울특별시 광진구 능동로 42
7134100,서울신자초등학교,서울특별시교육청,광진구,B10,서울특별시 광진구 뚝섬로46길 64
7134101,서울양남초등학교,서울특별시교육청,광진구,B10,서울특별시 광진구 뚝섬로64길 71
7134102,서울양진초등학교,서울특별시교육청,광진구,B10,서울특별시 광진구 워커힐로 32
7134103,서울옥수초등학교,서울특별시교육청,성동구,B10,서울특별시 성동구 금호로1길 25
7134104,서울옥정초등학교,서울특별시교육청,성동구,B10,서울특별시 성동구 한림말길 43
7134105,서울용곡초등학교,서울특별시교육청,광진구,B10,서울특별시 광진구 용마산로22길 82
7134106,서울용답초등학교,서울특별시교육청,성동구,B10,서울특별시 성동구 용답25길 1
7134107,서울용마초등학교,서울특별시교육청,광진구,B10,서울특별시 광진구 천호대로113길 10
7134108,서울응봉초등학교,서울특별시교육청,성동구,B10,서울특별시 성동구 독서당로62길 28
7134109,서울자양초등학교,서울특별시교육청,광진구,B10,서울특별시 광진구 아차산로44길 26
7134110,서울장안초등학교,서울특별시교육청,광진구,B10,서울특별시 광진구 군자로 74
7134111,서울중광초등학교,서울특별시교육청,광진구,B10,서울특별시 광진구 긴고랑로13길 59
7134112,서울중마초등학교,서울특별시교육청,광진구,B10,서울특별시 광진구 동일로72길 43
7134113,서울행당초등학교,서울특별시교육청,성동구,B10,서울특별시 성동구 고산자로8길 6
7134114,서울행현초등학교,서울특별시교육청,성동구,B10,서울특별시 성동구 행당로 95
7134116,성동초등학교,서울특별시교육청,광진구,B10,서울특별시 광진구 자양로4길 63
7134117,세종초등학교,서울특별시교육청,광진구,B10,서울특별시 광진구 군자로 114
7134118,한양초등학교,서울특별시교육청,성동구,B10,서울특별시 성동구 살곶이길 208
7134150,서울숭신초등학교,서울특별시교육청,성동구,B10,서울특별시 성동구 마장로 161
7171044,감천초등학교,부산광역시교육청,사하구,C10,부산광역시 사하구 원양로 368-2
7171045,괴정초등학교,부산광역시교육청,사하구,C10,부산광역시 사하구 낙동대로 152
7171046,구덕초등학교,부산광역시교육청,서구,C10,부산광역시 서구 보수대로 312
7171047,구평초등학교,부산광역시교육청,사하구,C10,부산광역시 사하구 사하로 9
7171048,낙동초등학교,부산광역시교육청,사하구,C10,부산광역시 사하구 제석로 41
7171049,남부민초등학교,부산광역시교육청,서구,C10,부산광역시 서구 천마로 153
7171050,남항초등학교,부산광역시교육청,영도구,C10,부산광역시 영도구 남항새싹길 55
7171051,다대초등학교,부산광역시교육청,사하구,C10,부산광역시 사하구 다대로 499
7171052,다선초등학교,부산광역시교육청,사하구,C10,부산광역시 사하구 다송로 57
7171053,다송초등학교,부산광역시교육청,사하구,C10,부산광역시 사하구 다대로381번길 17
7171054,당리초등학교,부산광역시교육청,사하구,C10,부산광역시 사하구 다대로 22번길 12
7171055,대교초등학교,부산광역시교육청,영도구,C10,부산광역시 영도구 봉래나루로246번길 19
7171056,대신초등학교,부산광역시교육청,서구,C10,부산광역시 서구 대신로 63
7171057,대평초등학교,부산광역시교육청,영도구,C10,부산광역시 영도구 절영로 82
7171058,동삼초등학교,부산광역시교육청,영도구,C10,부산광역시 영도구 태종로 610
7171059,동신초등학교,부산광역시교육청,서구,C10,부산광역시 서구 대영로85번길 81-19
7171060,봉삼초등학교,부산광역시교육청,영도구,C10,부산광역시 영도구 함지로79번길 39
7171061,봉학초등학교,부산광역시교육청,영도구,C10,부산광역시 영도구 태종로 242
7171062,부민초등학교,부산광역시교육청,서구,C10,부산광역시 서구 고운들로 12
7171063,사남초등학교,부산광역시교육청,사하구,C10,부산광역시 사하구 장평로 390
7171064,사동초등학교,부산광역시교육청,사하구,C10,부산광역시 사하구 승학로 129-2
7171065,사하초등학교,부산광역시교육청,사하구,C10,부산광역시 사하구 낙동대로 266
7171066,상리초등학교,부산광역시교육청,영도구,C10,부산광역시 영도구 상리로 38
7171067,서천초등학교,부산광역시교육청,사하구,C10,부산광역시 사하구 감천로105번길 10
7171068,송도초등학교,부산광역시교육청,서구,C10,부산광역시 서구 충무대로 25
7171069,승학초등학교,부산광역시교육청,사하구,C10,부산광역시 사하구 낙동대로135번길 55
7171070,신남초등학교,부산광역시교육청,사하구,C10,부산광역시 사하구 비봉로 88
7171071,신선초등학교,부산광역시교육청,영도구,C10,부산광역시 영도구 산정길 17
7171072,신촌초등학교,부산광역시교육청,사하구,C10,부산광역시 사하구 다대로135번길 30-21
7171073,신평초등학교,부산광역시교육청,사하구,C10,부산광역시 사하구 장평로299번안길 19
7171074,아미초등학교,부산광역시교육청,서구,C10,부산광역시 서구 해돋이로 241
7171075,영도초등학교,부산광역시교육청,영도구,C10,부산광역시 영도구 꿈나무길 41
7171076,옥천초등학교,부산광역시교육청,사하구,C10,부산광역시 사하구 사하로 134
7171077,응봉초등학교,부산광역시교육청,사하구,C10,부산광역시 사하구 다대낙조2길 26
7171078,장림초등학교,부산광역시교육청,사하구,C10,부산광역시 사하구 장림번영로103번길 10
7171079,절영초등학교,부산광역시교육청,영도구,C10,부산광역시 영도구 함지로 37
7171080,중리초등학교,부산광역시교육청,영도구,C10,부산광역시 영도구 와치로 286
7171081,중현초등학교,부산광역시교육청,사하구,C10,부산광역시 사하구 다대낙조2길 8
7171082,천마초등학교,부산광역시교육청,서구,C10,부산광역시 서구 천해로7번길 38
7171083,청동초등학교,부산광역시교육청,영도구,C10,부산광역시 영도구 태종로 422번길 51
7171084,청학초등학교,부산광역시교육청,영도구,C10,부산광역시 영도구 청학로 49
7171085,태종대초등학교,부산광역시교육청,영도구,C10,부산광역시 영도구 태종로 802
7171086,토성초등학교,부산광역시교육청,서구,C10,부산광역시 서구 구덕로134번길 45
7171087,하남초등학교,부산광역시교육청,사하구,C10,부산광역시 사하구 하신번영로 186
7171088,하단초등학교,부산광역시교육청,사하구,C10,부산광역시 사하구 하신중앙로 321
7171089,화랑초등학교,부산광역시교육청,서구,C10,부산광역시 서구 대영로86번길 56
7171090,효림초등학교,부산광역시교육청,사하구,C10,부산광역시 사하구 장평로 106
7171091,을숙도초등학교,부산광역시교육청,사하구,C10,부산광역시 사하구 낙동대로 581
7171092,보림초등학교,부산광역시교육청,사하구,C10,부산광역시 사하구 장림로161번길 20
7171093,광일초등학교,부산광역시교육청,중구,C10,부산광역시 중구 중구로 74
7171094,보수초등학교,부산광역시교육청,중구,C10,부산광역시 중구 흑교로 74
7171095,봉래초등학교,부산광역시교육청,중구,C10,부산광역시 중구 대영로 226번길 15호
7171096,몰운대초등학교,부산광역시교육청,사하구,C10,부산광역시 사하구 다대낙조2길 110
7171097,남성초등학교,부산광역시교육청,중구,C10,부산광역시 중구 샘길 14
7171099,부산알로이시오초등학교,부산광역시교육청,서구,C10,부산광역시 서구 천해로13번길 16-9
7181010,가남초등학교,부산광역시교육청,부산진구,C10,부산광역시 부산진구 엄광로 325
7181012,가야초등학교,부산광역시교육청,부산진구,C10,부산광역시 부산진구 대학로 22
7181013,가평초등학교,부산광역시교육청,부산진구,C10,부산광역시 부산진구 가야대로482번길 87
7181014,개금초등학교,부산광역시교육청,부산진구,C10,부산광역시 부산진구 가야대로443번길 25-10
7181015,개림초등학교,부산광역시교육청,부산진구,C10,부산광역시 부산진구 백양대로320번길 40
7181016,개원초등학교,부산광역시교육청,부산진구,C10,부산광역시 부산진구 백양관문로77번길 17
7181017,개포초등학교,부산광역시교육청,부산진구,C10,부산광역시 부산진구 백양대로208번길 9
7181018,개화초등학교,부산광역시교육청,부산진구,C10,부산광역시 부산진구 개금본동로66번길 12-12
7181019,당감초등학교,부산광역시교육청,부산진구,C10,부산광역시 부산진구 당감로 22-5
7181020,당평초등학교,부산광역시교육청,부산진구,C10,부산광역시 부산진구 백양대로136번길 26
7181021,대남초등학교,부산광역시교육청,남구,C10,부산광역시 남구 황령대로 343번길 9-55
7181022,대연초등학교,부산광역시교육청,남구,C10,부산광역시 남구 진남로18번길 11
7181023,대천초등학교,부산광역시교육청,남구,C10,부산광역시 남구 조각공원로 19
7181024,동양초등학교,부산광역시교육청,부산진구,C10,부산광역시 부산진구 백양산로 99
7181025,동원초등학교,부산광역시교육청,부산진구,C10,부산광역시 부산진구 백양산로 43
7181026,동일중앙초등학교,부산광역시교육청,동구,C10,부산광역시 동구 구봉로 46
7181027,동천초등학교,부산광역시교육청,남구,C10,부산광역시 남구 석포로26번길 22
7181028,동평초등학교,부산광역시교육청,부산진구,C10,부산광역시 부산진구 당감서로65번길 31
7181029,동항초등학교,부산광역시교육청,남구,C10,부산광역시 남구 우암로 42
7181030,문현초등학교,부산광역시교육청,남구,C10,부산광역시 남구 고동골로 86-13
7181031,백운초등학교,부산광역시교육청,남구,C10,부산광역시 남구 동명로 76
7181032,범일초등학교,부산광역시교육청,동구,C10,부산광역시 동구 증산서로 55
7181033,부산진초등학교,부산광역시교육청,부산진구,C10,부산광역시 부산진구 범천로 30
7181034,부암초등학교,부산광역시교육청,부산진구,C10,부산광역시 부산진구 신천대로263번길 26
7181035,부전초등학교,부산광역시교육청,부산진구,C10,부산광역시 부산진구 부전로65번길 25
7181036,분포초등학교,부산광역시교육청,남구,C10,부산광역시 남구 분포로 41
7181037,석포초등학교,부산광역시교육청,남구,C10,부산광역시 남구 석포로86번길 76
7181038,선암초등학교,부산광역시교육청,부산진구,C10,부산광역시 부산진구 엄광로 412
7181039,성남초등학교,부산광역시교육청,동구,C10,부산광역시 동구 범일로53번길 14
7181040,성동초등학교,부산광역시교육청,남구,C10,부산광역시 남구 전포대로68번길 27
7181041,성북초등학교,부산광역시교육청,부산진구,C10,부산광역시 부산진구 황령대로 79
7181042,성서초등학교,부산광역시교육청,부산진구,C10,부산광역시 부산진구 중앙번영로 25
7181043,성전초등학교,부산광역시교육청,부산진구,C10,부산광역시 부산진구 전포대로298번길 15
7181044,성지초등학교,부산광역시교육청,부산진구,C10,부산광역시 부산진구 시민공원로 62
7181045,성천초등학교,부산광역시교육청,남구,C10,부산광역시 남구 장고개로 64-41
7181046,수성초등학교,부산광역시교육청,동구,C10,부산광역시 동구 망양로 807
7181047,수정초등학교,부산광역시교육청,동구,C10,부산광역시 동구 진성로 29
7181048,신연초등학교,부산광역시교육청,남구,C10,부산광역시 남구 유엔로35번길 46
7181049,양동초등학교,부산광역시교육청,부산진구,C10,부산광역시 부산진구 황령산로605번길 35-10
7181050,양성초등학교,부산광역시교육청,부산진구,C10,부산광역시 부산진구 양성로 34
7181051,양정초등학교,부산광역시교육청,부산진구,C10,부산광역시 부산진구 중앙대로941번길 24
7181052,연지초등학교,부산광역시교육청,부산진구,C10,부산광역시 부산진구 연지로 29
7181053,연포초등학교,부산광역시교육청,남구,C10,부산광역시 남구 못골로 17
7181054,연학초등학교,부산광역시교육청,부산진구,C10,부산광역시 부산진구 초읍천로 43번길
7181055,오륙도초등학교,부산광역시교육청,남구,C10,부산광역시 남구 오륙도로 57
7181056,용당초등학교,부산광역시교육청,남구,C10,부산광역시 남구 신선로 341
7181057,용문초등학교,부산광역시교육청,남구,C10,부산광역시 남구 신선로 542
7181058,용산초등학교,부산광역시교육청,남구,C10,부산광역시 남구 동명로 176번길 55
7181059,용호초등학교,부산광역시교육청,남구,C10,부산광역시 남구 용호로42번길 94
7181060,우암초등학교,부산광역시교육청,남구,C10,부산광역시 남구 우암로 190-19
7181061,운산초등학교,부산광역시교육청,남구,C10,부산광역시 남구 용호로269번길 89
7181062,전포초등학교,부산광역시교육청,부산진구,C10,부산광역시 부산진구 전포대로255번길 38
7181065,주례초등학교,부산광역시교육청,부산진구,C10,부산광역시 부산진구 진사로61번길 28-7
7181067,초량초등학교,부산광역시교육청,동구,C10,부산광역시 동구 초량상로 49
7181068,초읍초등학교,부산광역시교육청,부산진구,C10,부산광역시 부산진구 성지로104번길 26
7181069,동성초등학교,부산광역시교육청,부산진구,C10,부산광역시 부산진구 동성로 26
7181199,용소초등학교,부산광역시교육청,남구,C10,부산광역시 남구 수영로325번길 114
7191045,거제초등학교,부산광역시교육청,연제구,C10,부산광역시 연제구 해맞이로 39
7191046,거학초등학교,부산광역시교육청,연제구,C10,부산광역시 연제구 교대로24번길 36
7191047,공덕초등학교,부산광역시교육청,금정구,C10,부산광역시 금정구 대두로 2
7191048,과정초등학교,부산광역시교육청,연제구,C10,부산광역시 연제구 과정로164번길 37
7191049,교동초등학교,부산광역시교육청,동래구,C10,부산광역시 동래구 시실로 73-13
7191050,구서초등학교,부산광역시교육청,금정구,C10,부산광역시 금정구 구서중앙로 35
7191051,금강초등학교,부산광역시교육청,동래구,C10,부산광역시 동래구 사직북로28번길 125
7191052,금사초등학교,부산광역시교육청,금정구,C10,부산광역시 금정구 금사로57번길 24
7191053,금샘초등학교,부산광역시교육청,금정구,C10,부산광역시 금정구 금샘로 525
7191054,금성초등학교,부산광역시교육청,금정구,C10,부산광역시 금정구 중리1길 15
7191055,금양초등학교,부산광역시교육청,금정구,C10,부산광역시 금정구 중앙대로 1755
7191056,금정초등학교,부산광역시교육청,금정구,C10,부산광역시 금정구 식물원로44번길 46
7191057,낙민초등학교,부산광역시교육청,동래구,C10,부산광역시 동래구 충렬대로272번길 34
7191058,남문초등학교,부산광역시교육청,연제구,C10,부산광역시 연제구 법원북로 23
7191059,남산초등학교,부산광역시교육청,금정구,C10,부산광역시 금정구 금강로 614
7191060,내산초등학교,부산광역시교육청,동래구,C10,부산광역시 동래구 중앙대로1335번길 38
7191061,내성초등학교,부산광역시교육청,동래구,C10,부산광역시 동래구 동래로 173
7191062,달북초등학교,부산광역시교육청,동래구,C10,부산광역시 동래구 쇠미로 131
7191063,동명초등학교,부산광역시교육청,연제구,C10,부산광역시 연제구 쌍미천로44번길 17
7191064,동상초등학교,부산광역시교육청,금정구,C10,부산광역시 금정구 옥봉로 5
7191065,동현초등학교,부산광역시교육청,금정구,C10,부산광역시 금정구 동현로 36
7191066,두실초등학교,부산광역시교육청,금정구,C10,부산광역시 금정구 중앙대로1893번길 33
7191067,명동초등학교,부산광역시교육청,동래구,C10,부산광역시 동래구 명장로63번길 60-5
7191068,명륜초등학교,부산광역시교육청,동래구,C10,부산광역시 동래구 동래로 91
7191069,명서초등학교,부산광역시교육청,동래구,C10,부산광역시 동래구 명서로 121
7191070,명장초등학교,부산광역시교육청,동래구,C10,부산광역시 동래구 복천로 121
7191071,미남초등학교,부산광역시교육청,동래구,C10,부산광역시 동래구 충렬대로100번길 83
7191072,부곡초등학교,부산광역시교육청,금정구,C10,부산광역시 금정구 기찰로22번길 15
7191073,사직초등학교,부산광역시교육청,동래구,C10,부산광역시 동래구 쇠미로81번길 7
7191075,서동초등학교,부산광역시교육청,금정구,C10,부산광역시 금정구 동현로 147
7191076,서명초등학교,부산광역시교육청,금정구,C10,부산광역시 금정구 명서로 48
7191077,수안초등학교,부산광역시교육청,동래구,C10,부산광역시 동래구 온천천로 215
7191078,안남초등학교,부산광역시교육청,동래구,C10,부산광역시 동래구 연안로 46
7191079,안락초등학교,부산광역시교육청,동래구,C10,부산광역시 동래구 명안로53번길 22
7191080,안민초등학교,부산광역시교육청,동래구,C10,부산광역시 동래구 온천천로381번길 19
7191081,안진초등학교,부산광역시교육청,동래구,C10,부산광역시 동래구 안남로 63
7191082,여고초등학교,부산광역시교육청,동래구,C10,부산광역시 동래구 여고로63번가길 12
7191083,연동초등학교,부산광역시교육청,연제구,C10,부산광역시 연제구 고분로56번길 40
7191084,연미초등학교,부산광역시교육청,연제구,C10,부산광역시 연제구 금련로38번길 84
7191085,연산초등학교,부산광역시교육청,연제구,C10,부산광역시 연제구 월드컵대로 41
7191086,연서초등학교,부산광역시교육청,연제구,C10,부산광역시 연제구 거제천로270번길 30
7191087,연신초등학교,부산광역시교육청,연제구,C10,부산광역시 연제구 신금로23번길 30
7191088,연일초등학교,부산광역시교육청,연제구,C10,부산광역시 연제구 고분로 126-4
7191089,연제초등학교,부산광역시교육청,연제구,C10,부산광역시 연제구 중앙대로1065번길 14
7191090,연천초등학교,부산광역시교육청,연제구,C10,부산광역시 연제구 과정로225번길 46
7191091,예원초등학교,부산광역시교육청,동래구,C10,부산광역시 동래구 사직로 78
7191092,온천초등학교,부산광역시교육청,동래구,C10,부산광역시 동래구 충렬대로107번길 124
7191093,장서초등학교,부산광역시교육청,금정구,C10,부산광역시 금정구 금강로 453
7191094,장전초등학교,부산광역시교육청,금정구,C10,부산광역시 금정구 수림로 90
7191095,창신초등학교,부산광역시교육청,연제구,C10,부산광역시 연제구 종합운동장로12번길 15
7191096,청룡초등학교,부산광역시교육청,금정구,C10,부산광역시 금정구 팔송로 6
7191097,충렬초등학교,부산광역시교육청,동래구,C10,부산광역시 동래구 안락로125번길 22
7191098,토현초등학교,부산광역시교육청,연제구,C10,부산광역시 연제구 토현로 48
7191099,현곡초등학교,부산광역시교육청,금정구,C10,부산광역시 금정구 동부곡로27번라길 20
7191101,동래초등학교,부산광역시교육청,금정구,C10,부산광역시 금정구 체육공원로44번길 26
7191102,혜화초등학교,부산광역시교육청,동래구,C10,부산광역시 동래구 명장로99번길 25
7191180,금빛초등학교,부산광역시교육청,금정구,C10,부산광역시 금정구 소정로 31
7191202,부산삼육초등학교,부산광역시교육청,금정구,C10,부산광역시 금정구 금정도서관로 17
7191214,온샘초등학교,부산광역시교육청,동래구,C10,부산광역시 동래구 충렬대로75번길 25
7201044,가락초등학교,부산광역시교육청,강서구,C10,부산광역시 강서구 호계로 41
7201045,감전초등학교,부산광역시교육청,사상구,C10,부산광역시 사상구 괘감로 132
7201046,괘법초등학교,부산광역시교육청,사상구,C10,부산광역시 사상구 사상로161번길 8
7201047,구남초등학교,부산광역시교육청,북구,C10,부산광역시 북구 구남로14번가길 23
7201048,구포초등학교,부산광역시교육청,북구,C10,부산광역시 북구 백양대로1124번길 20
7201049,구학초등학교,부산광역시교육청,사상구,C10,부산광역시 사상구 학감대로 49
7201050,금곡초등학교,부산광역시교육청,북구,C10,부산광역시 북구 효열로 174
7201051,금명초등학교,부산광역시교육청,북구,C10,부산광역시 북구 화명신도시로 197
7201052,금창초등학교,부산광역시교육청,북구,C10,부산광역시 북구 효열로235번길 14
7201053,녹명초등학교,부산광역시교육청,강서구,C10,부산광역시 강서구 낙동남로 617
7201055,대사초등학교,부산광역시교육청,강서구,C10,부산광역시 강서구 낙동북로 73
7201056,대상초등학교,부산광역시교육청,강서구,C10,부산광역시 강서구 대저로 249
7201058,대저초등학교,부산광역시교육청,강서구,C10,부산광역시 강서구 대저로29번길 27
7201059,대천리초등학교,부산광역시교육청,북구,C10,부산광역시 북구 산성로 87-10
7201061,덕두초등학교,부산광역시교육청,강서구,C10,부산광역시 강서구 공항로791번길 68
7201062,덕상초등학교,부산광역시교육청,사상구,C10,부산광역시 사상구 덕상로 32
7201063,덕성초등학교,부산광역시교육청,북구,C10,부산광역시 북구 만덕대로39번길 45
7201064,덕양초등학교,부산광역시교육청,북구,C10,부산광역시 북구 함박봉로 42
7201065,덕천초등학교,부산광역시교육청,북구,C10,부산광역시 북구 덕천2길 10
7201066,덕포초등학교,부산광역시교육청,사상구,C10,부산광역시 사상구 삼덕로 83
7201067,동궁초등학교,부산광역시교육청,사상구,C10,부산광역시 사상구 엄궁로 70-7
7201068,동주초등학교,부산광역시교육청,사상구,C10,부산광역시 사상구 가야대로306번길 72
7201069,만덕초등학교,부산광역시교육청,북구,C10,부산광역시 북구 만덕1로 72
7201070,명덕초등학교,부산광역시교육청,북구,C10,부산광역시 북구 금곡대로186번길 43
7201071,명지초등학교,부산광역시교육청,강서구,C10,부산광역시 강서구 명지국제6로 296
7201072,명진초등학교,부산광역시교육청,북구,C10,부산광역시 북구 화명신도시로 159
7201073,명호초등학교,부산광역시교육청,강서구,C10,부산광역시 강서구 명지오션시티2로 41
7201074,모덕초등학교,부산광역시교육청,사상구,C10,부산광역시 사상구 덕상로 120
7201075,모동초등학교,부산광역시교육청,사상구,C10,부산광역시 사상구 모라로192번길 37
7201076,모라초등학교,부산광역시교육청,사상구,C10,부산광역시 사상구 모라로64번길 46
7201077,모산초등학교,부산광역시교육청,사상구,C10,부산광역시 사상구 모라로110번길 93
7201078,배영초등학교,부산광역시교육청,강서구,C10,부산광역시 강서구 공항로339번길 260
7201079,백산초등학교,부산광역시교육청,북구,C10,부산광역시 북구 덕천로259번길 23
7201080,백양초등학교,부산광역시교육청,북구,C10,부산광역시 북구 상리로18번길 12
7201081,사상초등학교,부산광역시교육청,사상구,C10,부산광역시 사상구 운산로 65
7201083,삼덕초등학교,부산광역시교육청,사상구,C10,부산광역시 사상구 삼덕로 24
7201084,상학초등학교,부산광역시교육청,북구,C10,부산광역시 북구 상학산복길 191
7201085,서감초등학교,부산광역시교육청,사상구,C10,부산광역시 사상구 괘감로 64
7201088,신금초등학교,부산광역시교육청,북구,C10,부산광역시 북구 효열로 42
7201089,신덕초등학교,부산광역시교육청,북구,C10,부산광역시 북구 함박봉로140번가길 25
7201090,신천초등학교,부산광역시교육청,북구,C10,부산광역시 북구 모분재로 83
7201091,신호초등학교,부산광역시교육청,강서구,C10,부산광역시 강서구 신호이로75번길 12
7201092,양덕초등학교,부산광역시교육청,북구,C10,부산광역시 북구 팽나무로 58
7201093,양천초등학교,부산광역시교육청,북구,C10,부산광역시 북구 덕천로 132
7201094,엄궁초등학교,부산광역시교육청,사상구,C10,부산광역시 사상구 엄궁로191번길 23
7201095,와석초등학교,부산광역시교육청,북구,C10,부산광역시 북구 화명대로94번길 83
7201096,용수초등학교,부산광역시교육청,북구,C10,부산광역시 북구 화명신도시로 53
7201097,주감초등학교,부산광역시교육청,사상구,C10,부산광역시 사상구 양지로 48
7201098,주양초등학교,부산광역시교육청,사상구,C10,부산광역시 사상구 백양대로 372-6
7201099,주학초등학교,부산광역시교육청,사상구,C10,부산광역시 사상구 가야대로366번길 120
7201100,창진초등학교,부산광역시교육청,사상구,C10,부산광역시 사상구 사상로223번길 100
7201101,천가초등학교,부산광역시교육청,강서구,C10,부산광역시 강서구 동선길 135
7201102,포천초등학교,부산광역시교육청,북구,C10,부산광역시 북구 시랑로 115
7201103,학사초등학교,부산광역시교육청,북구,C10,부산광역시 북구 용당로15번길 20
7201104,학장초등학교,부산광역시교육청,사상구,C10,부산광역시 사상구 대동로 205
7201105,학진초등학교,부산광역시교육청,사상구,C10,부산광역시 사상구 대동로 34-16
7201106,화명초등학교,부산광역시교육청,북구,C10,부산광역시 북구 대천천길 65
7201107,화잠초등학교,부산광역시교육청,북구,C10,부산광역시 북구 화명대로 97-25
7201201,남명초등학교,부산광역시교육청,강서구,C10,부산광역시 강서구 명지오션시티11로 132
7201202,화정초등학교,부산광역시교육청,북구,C10,부산광역시 북구 의성로 23
7201211,녹산초등학교,부산광역시교육청,강서구,C10,부산광역시 강서구 과학산단2로20번길 55
7201223,오션초등학교,부산광역시교육청,강서구,C10,부산광역시 강서구 명지오션시티6로 72
7201226,신명초등학교,부산광역시교육청,강서구,C10,부산광역시 강서구 명지국제7로 178
7201235,송정초등학교,부산광역시교육청,강서구,C10,부산광역시 강서구 신호산단4로 10
7201243,명일초등학교,부산광역시교육청,강서구,C10,부산광역시 강서구 명지국제5로 170-5
7201252,명원초등학교,부산광역시교육청,강서구,C10,부산광역시 강서구 명지국제6로 147
7201263,명문초등학교,부산광역시교육청,강서구,C10,부산광역시 강서구 명지국제8로 195
7201268,대저중앙초등학교,부산광역시교육청,강서구,C10,부산광역시 강서구 에코델타2로 23
7201272,강서초등학교,부산광역시교육청,강서구,C10,부산광역시 강서구 에코델타2로 94
7211039,강동초등학교,부산광역시교육청,해운대구,C10,부산광역시 해운대구 해운대로349번길 10
7211040,광남초등학교,부산광역시교육청,수영구,C10,부산광역시 수영구 광안해변로 115
7211041,광안초등학교,부산광역시교육청,수영구,C10,부산광역시 수영구 광안로35번길 42
7211042,기장초등학교,부산광역시교육청,기장군,C10,부산광역시 기장군 기장읍 읍내로 69
7211043,남천초등학교,부산광역시교육청,수영구,C10,부산광역시 수영구 남천서로 14
7211045,대청초등학교,부산광역시교육청,기장군,C10,부산광역시 기장군 기장읍 차성서로 31
7211046,동백초등학교,부산광역시교육청,해운대구,C10,부산광역시 해운대구 좌동순환로357번길 6
7211047,망미초등학교,부산광역시교육청,수영구,C10,부산광역시 수영구 수미로35번길 27
7211048,민락초등학교,부산광역시교육청,수영구,C10,부산광역시 수영구 광남로257번길 12
7211049,민안초등학교,부산광역시교육청,수영구,C10,부산광역시 수영구 감포로38번길 33
7211050,반산초등학교,부산광역시교육청,해운대구,C10,부산광역시 해운대구 재반로 171
7211051,반석초등학교,부산광역시교육청,해운대구,C10,부산광역시 해운대구 선수촌로207번길 14
7211052,반송초등학교,부산광역시교육청,해운대구,C10,부산광역시 해운대구 아랫반송로30번길 37-16
7211053,반여초등학교,부산광역시교육청,해운대구,C10,부산광역시 해운대구 재반로 301
7211054,배산초등학교,부산광역시교육청,수영구,C10,부산광역시 수영구 망미배산로48번길 85-15
7211055,부흥초등학교,부산광역시교육청,해운대구,C10,부산광역시 해운대구 좌동순환로 216
7211056,상당초등학교,부산광역시교육청,해운대구,C10,부산광역시 해운대구 세실로 173
7211057,송운초등학교,부산광역시교육청,해운대구,C10,부산광역시 해운대구 신반송로 20
7211058,송정초등학교,부산광역시교육청,해운대구,C10,부산광역시 해운대구 해운대로 1164-9
7211059,수미초등학교,부산광역시교육청,수영구,C10,부산광역시 수영구 연수로310번길 91
7211060,수영초등학교,부산광역시교육청,수영구,C10,부산광역시 수영구 광서로16번길 33
7211061,신곡초등학교,부산광역시교육청,해운대구,C10,부산광역시 해운대구 좌동순환로 290
7211062,신도초등학교,부산광역시교육청,해운대구,C10,부산광역시 해운대구 좌동순환로 34
7211063,신재초등학교,부산광역시교육청,해운대구,C10,부산광역시 해운대구 해운대로81번길 81
7211064,양운초등학교,부산광역시교육청,해운대구,C10,부산광역시 해운대구 대천로67번길 36
7211065,운봉초등학교,부산광역시교육청,해운대구,C10,부산광역시 해운대구 신반송로 11-20
7211066,운송초등학교,부산광역시교육청,해운대구,C10,부산광역시 해운대구 반송로 839
7211067,월내초등학교,부산광역시교육청,기장군,C10,부산광역시 기장군 장안읍 길천2길 25
7211068,월평초등학교,부산광역시교육청,기장군,C10,부산광역시 기장군 정관읍 월평1길 21
7211070,장산초등학교,부산광역시교육청,해운대구,C10,부산광역시 해운대구 선수촌로 68
7211071,장안초등학교,부산광역시교육청,기장군,C10,부산광역시 기장군 장안읍 장안로 67-4
7211072,재송초등학교,부산광역시교육청,해운대구,C10,부산광역시 해운대구 재반로64번길 33
7211073,정관초등학교,부산광역시교육청,기장군,C10,부산광역시 기장군 정관읍 정관로 530
7211074,좌동초등학교,부산광역시교육청,해운대구,C10,부산광역시 해운대구 세실로 127
7211075,좌산초등학교,부산광역시교육청,해운대구,C10,부산광역시 해운대구 좌동순환로311번길 7
7211076,좌천초등학교,부산광역시교육청,기장군,C10,부산광역시 기장군 장안읍 좌천로 13-66
7211077,죽성초등학교,부산광역시교육청,기장군,C10,부산광역시 기장군 기장읍 죽성로 270
7211078,철마초등학교,부산광역시교육청,기장군,C10,부산광역시 기장군 철마면 철마로 493
7211079,칠암초등학교,부산광역시교육청,기장군,C10,부산광역시 기장군 일광읍 박영준길 19
7211080,해강초등학교,부산광역시교육청,해운대구,C10,부산광역시 해운대구 해운대해변로 73
7211081,해동초등학교,부산광역시교육청,해운대구,C10,부산광역시 해운대구 우동1로 104
7211082,해송초등학교,부산광역시교육청,해운대구,C10,부산광역시 해운대구 좌동순환로402번길 32
7211083,해운대초등학교,부산광역시교육청,해운대구,C10,부산광역시 해운대구 중동2로24번길 30
7211084,호암초등학교,부산광역시교육청,수영구,C10,부산광역시 수영구 호암로 57
7211085,해림초등학교,부산광역시교육청,해운대구,C10,부산광역시 해운대구 해운대로469번길 42
7211086,교리초등학교,부산광역시교육청,기장군,C10,부산광역시 기장군 기장읍 차성로 427
7211087,반안초등학교,부산광역시교육청,해운대구,C10,부산광역시 해운대구 명장로67번길 40-42
7211089,인지초등학교,부산광역시교육청,해운대구,C10,부산광역시 해운대구 반여로 128
7211090,무정초등학교,부산광역시교육청,해운대구,C10,부산광역시 해운대구 반여로 68-11
7211091,삼어초등학교,부산광역시교육청,해운대구,C10,부산광역시 해운대구 삼어로91번길 73
7211092,센텀초등학교,부산광역시교육청,해운대구,C10,부산광역시 해운대구 센텀중앙로 166
7211093,송수초등학교,부산광역시교육청,해운대구,C10,부산광역시 해운대구 해운대로76번길 35
7211094,내리초등학교,부산광역시교육청,기장군,C10,부산광역시 기장군 기장읍 소정안길 50
7211095,신정초등학교,부산광역시교육청,기장군,C10,부산광역시 기장군 정관읍 정관로 460
7211096,신진초등학교,부산광역시교육청,기장군,C10,부산광역시 기장군 철마면 고촌로28번길 10
7211185,해원초등학교,부산광역시교육청,해운대구,C10,부산광역시 해운대구 마린시티2로 10
7211200,모전초등학교,부산광역시교육청,기장군,C10,부산광역시 기장군 정관읍 정관1로 17
7211207,달산초등학교,부산광역시교육청,기장군,C10,부산광역시 기장군 정관읍 정관로 674
7211209,정원초등학교,부산광역시교육청,기장군,C10,부산광역시 기장군 정관읍 정관로 423
7211215,가동초등학교,부산광역시교육청,기장군,C10,부산광역시 기장군 정관읍 정관5로 100
7211224,방곡초등학교,부산광역시교육청,기장군,C10,부산광역시 기장군 정관읍 정관덕산길 61
7211231,용암초등학교,부산광역시교육청,기장군,C10,부산광역시 기장군 기장읍 기장해안로 577
7211240,일광초등학교,부산광역시교육청,기장군,C10,부산광역시 기장군 일광읍 해빛로 46
7211243,해빛초등학교,부산광역시교육청,기장군,C10,부산광역시 기장군 일광읍 해빛6로 9
7251047,대구초등학교,대구광역시교육청,중구,D10,대구광역시 중구 명륜로23길 80
7251048,대구수창초등학교,대구광역시교육청,중구,D10,대구광역시 중구 달성로22길 30
7251049,대구남산초등학교,대구광역시교육청,중구,D10,대구광역시 중구 남산로 70
7251050,대구삼덕초등학교,대구광역시교육청,중구,D10,대구광역시 중구 달구벌대로447길 10
7251051,대구동도초등학교,대구광역시교육청,수성구,D10,대구광역시 수성구 동대구로57길 8
7251052,대구명덕초등학교,대구광역시교육청,중구,D10,대구광역시 중구 남산로2길 125
7251053,대구수성초등학교,대구광역시교육청,수성구,D10,대구광역시 수성구 상화로5길 40
7251054,대구동인초등학교,대구광역시교육청,중구,D10,대구광역시 중구 국채보상로 728
7251055,대구종로초등학교,대구광역시교육청,중구,D10,대구광역시 중구 경상감영길 49
7251056,대구동덕초등학교,대구광역시교육청,중구,D10,대구광역시 중구 동덕로26길 20
7251057,대구지산초등학교,대구광역시교육청,수성구,D10,대구광역시 수성구 지범로17길 3-14
7251058,대구해안초등학교,대구광역시교육청,동구,D10,대구광역시 동구 옻골로 50
7251059,대구동촌초등학교,대구광역시교육청,동구,D10,대구광역시 동구 동촌로 168
7251060,대구해서초등학교,대구광역시교육청,동구,D10,대구광역시 동구 팔공로 220-4
7251061,대구신천초등학교,대구광역시교육청,동구,D10,대구광역시 동구 송라로6길 5
7251062,대구아양초등학교,대구광역시교육청,동구,D10,대구광역시 동구 아양로 221
7251063,동대구초등학교,대구광역시교육청,동구,D10,대구광역시 동구 신암남로 45
7251064,대구동천초등학교,대구광역시교육청,수성구,D10,대구광역시 수성구 상록로16길 20
7251065,대구동성초등학교,대구광역시교육청,수성구,D10,대구광역시 수성구 수성로 311
7251066,대구효목초등학교,대구광역시교육청,동구,D10,대구광역시 동구 화랑로27길 25
7251067,대구동신초등학교,대구광역시교육청,동구,D10,대구광역시 동구 송라로 123
7251068,대구범어초등학교,대구광역시교육청,수성구,D10,대구광역시 수성구 달구벌대로489길 55
7251069,대구동부초등학교,대구광역시교육청,동구,D10,대구광역시 동구 신암북로7길 22
7251070,대구효신초등학교,대구광역시교육청,동구,D10,대구광역시 동구 동부로34길 70
7251071,대구만촌초등학교,대구광역시교육청,수성구,D10,대구광역시 수성구 국채보상로214길 33
7251072,대구황금초등학교,대구광역시교육청,수성구,D10,대구광역시 수성구 들안로32길 22
7251073,대구동원초등학교,대구광역시교육청,수성구,D10,대구광역시 수성구 국채보상로 1000
7251074,대구공산초등학교,대구광역시교육청,동구,D10,대구광역시 동구 팔공로197길 35
7251075,대구지묘초등학교,대구광역시교육청,동구,D10,대구광역시 동구 파계로6길 54-3
7251077,대구반야월초등학교,대구광역시교육청,동구,D10,대구광역시 동구 안심로49길 70
7251078,대구안일초등학교,대구광역시교육청,동구,D10,대구광역시 동구 율하동로23길 66
7251079,대구송정초등학교,대구광역시교육청,동구,D10,대구광역시 동구 안심로90길 9
7251080,대구숙천초등학교,대구광역시교육청,동구,D10,대구광역시 동구 숙천로 17
7251081,대구고산초등학교,대구광역시교육청,수성구,D10,대구광역시 수성구 달구벌대로 3067
7251082,대구성동초등학교,대구광역시교육청,수성구,D10,대구광역시 수성구 청수로45길 27
7251083,대구신성초등학교,대구광역시교육청,동구,D10,대구광역시 동구 동북로71길 29
7251084,대구동산초등학교,대구광역시교육청,수성구,D10,대구광역시 수성구 동대구로42길 29
7251085,대구경동초등학교,대구광역시교육청,수성구,D10,대구광역시 수성구 청호로76길 12
7251086,대구파동초등학교,대구광역시교육청,수성구,D10,대구광역시 수성구 파동로51길 34
7251087,대구동일초등학교,대구광역시교육청,수성구,D10,대구광역시 수성구 들안로 311
7251088,대구동문초등학교,대구광역시교육청,수성구,D10,대구광역시 수성구 효행로2길 111
7251089,대구불로초등학교,대구광역시교육청,동구,D10,대구광역시 동구 방천로3길 19
7251090,대구덕성초등학교,대구광역시교육청,동구,D10,대구광역시 동구 아양로34길 50
7251091,대구방촌초등학교,대구광역시교육청,동구,D10,대구광역시 동구 동촌로42길 35-14
7251092,대구대청초등학교,대구광역시교육청,수성구,D10,대구광역시 수성구 교학로12길 42
7251093,대구두산초등학교,대구광역시교육청,수성구,D10,대구광역시 수성구 동대구로6길 31
7251094,대구효동초등학교,대구광역시교육청,동구,D10,대구광역시 동구 효동로 78-7
7251095,대구용지초등학교,대구광역시교육청,수성구,D10,대구광역시 수성구 지산로 12
7251096,대구지봉초등학교,대구광역시교육청,수성구,D10,대구광역시 수성구 지범로31길 45
7251097,대구입석초등학교,대구광역시교육청,동구,D10,대구광역시 동구 아양로 300
7251098,대구율하초등학교,대구광역시교육청,동구,D10,대구광역시 동구 율하동로15길 1
7251099,대구범물초등학교,대구광역시교육청,수성구,D10,대구광역시 수성구 지범로41길 33
7251100,대구범일초등학교,대구광역시교육청,수성구,D10,대구광역시 수성구 범안로4길 22
7251101,대구신매초등학교,대구광역시교육청,수성구,D10,대구광역시 수성구 달구벌대로650길 26
7251102,대구시지초등학교,대구광역시교육청,수성구,D10,대구광역시 수성구 달구벌대로631길 17
7251103,대구욱수초등학교,대구광역시교육청,수성구,D10,대구광역시 수성구 신매로 20
7251104,대구노변초등학교,대구광역시교육청,수성구,D10,대구광역시 수성구 노변공원로 52
7251105,대구매호초등학교,대구광역시교육청,수성구,D10,대구광역시 수성구 달구벌대로647길 30
7251106,대구용호초등학교,대구광역시교육청,동구,D10,대구광역시 동구 동촌로56길 82
7251107,대구복명초등학교,대구광역시교육청,수성구,D10,대구광역시 수성구 범안로20길 8
7251108,대구중앙초등학교,대구광역시교육청,수성구,D10,대구광역시 수성구 만촌로 125
7251109,대구동호초등학교,대구광역시교육청,동구,D10,대구광역시 동구 동호로 25
7251110,대구강동초등학교,대구광역시교육청,동구,D10,대구광역시 동구 동호로7길 17
7251111,대구청림초등학교,대구광역시교육청,수성구,D10,대구광역시 수성구 고산로 51
7251112,대구사월초등학교,대구광역시교육청,수성구,D10,대구광역시 수성구 달구벌대로656길 46
7251113,대구매동초등학교,대구광역시교육청,수성구,D10,대구광역시 수성구 천을로31길 16
7251114,대구율원초등학교,대구광역시교육청,동구,D10,대구광역시 동구 율하동로 55
7251116,계성초등학교,대구광역시교육청,중구,D10,대구광역시 중구 달성로 15
7251117,영신초등학교,대구광역시교육청,동구,D10,대구광역시 동구 팔공로50길 32
7251118,대구삼육초등학교,대구광역시교육청,수성구,D10,대구광역시 수성구 청수로 22-23
7251243,대구율금초등학교,대구광역시교육청,동구,D10,대구광역시 동구 안심로16길 70
7251245,대구봉무초등학교,대구광역시교육청,동구,D10,대구광역시 동구 팔공로53길 30
7251259,대구새론초등학교,대구광역시교육청,동구,D10,대구광역시 동구 과학로13길 5
7251268,대구들안길초등학교,대구광역시교육청,수성구,D10,대구광역시 수성구 들안로16길 58
7251301,대구팔공초등학교,대구광역시교육청,동구,D10,대구광역시 동구 연경지묘로 150
7261040,대구서부초등학교,대구광역시교육청,서구,D10,대구광역시 서구 달서로26길 25
7261041,대구달성초등학교,대구광역시교육청,서구,D10,대구광역시 서구 고성로 127
7261042,대구칠성초등학교,대구광역시교육청,북구,D10,대구광역시 북구 침산남로32길 17
7261043,대구인지초등학교,대구광역시교육청,서구,D10,대구광역시 서구 서대구로66길 20
7261044,대구대성초등학교,대구광역시교육청,서구,D10,대구광역시 서구 국채보상로 426
7261045,대구신암초등학교,대구광역시교육청,북구,D10,대구광역시 북구 경대로 21
7261046,대구문성초등학교,대구광역시교육청,북구,D10,대구광역시 북구 복현로 180
7261048,대구중리초등학교,대구광역시교육청,서구,D10,대구광역시 서구 국채보상로 135
7261049,대구침산초등학교,대구광역시교육청,북구,D10,대구광역시 북구 성북로 25
7261050,대구옥산초등학교,대구광역시교육청,북구,D10,대구광역시 북구 칠성시장로23길 55
7261051,대구성북초등학교,대구광역시교육청,북구,D10,대구광역시 북구 호국로57길 42
7261052,대구산격초등학교,대구광역시교육청,북구,D10,대구광역시 북구 산격로10길 14
7261053,대구평리초등학교,대구광역시교육청,서구,D10,대구광역시 서구 국채보상로53길 6-5
7261054,대구비산초등학교,대구광역시교육청,서구,D10,대구광역시 서구 통학로 202
7261055,대구서도초등학교,대구광역시교육청,서구,D10,대구광역시 서구 평리로 395
7261056,대구북비산초등학교,대구광역시교육청,서구,D10,대구광역시 서구 통학로48길 7
7261057,대구이현초등학교,대구광역시교육청,서구,D10,대구광역시 서구 국채보상로37길 35
7261058,대구경운초등학교,대구광역시교육청,서구,D10,대구광역시 서구 평리로54길 16
7261059,서대구초등학교,대구광역시교육청,서구,D10,대구광역시 서구 서대구로63길 28-13
7261060,대구복현초등학교,대구광역시교육청,북구,D10,대구광역시 북구 공항로 58
7261062,대구달서초등학교,대구광역시교육청,서구,D10,대구광역시 서구 국채보상로34길 35
7261063,대구칠곡초등학교,대구광역시교육청,북구,D10,대구광역시 북구 칠곡중앙대로110길 5
7261064,대구매천초등학교,대구광역시교육청,북구,D10,대구광역시 북구 매천로 179
7261065,대구도남초등학교,대구광역시교육청,북구,D10,대구광역시 북구 구리로 202
7261066,대구대산초등학교,대구광역시교육청,북구,D10,대구광역시 북구 신천동로 900
7261067,대구서평초등학교,대구광역시교육청,서구,D10,대구광역시 서구 서대구로45길 60
7261069,북대구초등학교,대구광역시교육청,북구,D10,대구광역시 북구 동북로37길 68
7261070,대구달산초등학교,대구광역시교육청,북구,D10,대구광역시 북구 옥산로17길 37
7261071,대구경진초등학교,대구광역시교육청,북구,D10,대구광역시 북구 경진로12길 5
7261072,대구두류초등학교,대구광역시교육청,서구,D10,대구광역시 서구 달구벌대로357길 22
7261074,대구내서초등학교,대구광역시교육청,서구,D10,대구광역시 서구 달구벌대로371길 35
7261075,대구관음초등학교,대구광역시교육청,북구,D10,대구광역시 북구 관음동로17길 16
7261076,대구관천초등학교,대구광역시교육청,북구,D10,대구광역시 북구 구암로22길 17
7261077,대구태전초등학교,대구광역시교육청,북구,D10,대구광역시 북구 칠곡중앙대로75길 16
7261078,대구북부초등학교,대구광역시교육청,북구,D10,대구광역시 북구 동천로 20
7261079,대구구암초등학교,대구광역시교육청,북구,D10,대구광역시 북구 학정로 245
7261080,대구태현초등학교,대구광역시교육청,북구,D10,대구광역시 북구 태전로 95
7261081,대구교동초등학교,대구광역시교육청,북구,D10,대구광역시 북구 관음중앙로34길 4
7261082,대구대천초등학교,대구광역시교육청,북구,D10,대구광역시 북구 구암로21길 54
7261083,대구팔달초등학교,대구광역시교육청,북구,D10,대구광역시 북구 매천로2길 19-6
7261084,대구태암초등학교,대구광역시교육청,북구,D10,대구광역시 북구 칠곡중앙대로52길 56
7261085,대구강북초등학교,대구광역시교육청,북구,D10,대구광역시 북구 구암서로 50
7261086,대구관남초등학교,대구광역시교육청,북구,D10,대구광역시 북구 칠곡중앙대로91길 10
7261087,대구동평초등학교,대구광역시교육청,북구,D10,대구광역시 북구 동천로 84
7261088,대구학남초등학교,대구광역시교육청,북구,D10,대구광역시 북구 학정동로 23
7261089,대구운암초등학교,대구광역시교육청,북구,D10,대구광역시 북구 대천로 148
7261090,대구동변초등학교,대구광역시교육청,북구,D10,대구광역시 북구 동변로 60
7261091,대구서변초등학교,대구광역시교육청,북구,D10,대구광역시 북구 호국로43길 35
7261092,대구함지초등학교,대구광역시교육청,북구,D10,대구광역시 북구 동천로 33
7261093,대구학정초등학교,대구광역시교육청,북구,D10,대구광역시 북구 학남로 32
7261094,대구관문초등학교,대구광역시교육청,북구,D10,대구광역시 북구 매전로 32
7261210,대구사수초등학교,대구광역시교육청,북구,D10,대구광역시 북구 내곡로 124
7261218,대구삼영초등학교,대구광역시교육청,북구,D10,대구광역시 북구 내곡로 63
7261225,대구연경초등학교,대구광역시교육청,북구,D10,대구광역시 북구 연경중앙로11길 19
7261228,대구국우초등학교,대구광역시교육청,북구,D10,대구광역시 북구 도남중앙로10길 45
7271048,대구대명초등학교,대구광역시교육청,남구,D10,대구광역시 남구 대명로 100
7271049,대구대봉초등학교,대구광역시교육청,남구,D10,대구광역시 남구 대봉로26길 33
7271050,대구내당초등학교,대구광역시교육청,달서구,D10,대구광역시 달서구 명덕로 22-9
7271051,대구영선초등학교,대구광역시교육청,남구,D10,대구광역시 남구 영선길 96
7271052,대구봉덕초등학교,대구광역시교육청,남구,D10,대구광역시 남구 효성로 71
7271053,대구신흥초등학교,대구광역시교육청,달서구,D10,대구광역시 달서구 두류공원로 257
7271054,대구성남초등학교,대구광역시교육청,달서구,D10,대구광역시 달서구 성당로47길 35
7271055,대구남도초등학교,대구광역시교육청,남구,D10,대구광역시 남구 현충동길 74
7271056,대구성명초등학교,대구광역시교육청,남구,D10,대구광역시 남구 성당로30길 55
7271057,대구남부초등학교,대구광역시교육청,달서구,D10,대구광역시 달서구 야외음악당로 15길
7271058,대구대덕초등학교,대구광역시교육청,남구,D10,대구광역시 남구 대명서로 28
7271059,대구성서초등학교,대구광역시교육청,달서구,D10,대구광역시 달서구 달구벌대로 1339
7271060,대구본리초등학교,대구광역시교육청,달서구,D10,대구광역시 달서구 장기로 198
7271061,대구월배초등학교,대구광역시교육청,달서구,D10,대구광역시 달서구 월배로 131
7271062,대구상인초등학교,대구광역시교육청,달서구,D10,대구광역시 달서구 월곡로 211
7271063,대구송현초등학교,대구광역시교육청,달서구,D10,대구광역시 달서구 송현로 128
7271064,대구진천초등학교,대구광역시교육청,달서구,D10,대구광역시 달서구 상화로9길 65
7271065,대구효명초등학교,대구광역시교육청,남구,D10,대구광역시 남구 앞산순환로 707
7271066,남대구초등학교,대구광역시교육청,남구,D10,대구광역시 남구 중앙대로47길 55
7271067,대구죽전초등학교,대구광역시교육청,달서구,D10,대구광역시 달서구 죽전길 127
7271068,대구성당초등학교,대구광역시교육청,달서구,D10,대구광역시 달서구 대명천로 118
7271069,대구남명초등학교,대구광역시교육청,남구,D10,대구광역시 남구 큰골4길 41
7271070,대구감삼초등학교,대구광역시교육청,달서구,D10,대구광역시 달서구 당산로 123
7271071,대구대남초등학교,대구광역시교육청,달서구,D10,대구광역시 달서구 월배로68길 91
7271072,대구용산초등학교,대구광역시교육청,달서구,D10,대구광역시 달서구 와룡로49길 80
7271073,대구남송초등학교,대구광역시교육청,달서구,D10,대구광역시 달서구 송현로 192
7271074,대구덕인초등학교,대구광역시교육청,달서구,D10,대구광역시 달서구 대명천로43길 66
7271075,대구남덕초등학교,대구광역시교육청,남구,D10,대구광역시 남구 앞산순환로93길 33
7271076,대구진월초등학교,대구광역시교육청,달서구,D10,대구광역시 달서구 진천로4길 32
7271077,대구학산초등학교,대구광역시교육청,달서구,D10,대구광역시 달서구 월성로 76
7271078,대구대서초등학교,대구광역시교육청,달서구,D10,대구광역시 달서구 송현로 9
7271079,대구월성초등학교,대구광역시교육청,달서구,D10,대구광역시 달서구 학산로7길 26
7271080,대구송일초등학교,대구광역시교육청,달서구,D10,대구광역시 달서구 학산로2길 38
7271081,대구감천초등학교,대구광역시교육청,달서구,D10,대구광역시 달서구 구마로12길 60
7271082,대구월촌초등학교,대구광역시교육청,달서구,D10,대구광역시 달서구 상인서로 60
7271084,대구상원초등학교,대구광역시교육청,달서구,D10,대구광역시 달서구 월곡로20길 15
7271085,대구신당초등학교,대구광역시교육청,달서구,D10,대구광역시 달서구 서당로 14
7271086,대구와룡초등학교,대구광역시교육청,달서구,D10,대구광역시 달서구 선원남로 22
7271087,대구대곡초등학교,대구광역시교육청,달서구,D10,대구광역시 달서구 도원남로 60
7271088,대구성지초등학교,대구광역시교육청,달서구,D10,대구광역시 달서구 새동네로 27
7271089,대구노전초등학교,대구광역시교육청,달서구,D10,대구광역시 달서구 한실로 43
7271090,대구도원초등학교,대구광역시교육청,달서구,D10,대구광역시 달서구 도원남로 100-30
7271091,대구이곡초등학교,대구광역시교육청,달서구,D10,대구광역시 달서구 선원남로 120
7271092,대구선원초등학교,대구광역시교육청,달서구,D10,대구광역시 달서구 선원로33길 105
7271093,대구성산초등학교,대구광역시교육청,달서구,D10,대구광역시 달서구 선원남로 173
7271094,대구신서초등학교,대구광역시교육청,달서구,D10,대구광역시 달서구 계대동문로3길 46
7271095,대구장산초등학교,대구광역시교육청,달서구,D10,대구광역시 달서구 장산로 30
7271096,대구용전초등학교,대구광역시교육청,달서구,D10,대구광역시 달서구 용산로 260
7271098,대구장기초등학교,대구광역시교육청,달서구,D10,대구광역시 달서구 장기로 280
7271099,대구대진초등학교,대구광역시교육청,달서구,D10,대구광역시 달서구 상화로 70
7271100,대구성곡초등학교,대구광역시교육청,달서구,D10,대구광역시 달서구 선원남로 127
7271101,대구장동초등학교,대구광역시교육청,달서구,D10,대구광역시 달서구 달구벌대로304길 112
7271102,대구장성초등학교,대구광역시교육청,달서구,D10,대구광역시 달서구 달구벌대로 1429-11
7271103,대구월서초등학교,대구광역시교육청,달서구,D10,대구광역시 달서구 월배로39길 46
7271104,대구호산초등학교,대구광역시교육청,달서구,D10,대구광역시 달서구 달서대로109길 116
7271105,대구유천초등학교,대구광역시교육청,달서구,D10,대구광역시 달서구 달서대로 39
7271106,대구신월초등학교,대구광역시교육청,달서구,D10,대구광역시 달서구 조암남로 100
7271107,대구조암초등학교,대구광역시교육청,달서구,D10,대구광역시 달서구 조암로5길 19
7271108,효성초등학교,대구광역시교육청,달서구,D10,대구광역시 달서구 송현로 81
7271200,대구월암초등학교,대구광역시교육청,달서구,D10,대구광역시 달서구 조암로6길 55
7271215,대구한샘초등학교,대구광역시교육청,달서구,D10,대구광역시 달서구 월배로11길 42
7271235,대구한솔초등학교,대구광역시교육청,달서구,D10,대구광역시 달서구 조암남로 172-13
7271250,대구용천초등학교,대구광역시교육청,달서구,D10,대구광역시 달서구 조암남로32길 55
7271258,대구한실초등학교,대구광역시교육청,달서구,D10,대구광역시 달서구 한실로6길 108
7281017,대구화원초등학교,대구광역시교육청,달성군,D10,대구광역시 달성군 화원읍 비슬로 2580
7281018,대구옥포초등학교,대구광역시교육청,달성군,D10,대구광역시 달성군 옥포읍 비슬로 2220
7281019,대구금계초등학교,대구광역시교육청,달성군,D10,대구광역시 달성군 옥포읍 금계길 55
7281020,대구반송초등학교,대구광역시교육청,달성군,D10,대구광역시 달성군 옥포읍 용연사길 5
7281021,대구금포초등학교,대구광역시교육청,달성군,D10,대구광역시 달성군 논공읍 금포초등길 28
7281022,대구북동초등학교,대구광역시교육청,달성군,D10,대구광역시 달성군 논공읍 논공로11길 18
7281023,대구현풍초등학교,대구광역시교육청,달성군,D10,대구광역시 달성군 현풍읍 비슬로134길 167-6
7281024,대구유가초등학교,대구광역시교육청,달성군,D10,대구광역시 달성군 유가읍 테크노대로5길 34
7281025,대구구지초등학교,대구광역시교육청,달성군,D10,대구광역시 달성군 구지면 창리로11길 45-11
7281026,대구다사초등학교,대구광역시교육청,달성군,D10,대구광역시 달성군 다사읍 다사로 86
7281027,대구서재초등학교,대구광역시교육청,달성군,D10,대구광역시 달성군 다사읍 서재로 100
7281028,대구동곡초등학교,대구광역시교육청,달성군,D10,대구광역시 달성군 하빈면 달구벌대로55길 104-4
7281029,대구하빈초등학교,대구광역시교육청,달성군,D10,대구광역시 달성군 하빈면 하빈로 391-1
7281030,대구용계초등학교,대구광역시교육청,달성군,D10,대구광역시 달성군 가창면 가창로221길 1
7281031,대구가창초등학교,대구광역시교육청,달성군,D10,대구광역시 달성군 가창면 가창로 640
7281032,대구남동초등학교,대구광역시교육청,달성군,D10,대구광역시 달성군 논공읍 논공로 258
7281033,대구화남초등학교,대구광역시교육청,달성군,D10,대구광역시 달성군 화원읍 명천로 181
7281034,대구죽곡초등학교,대구광역시교육청,달성군,D10,대구광역시 달성군 다사읍 죽곡1길 18
7281035,대구명곡초등학교,대구광역시교육청,달성군,D10,대구광역시 달성군 화원읍 명곡로 40
7281036,대구천내초등학교,대구광역시교육청,달성군,D10,대구광역시 달성군 화원읍 성천로 192
7281037,대구도림초등학교,대구광역시교육청,달성군,D10,대구광역시 달성군 다사읍 서재로26길 94
7281038,대구논공초등학교,대구광역시교육청,달성군,D10,대구광역시 달성군 논공읍 논공로7길 41
7281039,대구화동초등학교,대구광역시교육청,달성군,D10,대구광역시 달성군 화원읍 성암로 38
7281040,대구왕선초등학교,대구광역시교육청,달성군,D10,대구광역시 달성군 다사읍 대실역북로 93
7281041,대구매곡초등학교,대구광역시교육청,달성군,D10,대구광역시 달성군 다사읍 대실역북로3길 6
7281102,대구강림초등학교,대구광역시교육청,달성군,D10,대구광역시 달성군 옥포읍 돌미로 15
7281103,대구대실초등학교,대구광역시교육청,달성군,D10,대구광역시 달성군 다사읍 대실역남로1길 31
7281104,대구비슬초등학교,대구광역시교육청,달성군,D10,대구광역시 달성군 유가읍 테크노북로 144
7281105,대구세천초등학교,대구광역시교육청,달성군,D10,대구광역시 달성군 다사읍 세천로 182-9
7281110,대구서동초등학교,대구광역시교육청,달성군,D10,대구광역시 달성군 다사읍 서재로7길 55
7281111,대구세현초등학교,대구광역시교육청,달성군,D10,대구광역시 달성군 구지면 국가산단대로66길 10
7281112,대구포산초등학교,대구광역시교육청,달성군,D10,대구광역시 달성군 현풍읍 테크노북로 80
7281127,대구테크노초등학교,대구광역시교육청,달성군,D10,대구광역시 달성군 유가읍 현풍로 245
7321012,대청초등학교,인천광역시교육청,옹진군,E10,인천광역시 옹진군 대청면 대청로244번길 110
7321013,덕적초등학교,인천광역시교육청,옹진군,E10,인천광역시 옹진군 덕적면 덕적남로 15
7321014,백령초등학교,인천광역시교육청,옹진군,E10,인천광역시 옹진군 백령면 백령로316번길 91
7321015,북포초등학교,인천광역시교육청,옹진군,E10,인천광역시 옹진군 백령면 가을길 117
7321016,연평초등학교,인천광역시교육청,옹진군,E10,인천광역시 옹진군 연평면 연평로137번길 101
7321017,영흥초등학교,인천광역시교육청,옹진군,E10,인천광역시 옹진군 영흥면 영흥로 440-8
7321018,인천경원초등학교,인천광역시교육청,미추홀구,E10,인천광역시 미추홀구 경인로 511
7321019,인천공항초등학교,인천광역시교육청,영종구,E10,인천광역시 영종구 신도시남로 43
7321020,인천관교초등학교,인천광역시교육청,미추홀구,E10,인천광역시 미추홀구 인하로 414
7321021,인천남부초등학교,인천광역시교육청,미추홀구,E10,인천광역시 미추홀구 인주대로366번길 22
7321022,인천대화초등학교,인천광역시교육청,미추홀구,E10,인천광역시 미추홀구 석정로301번길 13
7321023,인천도화초등학교,인천광역시교육청,미추홀구,E10,인천광역시 미추홀구 경인로 242
7321024,인천만석초등학교,인천광역시교육청,제물포구,E10,인천광역시 제물포구 제물량로 412
7321025,인천문학초등학교,인천광역시교육청,미추홀구,E10,인천광역시 미추홀구 매소홀로 553
7321026,인천백학초등학교,인천광역시교육청,미추홀구,E10,인천광역시 미추홀구 매소홀로446번길 25
7321027,인천삼목초등학교,인천광역시교육청,영종구,E10,인천광역시 영종구 신도시북로 42
7321028,인천서림초등학교,인천광역시교육청,제물포구,E10,인천광역시 제물포구 금곡로 105
7321029,인천서화초등학교,인천광역시교육청,미추홀구,E10,인천광역시 미추홀구 송림로 250
7321030,인천서흥초등학교,인천광역시교육청,제물포구,E10,인천광역시 제물포구 샛골로 189
7321031,인천석암초등학교,인천광역시교육청,미추홀구,E10,인천광역시 미추홀구 주안동로 46
7321032,인천송림초등학교,인천광역시교육청,제물포구,E10,인천광역시 제물포구 화도진로 10
7321033,인천송월초등학교,인천광역시교육청,제물포구,E10,인천광역시 제물포구 자유공원로 106-8
7321034,인천송현초등학교,인천광역시교육청,제물포구,E10,인천광역시 제물포구 송화로 45
7321035,인천숭의초등학교,인천광역시교육청,미추홀구,E10,인천광역시 미추홀구 장천로 99
7321036,인천승학초등학교,인천광역시교육청,미추홀구,E10,인천광역시 미추홀구 주승로 259
7321037,인천신광초등학교,인천광역시교육청,제물포구,E10,인천광역시 제물포구 인중로 63
7321038,인천신선초등학교,인천광역시교육청,제물포구,E10,인천광역시 제물포구 축항대로291번길 33
7321039,인천신흥초등학교,인천광역시교육청,제물포구,E10,인천광역시 제물포구 제물량로 134
7321040,인천연안초등학교,인천광역시교육청,제물포구,E10,인천광역시 제물포구 연안부두로33번길 53
7321041,인천연학초등학교,인천광역시교육청,미추홀구,E10,인천광역시 미추홀구 주승로 20
7321042,인천영종초등학교,인천광역시교육청,영종구,E10,인천광역시 영종구 하늘달빛로 133
7321043,인천용유초등학교,인천광역시교육청,영종구,E10,인천광역시 영종구 남북로87번길 4
7321044,인천용일초등학교,인천광역시교육청,미추홀구,E10,인천광역시 미추홀구 인주대로 244
7321045,인천용정초등학교,인천광역시교육청,미추홀구,E10,인천광역시 미추홀구 독정안길 26
7321046,인천용현남초등학교,인천광역시교육청,미추홀구,E10,인천광역시 미추홀구 매소홀로 133
7321047,인천용현초등학교,인천광역시교육청,미추홀구,E10,인천광역시 미추홀구 낙섬동로 83
7321048,인천운남초등학교,인천광역시교육청,영종구,E10,인천광역시 영종구 운남서로 38
7321049,인천운서초등학교,인천광역시교육청,영종구,E10,인천광역시 영종구 운서2로 57
7321050,인천인주초등학교,인천광역시교육청,미추홀구,E10,인천광역시 미추홀구 매소홀로475번길 53
7321051,인천주안남초등학교,인천광역시교육청,미추홀구,E10,인천광역시 미추홀구 인주대로434번길 11
7321052,인천주안북초등학교,인천광역시교육청,미추홀구,E10,인천광역시 미추홀구 석정로375번길 14
7321053,인천주안초등학교,인천광역시교육청,미추홀구,E10,인천광역시 미추홀구 남주길69번길 16
7321054,인천창영초등학교,인천광역시교육청,제물포구,E10,인천광역시 제물포구 우각로15번길 16
7321055,인천학산초등학교,인천광역시교육청,미추홀구,E10,인천광역시 미추홀구 한나루로357번길 66
7321056,인천학익초등학교,인천광역시교육청,미추홀구,E10,인천광역시 미추홀구 한나루로403번길 122
7321059,인천공항초등학교신도분교장,인천광역시교육청,옹진군,E10,인천광역시 옹진군 북도면 신도로896번길 18-31
7321060,인천남부초등학교이작분교장,인천광역시교육청,옹진군,E10,인천광역시 옹진군 자월면 대이작로 60
7321061,인천삼목초등학교장봉분교장,인천광역시교육청,옹진군,E10,인천광역시 옹진군 북도면 장봉로 553
7321062,인천영종초등학교금산분교장,인천광역시교육청,중구,E10,인천광역시 중구 백운로414번길 63-50
7321064,인천용현남초등학교자월분교장,인천광역시교육청,옹진군,E10,인천광역시 옹진군 자월면 자월서로 177
7321065,인천주안남초등학교승봉분교장,인천광역시교육청,옹진군,E10,인천광역시 옹진군 자월면 승봉로67번길 43-18
7321066,영화초등학교,인천광역시교육청,제물포구,E10,인천광역시 제물포구 우각로 39
7321067,인천동명초등학교,인천광역시교육청,제물포구,E10,인천광역시 제물포구 송림로70번길 10
7321068,인성초등학교,인천광역시교육청,제물포구,E10,인천광역시 제물포구 신포로39번길 42
7321196,인천하늘초등학교,인천광역시교육청,영종구,E10,인천광역시 영종구 은하수로 294
7321214,인천용학초등학교,인천광역시교육청,미추홀구,E10,인천광역시 미추홀구 용정공원로83번길 9
7321221,인천중산초등학교,인천광역시교육청,영종구,E10,인천광역시 영종구 두미포로 100
7321228,인천별빛초등학교,인천광역시교육청,영종구,E10,인천광역시 영종구 은하수로 402
7321236,인천윤슬초등학교,인천광역시교육청,영종구,E10,인천광역시 영종구 영종대로278번길 27
7321238,인천달빛초등학교,인천광역시교육청,영종구,E10,인천광역시 영종구 은하수로 124
7331011,인천갈산초등학교,인천광역시교육청,부평구,E10,인천광역시 부평구 갈월동로 55
7331012,인천갈월초등학교,인천광역시교육청,부평구,E10,인천광역시 부평구 주부토로 165
7331013,인천개흥초등학교,인천광역시교육청,부평구,E10,인천광역시 부평구 길주남로65번길 11
7331014,인천구산초등학교,인천광역시교육청,부평구,E10,인천광역시 부평구 부개로 93
7331015,인천굴포초등학교,인천광역시교육청,부평구,E10,인천광역시 부평구 충선로234번길 19
7331016,인천금마초등학교,인천광역시교육청,부평구,E10,인천광역시 부평구 일신로 88
7331017,인천대정초등학교,인천광역시교육청,부평구,E10,인천광역시 부평구 안남로 115
7331018,인천동수초등학교,인천광역시교육청,부평구,E10,인천광역시 부평구 동수로120번길 10
7331019,인천동암초등학교,인천광역시교육청,부평구,E10,인천광역시 부평구 동암남로35번길 4
7331020,인천마곡초등학교,인천광역시교육청,부평구,E10,인천광역시 부평구 마곡로27번길 16
7331021,인천마장초등학교,인천광역시교육청,부평구,E10,인천광역시 부평구 안남로 266
7331022,인천미산초등학교,인천광역시교육청,부평구,E10,인천광역시 부평구 원적로 391
7331023,인천백운초등학교,인천광역시교육청,부평구,E10,인천광역시 부평구 아트센터로 130
7331024,인천부개서초등학교,인천광역시교육청,부평구,E10,인천광역시 부평구 부일로 39
7331025,인천부개초등학교,인천광역시교육청,부평구,E10,인천광역시 부평구 마분로 9
7331026,인천부곡초등학교,인천광역시교육청,부평구,E10,인천광역시 부평구 마장로272번길 73
7331027,인천부광초등학교,인천광역시교육청,부평구,E10,인천광역시 부평구 충선로 104
7331028,인천부내초등학교,인천광역시교육청,부평구,E10,인천광역시 부평구 수변로 129
7331029,인천부마초등학교,인천광역시교육청,부평구,E10,인천광역시 부평구 안남로253번길 41
7331030,인천부원초등학교,인천광역시교육청,부평구,E10,인천광역시 부평구 원적로472번길 29
7331031,인천부일초등학교,인천광역시교육청,부평구,E10,인천광역시 부평구 부흥북로 175
7331032,인천부평남초등학교,인천광역시교육청,부평구,E10,인천광역시 부평구 경인로911번길 28
7331033,인천부평동초등학교,인천광역시교육청,부평구,E10,인천광역시 부평구 부평대로88번길 19
7331034,인천부평북초등학교,인천광역시교육청,부평구,E10,인천광역시 부평구 주부토로 292
7331035,인천부평서초등학교,인천광역시교육청,부평구,E10,인천광역시 부평구 부평문화로53번길 19
7331036,인천부흥초등학교,인천광역시교육청,부평구,E10,인천광역시 부평구 부흥로366번길 34
7331037,인천산곡남초등학교,인천광역시교육청,부평구,E10,인천광역시 부평구 부흥로144번길 30
7331038,인천산곡북초등학교,인천광역시교육청,부평구,E10,인천광역시 부평구 산청로 18
7331039,인천산곡초등학교,인천광역시교육청,부평구,E10,인천광역시 부평구 길주로354번길 39
7331040,인천삼산초등학교,인천광역시교육청,부평구,E10,인천광역시 부평구 후정동로 44
7331041,인천상정초등학교,인천광역시교육청,부평구,E10,인천광역시 부평구 상정로 50
7331042,인천신촌초등학교,인천광역시교육청,부평구,E10,인천광역시 부평구 경원대로 1215
7331043,인천십정초등학교,인천광역시교육청,부평구,E10,인천광역시 부평구 배곶북로 10-6
7331044,인천영선초등학교,인천광역시교육청,부평구,E10,인천광역시 부평구 충선로 293
7331045,인천용마초등학교,인천광역시교육청,부평구,E10,인천광역시 부평구 세월천로30번길 58
7331046,인천일신초등학교,인천광역시교육청,부평구,E10,인천광역시 부평구 항동로75번길 36
7331047,인천진산초등학교,인천광역시교육청,부평구,E10,인천광역시 부평구 굴포로 194-10
7331048,인천청천초등학교,인천광역시교육청,부평구,E10,인천광역시 부평구 산청로127번길 10
7331049,인천하정초등학교,인천광역시교육청,부평구,E10,인천광역시 부평구 이규보로 14
7331050,인천한길초등학교,인천광역시교육청,부평구,E10,인천광역시 부평구 영성중로 32
7331051,인천후정초등학교,인천광역시교육청,부평구,E10,인천광역시 부평구 영성서로 56
7331052,한일초등학교,인천광역시교육청,부평구,E10,인천광역시 부평구 원적로 247
7331185,인천계산초등학교,인천광역시교육청,계양구,E10,인천광역시 계양구 경명대로 1005
7331186,인천계양초등학교,인천광역시교육청,계양구,E10,인천광역시 계양구 장제로 1288
7331188,인천귤현초등학교,인천광역시교육청,계양구,E10,인천광역시 계양구 귤현길 15
7331189,인천길주초등학교,인천광역시교육청,계양구,E10,인천광역시 계양구 용종로 90
7331190,인천당산초등학교,인천광역시교육청,계양구,E10,인천광역시 계양구 동양로 122
7331191,인천명현초등학교,인천광역시교육청,계양구,E10,인천광역시 계양구 봉오대로569번길 10
7331192,인천병방초등학교,인천광역시교육청,계양구,E10,인천광역시 계양구 병방로 2
7331193,인천부평초등학교,인천광역시교육청,계양구,E10,인천광역시 계양구 어사대로 20
7331194,인천부현동초등학교,인천광역시교육청,계양구,E10,인천광역시 계양구 용종로 5
7331195,인천부현초등학교,인천광역시교육청,계양구,E10,인천광역시 계양구 장제로755번길 30
7331196,인천서운초등학교,인천광역시교육청,계양구,E10,인천광역시 계양구 서운로 12
7331197,인천성지초등학교,인천광역시교육청,계양구,E10,인천광역시 계양구 아나지로247번길 8
7331198,인천소양초등학교,인천광역시교육청,계양구,E10,인천광역시 계양구 박촌로 53
7331199,인천신대초등학교,인천광역시교육청,계양구,E10,인천광역시 계양구 계산새로 133
7331200,인천안남초등학교,인천광역시교육청,계양구,E10,인천광역시 계양구 경명대로1114번길 26
7331201,인천안산초등학교,인천광역시교육청,계양구,E10,인천광역시 계양구 임학서로 15
7331202,인천양촌초등학교,인천광역시교육청,계양구,E10,인천광역시 계양구 장제로 954
7331203,인천작동초등학교,인천광역시교육청,계양구,E10,인천광역시 계양구 까치말로 35
7331204,인천작전초등학교,인천광역시교육청,계양구,E10,인천광역시 계양구 주부토로 456
7331205,인천해서초등학교,인천광역시교육청,계양구,E10,인천광역시 계양구 계산로 42-1
7331206,인천화전초등학교,인천광역시교육청,계양구,E10,인천광역시 계양구 효서로303번길 8
7331207,인천효성남초등학교,인천광역시교육청,계양구,E10,인천광역시 계양구 새벌로 125
7331208,인천효성동초등학교,인천광역시교육청,계양구,E10,인천광역시 계양구 새벌로171번길 4
7331209,인천효성서초등학교,인천광역시교육청,계양구,E10,인천광역시 계양구 봉오대로 457
7331210,인천효성초등학교,인천광역시교육청,계양구,E10,인천광역시 계양구 안남로 601
7331247,인천계양초등학교상야분교장,인천광역시교육청,계양구,E10,인천광역시 계양구 벌말로 572-1
7341012,상인천초등학교,인천광역시교육청,남동구,E10,인천광역시 남동구 석산로141번길 29
7341013,인천간석초등학교,인천광역시교육청,남동구,E10,인천광역시 남동구 석산로208번길 37
7341014,인천고잔초등학교,인천광역시교육청,남동구,E10,인천광역시 남동구 아암대로1503번길 48
7341015,인천구월서초등학교,인천광역시교육청,남동구,E10,인천광역시 남동구 문화서로77번길 14
7341016,인천구월초등학교,인천광역시교육청,남동구,E10,인천광역시 남동구 인주대로 721번길 49
7341017,인천남동초등학교,인천광역시교육청,남동구,E10,인천광역시 남동구 장승남로33번길 10
7341018,인천남촌초등학교,인천광역시교육청,남동구,E10,인천광역시 남동구 남촌로 101
7341019,인천논곡초등학교,인천광역시교육청,남동구,E10,인천광역시 남동구 함박뫼로 429
7341020,인천논현초등학교,인천광역시교육청,남동구,E10,인천광역시 남동구 소래역로 102
7341021,인천능허대초등학교,인천광역시교육청,연수구,E10,인천광역시 연수구 한진로 12
7341022,인천담방초등학교,인천광역시교육청,남동구,E10,인천광역시 남동구 매소홀로 1027
7341023,인천도림초등학교,인천광역시교육청,남동구,E10,인천광역시 남동구 논고개로334번길 21
7341024,인천동막초등학교,인천광역시교육청,연수구,E10,인천광역시 연수구 원인재로 36
7341025,인천동방초등학교,인천광역시교육청,남동구,E10,인천광역시 남동구 논현역로 31
7341026,인천동부초등학교,인천광역시교육청,남동구,E10,인천광역시 남동구 만수서로33번길 25
7341027,인천동춘초등학교,인천광역시교육청,연수구,E10,인천광역시 연수구 앵고개로 224
7341028,인천만수북초등학교,인천광역시교육청,남동구,E10,인천광역시 남동구 백범로180번길 25
7341029,인천만수초등학교,인천광역시교육청,남동구,E10,인천광역시 남동구 소래로 652
7341030,인천만월초등학교,인천광역시교육청,남동구,E10,인천광역시 남동구 선수촌로 28
7341031,인천먼우금초등학교,인천광역시교육청,연수구,E10,인천광역시 연수구 해돋이로84번길 33
7341032,인천문남초등학교,인천광역시교육청,연수구,E10,인천광역시 연수구 먼우금로 273
7341033,인천상아초등학교,인천광역시교육청,남동구,E10,인천광역시 남동구 석산로184번길 66
7341034,인천새말초등학교,인천광역시교육청,남동구,E10,인천광역시 남동구 만수로50번길 12
7341035,인천서면초등학교,인천광역시교육청,연수구,E10,인천광역시 연수구 먼우금로 54
7341036,인천서창초등학교,인천광역시교육청,남동구,E10,인천광역시 남동구 장아산로174번길 8
7341037,인천석정초등학교,인천광역시교육청,남동구,E10,인천광역시 남동구 석정로539번길 32
7341038,인천석천초등학교,인천광역시교육청,남동구,E10,인천광역시 남동구 남동대로 828
7341039,인천선학초등학교,인천광역시교육청,연수구,E10,인천광역시 연수구 선학로 67
7341040,인천성리초등학교,인천광역시교육청,남동구,E10,인천광역시 남동구 성리로 32-2
7341041,인천소래초등학교,인천광역시교육청,남동구,E10,인천광역시 남동구 장도로 2
7341042,인천송도초등학교,인천광역시교육청,연수구,E10,인천광역시 연수구 비류대로214번길 21
7341043,인천신송초등학교,인천광역시교육청,연수구,E10,인천광역시 연수구 해돋이로56번길 28
7341044,인천신월초등학교,인천광역시교육청,남동구,E10,인천광역시 남동구 인주대로776번길 14
7341045,인천신정초등학교,인천광역시교육청,연수구,E10,인천광역시 연수구 아트센터대로97번길 72
7341046,인천약산초등학교,인천광역시교육청,남동구,E10,인천광역시 남동구 간석로26번길 10
7341047,인천연성초등학교,인천광역시교육청,연수구,E10,인천광역시 연수구 원인재로 116
7341048,인천연수초등학교,인천광역시교육청,연수구,E10,인천광역시 연수구 원인재로 324
7341049,인천연화초등학교,인천광역시교육청,연수구,E10,인천광역시 연수구 원인재로 150
7341050,인천옥련초등학교,인천광역시교육청,연수구,E10,인천광역시 연수구 한진로 30
7341051,인천은봉초등학교,인천광역시교육청,남동구,E10,인천광역시 남동구 은봉로312번길 11
7341052,인천인동초등학교,인천광역시교육청,남동구,E10,인천광역시 남동구 백범로248번길 38
7341053,인천인수초등학교,인천광역시교육청,남동구,E10,인천광역시 남동구 인수로 3
7341054,인천장도초등학교,인천광역시교육청,남동구,E10,인천광역시 남동구 포구로 112
7341055,인천장수초등학교,인천광역시교육청,남동구,E10,인천광역시 남동구 담방로 121
7341056,인천정각초등학교,인천광역시교육청,남동구,E10,인천광역시 남동구 구월로 228
7341057,인천조동초등학교,인천광역시교육청,남동구,E10,인천광역시 남동구 백범로124번길 164
7341058,인천주원초등학교,인천광역시교육청,남동구,E10,인천광역시 남동구 주안로259번길 28
7341059,인천중앙초등학교,인천광역시교육청,연수구,E10,인천광역시 연수구 새말로 153
7341060,인천청량초등학교,인천광역시교육청,연수구,E10,인천광역시 연수구 먼우금로 158
7341061,인천청학초등학교,인천광역시교육청,연수구,E10,인천광역시 연수구 함박뫼로 25
7341062,인천축현초등학교,인천광역시교육청,연수구,E10,인천광역시 연수구 청량로 176
7341063,인천함박초등학교,인천광역시교육청,연수구,E10,인천광역시 연수구 함박뫼로 87
7341064,인천해송초등학교,인천광역시교육청,연수구,E10,인천광역시 연수구 인천타워대로54번길 46
7341065,인천박문초등학교,인천광역시교육청,연수구,E10,인천광역시 연수구 봉재산로 138-22
7341219,인천원동초등학교,인천광역시교육청,남동구,E10,인천광역시 남동구 논고개로 38
7341220,인천사리울초등학교,인천광역시교육청,남동구,E10,인천광역시 남동구 아암대로1437번길 50
7341221,인천송천초등학교,인천광역시교육청,남동구,E10,인천광역시 남동구 앵고개로815번길 45
7341234,인천명선초등학교,인천광역시교육청,연수구,E10,인천광역시 연수구 컨벤시아대로42번길 64
7341236,인천한빛초등학교,인천광역시교육청,남동구,E10,인천광역시 남동구 서창남순환로 190-28
7341243,인천송원초등학교,인천광역시교육청,연수구,E10,인천광역시 연수구 송도과학로51번길 60
7341253,인천송명초등학교,인천광역시교육청,연수구,E10,인천광역시 연수구 송도교육로 19
7341270,인천장서초등학교,인천광역시교육청,남동구,E10,인천광역시 남동구 서창남순환로 109
7341271,인천송일초등학교,인천광역시교육청,연수구,E10,인천광역시 연수구 컨벤시아대로252번길 15
7341277,인천연송초등학교,인천광역시교육청,연수구,E10,인천광역시 연수구 해돋이로 248
7341283,인천첨단초등학교,인천광역시교육청,연수구,E10,인천광역시 연수구 송도교육로 20
7341288,인천예송초등학교,인천광역시교육청,연수구,E10,인천광역시 연수구 컨벤시아대로252번길 75
7341291,인천미송초등학교,인천광역시교육청,연수구,E10,인천광역시 연수구 아카데미로 667
7341293,인천장아초등학교,인천광역시교육청,남동구,E10,인천광역시 남동구 서창방산로 93
7341301,인천새봄초등학교,인천광역시교육청,연수구,E10,인천광역시 연수구 앵고개로104번길 34
7341304,인천은송초등학교,인천광역시교육청,연수구,E10,인천광역시 연수구 센트럴로 460
7341306,인천현송초등학교,인천광역시교육청,연수구,E10,인천광역시 연수구 아카데미로312번길 96
7341308,인천송담초등학교,인천광역시교육청,연수구,E10,인천광역시 연수구 아카데미로 627
7341313,인천송빛초등학교,인천광역시교육청,연수구,E10,인천광역시 연수구 아카데미로343번길 27
7351006,갑룡초등학교,인천광역시교육청,강화군,E10,인천광역시 강화군 강화읍 갑룡길 88
7351007,강화초등학교,인천광역시교육청,강화군,E10,인천광역시 강화군 강화읍 북문길 36
7351008,교동초등학교,인천광역시교육청,강화군,E10,인천광역시 강화군 교동면 대룡안길 29
7351009,길상초등학교,인천광역시교육청,강화군,E10,인천광역시 강화군 길상면 삼랑성길 22
7351011,내가초등학교,인천광역시교육청,강화군,E10,인천광역시 강화군 내가면 강화서로 264
7351012,대월초등학교,인천광역시교육청,강화군,E10,인천광역시 강화군 강화읍 대월로 216
7351013,명신초등학교,인천광역시교육청,강화군,E10,인천광역시 강화군 하점면 강화서로560번길 22
7351014,불은초등학교,인천광역시교육청,강화군,E10,인천광역시 강화군 불은면 불은남로544번길 9
7351015,삼산초등학교,인천광역시교육청,강화군,E10,인천광역시 강화군 삼산면 삼산북로 451
7351016,삼성초등학교,인천광역시교육청,강화군,E10,인천광역시 강화군 불은면 중앙로 609
7351017,서도초등학교,인천광역시교육청,강화군,E10,인천광역시 강화군 서도면 주문도길 173
7351019,선원초등학교,인천광역시교육청,강화군,E10,인천광역시 강화군 선원면 강화동로 924
7351020,송해초등학교,인천광역시교육청,강화군,E10,인천광역시 강화군 송해면 전망대로 93-12
7351021,양도초등학교,인천광역시교육청,강화군,E10,인천광역시 강화군 양도면 강화남로 1036
7351022,양사초등학교,인천광역시교육청,강화군,E10,인천광역시 강화군 양사면 덕하로 145
7351023,조산초등학교,인천광역시교육청,강화군,E10,인천광역시 강화군 양도면 강화남로 510
7351025,하점초등학교,인천광역시교육청,강화군,E10,인천광역시 강화군 하점면 강화대로 1190
7351026,합일초등학교,인천광역시교육청,강화군,E10,인천광역시 강화군 강화읍 합일길 3
7351027,해명초등학교,인천광역시교육청,강화군,E10,인천광역시 강화군 삼산면 삼산남로 345
7351028,화도초등학교,인천광역시교육청,강화군,E10,인천광역시 강화군 화도면 마니산로 717
7361012,인천경서초등학교,인천광역시교육청,서해구,E10,인천광역시 서해구 경서로31번길 31
7361013,인천왕길초등학교,인천광역시교육청,검단구,E10,인천광역시 검단구 봉수대로1440번길 20
7361014,인천원당초등학교,인천광역시교육청,검단구,E10,인천광역시 검단구 원당대로820번길 16
7361016,인천가림초등학교,인천광역시교육청,서해구,E10,인천광역시 서해구 장고개로293번길 29
7361018,인천봉화초등학교,인천광역시교육청,서해구,E10,인천광역시 서해구 건지로 250번길 43
7361019,인천은지초등학교,인천광역시교육청,서해구,E10,인천광역시 서해구 승학로 572번길 22
7361020,인천가석초등학교,인천광역시교육청,서해구,E10,인천광역시 서해구 서달로 174
7361021,인천가정초등학교,인천광역시교육청,서해구,E10,인천광역시 서해구 장고개로 336-1
7361022,인천가좌초등학교,인천광역시교육청,서해구,E10,인천광역시 서해구 장고개로309번길 5
7361023,인천가현초등학교,인천광역시교육청,서해구,E10,인천광역시 서해구 염곡로 417
7361024,인천건지초등학교,인천광역시교육청,서해구,E10,인천광역시 서해구 건지로318번길 39
7361025,인천검단초등학교,인천광역시교육청,검단구,E10,인천광역시 검단구 마전로115번길 24
7361026,인천검암초등학교,인천광역시교육청,서해구,E10,인천광역시 서해구 승학로 599번길 45
7361029,인천금곡초등학교,인천광역시교육청,검단구,E10,인천광역시 검단구 완정로228번길 19
7361031,인천단봉초등학교,인천광역시교육청,검단구,E10,인천광역시 검단구 단봉로 122
7361032,인천당하초등학교,인천광역시교육청,검단구,E10,인천광역시 검단구 청마로 144
7361033,인천발산초등학교,인천광역시교육청,검단구,E10,인천광역시 검단구 고산후로78번길 6
7361034,인천백석초등학교,인천광역시교육청,검단구,E10,인천광역시 검단구 청마로 55
7361036,인천봉수초등학교,인천광역시교육청,서해구,E10,인천광역시 서해구 봉오대로267번길 11-4
7361040,인천불로초등학교,인천광역시교육청,검단구,E10,인천광역시 검단구 검단로744번1길 50
7361041,인천서곶초등학교,인천광역시교육청,서해구,E10,인천광역시 서해구 대평로56번길 9
7361043,인천석남서초등학교,인천광역시교육청,서해구,E10,인천광역시 서해구 건지로249번길 6
7361044,인천석남초등학교,인천광역시교육청,서해구,E10,인천광역시 서해구 서달로130번길 4
7361047,인천신석초등학교,인천광역시교육청,서해구,E10,인천광역시 서해구 새오개로 9
7361048,인천신현북초등학교,인천광역시교육청,서해구,E10,인천광역시 서해구 원창로 147
7361049,인천신현초등학교,인천광역시교육청,서해구,E10,인천광역시 서해구 율도로77번길 1
7361050,인천심곡초등학교,인천광역시교육청,서해구,E10,인천광역시 서해구 심곡로 114
7361055,인천창신초등학교,인천광역시교육청,검단구,E10,인천광역시 검단구 고산후로 161번길 6
7361056,인천천마초등학교,인천광역시교육청,서해구,E10,인천광역시 서해구 서달로 58-5
7361062,인천간재울초등학교,인천광역시교육청,서해구,E10,인천광역시 서해구 승학로 433
7361063,인천양지초등학교,인천광역시교육청,서해구,E10,인천광역시 서해구 승학로197번길 11
7361064,인천마전초등학교,인천광역시교육청,검단구,E10,인천광역시 검단구 완정로34번길 23
7361065,인천목향초등학교,인천광역시교육청,검단구,E10,인천광역시 검단구 고산후로 377
7361070,인천능내초등학교,인천광역시교육청,검단구,E10,인천광역시 검단구 검단로540번길 23
7361072,인천완정초등학교,인천광역시교육청,검단구,E10,인천광역시 검단구 완정로 99
7361073,인천청라초등학교,인천광역시교육청,서해구,E10,인천광역시 서해구 청라에메랄드로 139
7361246,인천초은초등학교,인천광역시교육청,서해구,E10,인천광역시 서해구 청라에메랄드로 33
7361249,인천공촌초등학교,인천광역시교육청,서해구,E10,인천광역시 서해구 심곡로188번길 21
7361252,인천경명초등학교,인천광역시교육청,서해구,E10,인천광역시 서해구 크리스탈로 130
7361253,인천청일초등학교,인천광역시교육청,서해구,E10,인천광역시 서해구 크리스탈로 46
7361254,인천해원초등학교,인천광역시교육청,서해구,E10,인천광역시 서해구 청라사파이어로140번길 5
7361267,인천청람초등학교,인천광역시교육청,서해구,E10,인천광역시 서해구 청라커낼로 336
7361291,인천도담초등학교,인천광역시교육청,서해구,E10,인천광역시 서해구 청라커낼로 217
7361296,인천가원초등학교,인천광역시교육청,서해구,E10,인천광역시 서해구 청중로478번길 6
7361309,인천경연초등학교,인천광역시교육청,서해구,E10,인천광역시 서해구 차오름로 64
7361313,인천청호초등학교,인천광역시교육청,서해구,E10,인천광역시 서해구 청라한울로 44
7361315,인천해든초등학교,인천광역시교육청,검단구,E10,인천광역시 검단구 서로3로 60
7361317,인천한별초등학교,인천광역시교육청,검단구,E10,인천광역시 검단구 서로3로 201
7361324,인천이음초등학교,인천광역시교육청,검단구,E10,인천광역시 검단구 이음1로 447
7361327,인천아람초등학교,인천광역시교육청,검단구,E10,인천광역시 검단구 이음1로 289
7361330,인천한들초등학교,인천광역시교육청,검단구,E10,인천광역시 검단구 한중로 25
7361332,인천아라초등학교,인천광역시교육청,검단구,E10,인천광역시 검단구 서로2로 42
7361336,인천신검단초등학교,인천광역시교육청,검단구,E10,인천광역시 검단구 금정로 55
7361337,인천검단호수초등학교,인천광역시교육청,검단구,E10,인천광역시 검단구 독정로324번길 26
7392109,광주서석초등학교,전남광주통합특별시교육청(광주),동구,F10,전남광주통합특별시 동구 제봉로82번길 26
7392110,광주수창초등학교,전남광주통합특별시교육청(광주),북구,F10,전남광주통합특별시 북구 금남로 99
7392111,광주중앙초등학교,전남광주통합특별시교육청(광주),동구,F10,전남광주통합특별시 동구 제봉로 167
7392112,광주계림초등학교,전남광주통합특별시교육청(광주),동구,F10,전남광주통합특별시 동구 중앙로 320
7392113,광주서림초등학교,전남광주통합특별시교육청(광주),북구,F10,전남광주통합특별시 북구 서림로 113
7392114,광주효동초등학교,전남광주통합특별시교육청(광주),북구,F10,전남광주통합특별시 북구 서양로 99
7392115,광주남초등학교,전남광주통합특별시교육청(광주),동구,F10,전남광주통합특별시 동구 지원로5번길 20
7392116,광주동초등학교,전남광주통합특별시교육청(광주),북구,F10,전남광주통합특별시 북구 석곡로 527
7392117,광주지산초등학교,전남광주통합특별시교육청(광주),북구,F10,전남광주통합특별시 북구 하서로 637
7392118,광주서산초등학교,전남광주통합특별시교육청(광주),북구,F10,전남광주통합특별시 북구 우치로 263
7392119,광주동산초등학교,전남광주통합특별시교육청(광주),동구,F10,전남광주통합특별시 동구 준법로 16
7392120,광주양산초등학교,전남광주통합특별시교육청(광주),북구,F10,전남광주통합특별시 북구 연양로 33
7392121,광주중흥초등학교,전남광주통합특별시교육청(광주),북구,F10,전남광주통합특별시 북구 경양로197번길 25
7392122,광주산수초등학교,전남광주통합특별시교육청(광주),동구,F10,전남광주통합특별시 동구 산수길 28
7392123,광주문화초등학교,전남광주통합특별시교육청(광주),북구,F10,전남광주통합특별시 북구 군왕로 135
7392124,광주장원초등학교,전남광주통합특별시교육청(광주),동구,F10,전남광주통합특별시 동구 무등로 533
7392125,광주학운초등학교,전남광주통합특별시교육청(광주),동구,F10,전남광주통합특별시 동구 의재로 181
7392126,광주동운초등학교,전남광주통합특별시교육청(광주),북구,F10,전남광주통합특별시 북구 북문대로8번길 21
7392127,광주용봉초등학교,전남광주통합특별시교육청(광주),북구,F10,전남광주통합특별시 북구 서암대로144번길 11
7392128,광주풍향초등학교,전남광주통합특별시교육청(광주),북구,F10,전남광주통합특별시 북구 군왕로51번길 77
7392129,광주운암초등학교,전남광주통합특별시교육청(광주),북구,F10,전남광주통합특별시 북구 서강로 79-14
7392130,광주우산초등학교,전남광주통합특별시교육청(광주),북구,F10,전남광주통합특별시 북구 서방로63번길 67
7392131,경양초등학교,전남광주통합특별시교육청(광주),북구,F10,전남광주통합특별시 북구 서강로 133
7392132,두암초등학교,전남광주통합특별시교육청(광주),북구,F10,전남광주통합특별시 북구 참판로 130
7392133,무등초등학교,전남광주통합특별시교육청(광주),북구,F10,전남광주통합특별시 북구 면앙로 99
7392134,광주용산초등학교,전남광주통합특별시교육청(광주),동구,F10,전남광주통합특별시 동구 화산로 334
7392135,각화초등학교,전남광주통합특별시교육청(광주),북구,F10,전남광주통합특별시 북구 각화대로39번길 10
7392136,태봉초등학교,전남광주통합특별시교육청(광주),북구,F10,전남광주통합특별시 북구 청계로 33
7392137,대자초등학교,전남광주통합특별시교육청(광주),북구,F10,전남광주통합특별시 북구 대자로 5
7392138,문흥초등학교,전남광주통합특별시교육청(광주),북구,F10,전남광주통합특별시 북구 면앙로 19
7392139,오치초등학교,전남광주통합특별시교육청(광주),북구,F10,전남광주통합특별시 북구 설죽로 290
7392140,삼정초등학교,전남광주통합특별시교육청(광주),북구,F10,전남광주통합특별시 북구 밤실로208번길 55
7392141,문흥중앙초등학교,전남광주통합특별시교육청(광주),북구,F10,전남광주통합특별시 북구 문산로 17
7392142,율곡초등학교,전남광주통합특별시교육청(광주),동구,F10,전남광주통합특별시 동구 밤실로 142
7392143,문산초등학교,전남광주통합특별시교육청(광주),북구,F10,전남광주통합특별시 북구 문산로 66
7392144,오정초등학교,전남광주통합특별시교육청(광주),북구,F10,전남광주통합특별시 북구 대천로 55
7392145,매곡초등학교,전남광주통합특별시교육청(광주),북구,F10,전남광주통합특별시 북구 초당로 25
7392146,문정초등학교,전남광주통합특별시교육청(광주),북구,F10,전남광주통합특별시 북구 대천로169번길 7
7392147,일곡초등학교,전남광주통합특별시교육청(광주),북구,F10,전남광주통합특별시 북구 설죽로 530
7392148,삼각초등학교,전남광주통합특별시교육청(광주),북구,F10,전남광주통합특별시 북구 송해로 21
7392149,동림초등학교,전남광주통합특별시교육청(광주),북구,F10,전남광주통합특별시 북구 동림용산로 7
7392150,서일초등학교,전남광주통합특별시교육청(광주),북구,F10,전남광주통합특별시 북구 설죽로 590
7392151,용두초등학교,전남광주통합특별시교육청(광주),북구,F10,전남광주통합특별시 북구 임방울대로1041번길 25
7392152,일동초등학교,전남광주통합특별시교육청(광주),북구,F10,전남광주통합특별시 북구 일곡택지로 45
7392153,용주초등학교,전남광주통합특별시교육청(광주),북구,F10,전남광주통합특별시 북구 용주로 15
7392154,일신초등학교,전남광주통합특별시교육청(광주),북구,F10,전남광주통합특별시 북구 일곡마을로 187
7392155,문우초등학교,전남광주통합특별시교육청(광주),북구,F10,전남광주통합특별시 북구 능안로 7
7392156,본촌초등학교,전남광주통합특별시교육청(광주),북구,F10,전남광주통합특별시 북구 본촌택지로30번길 22
7392157,연제초등학교,전남광주통합특별시교육청(광주),북구,F10,전남광주통합특별시 북구 하서로229번길 47
7392158,양지초등학교,전남광주통합특별시교육청(광주),북구,F10,전남광주통합특별시 북구 자라봉로63번길 16
7392159,하백초등학교,전남광주통합특별시교육청(광주),북구,F10,전남광주통합특별시 북구 하백로5번길 10
7392160,한울초등학교,전남광주통합특별시교육청(광주),북구,F10,전남광주통합특별시 북구 유림로160번길 15
7392161,신용초등학교,전남광주통합특별시교육청(광주),북구,F10,전남광주통합특별시 북구 첨단연신로 232-10
7392162,광주동초등학교충효분교장,전남광주통합특별시교육청(광주),북구,F10,전남광주통합특별시 북구 충효샘길 14-30
7392163,건국초등학교,전남광주통합특별시교육청(광주),북구,F10,전남광주통합특별시 북구 첨단연신로108번길 86
7392164,광주북초등학교,전남광주통합특별시교육청(광주),북구,F10,전남광주통합특별시 북구 하서로 985
7392165,지한초등학교,전남광주통합특별시교육청(광주),동구,F10,전남광주통합특별시 동구 남계길 37
7392166,참미르초등학교,전남광주통합특별시교육청(광주),북구,F10,전남광주통합특별시 북구 거진길41번길 41-6
7402170,광주대성초등학교,전남광주통합특별시교육청(광주),남구,F10,전남광주통합특별시 남구 서동로2번길 8
7402171,광주학강초등학교,전남광주통합특별시교육청(광주),남구,F10,전남광주통합특별시 남구 양림로 92
7402172,광주양동초등학교,전남광주통합특별시교육청(광주),서구,F10,전남광주통합특별시 서구 경열로121번길 5
7402173,광주극락초등학교,전남광주통합특별시교육청(광주),서구,F10,전남광주통합특별시 서구 상무버들로54번길 5
7402174,광주효덕초등학교,전남광주통합특별시교육청(광주),남구,F10,전남광주통합특별시 남구 화산로 7
7402175,광주백운초등학교,전남광주통합특별시교육청(광주),남구,F10,전남광주통합특별시 남구 독립로 51
7402176,광주방림초등학교,전남광주통합특별시교육청(광주),남구,F10,전남광주통합특별시 남구 큰방림길 20
7402177,광주월산초등학교,전남광주통합특별시교육청(광주),남구,F10,전남광주통합특별시 남구 월산로116번길 6
7402178,광주상무초등학교,전남광주통합특별시교육청(광주),서구,F10,전남광주통합특별시 서구 금호운천길 67
7402179,광주광천초등학교,전남광주통합특별시교육청(광주),서구,F10,전남광주통합특별시 서구 월산로 266
7402180,광주농성초등학교,전남광주통합특별시교육청(광주),남구,F10,전남광주통합특별시 남구 금화로481번길 7
7402181,광주화정초등학교,전남광주통합특별시교육청(광주),서구,F10,전남광주통합특별시 서구 월드컵4강로146번길 10
7402182,광주봉주초등학교,전남광주통합특별시교육청(광주),남구,F10,전남광주통합특별시 남구 봉주길 32
7402183,광주서초등학교,전남광주통합특별시교육청(광주),서구,F10,전남광주통합특별시 서구 화운로194번길 6
7402184,주월초등학교,전남광주통합특별시교육청(광주),서구,F10,전남광주통합특별시 서구 화운로 36
7402185,봉선초등학교,전남광주통합특별시교육청(광주),남구,F10,전남광주통합특별시 남구 봉선중앙로118번길 4
7402186,염주초등학교,전남광주통합특별시교육청(광주),서구,F10,전남광주통합특별시 서구 염화로134번길 28
7402187,서광초등학교,전남광주통합특별시교육청(광주),서구,F10,전남광주통합특별시 서구 상무오월로38번길 36
7402188,장산초등학교,전남광주통합특별시교육청(광주),남구,F10,전남광주통합특별시 남구 회서로 27
7402189,광주제석초등학교,전남광주통합특별시교육청(광주),남구,F10,전남광주통합특별시 남구 봉선로51번길 14
7402190,효광초등학교,전남광주통합특별시교육청(광주),서구,F10,전남광주통합특별시 서구 광천2길 33
7402191,유안초등학교,전남광주통합특별시교육청(광주),남구,F10,전남광주통합특별시 남구 봉선로175번길 16
7402192,화정남초등학교,전남광주통합특별시교육청(광주),서구,F10,전남광주통합특별시 서구 염화로 37
7402193,진월초등학교,전남광주통합특별시교육청(광주),남구,F10,전남광주통합특별시 남구 광복마을4길 40
7402194,금호초등학교,전남광주통합특별시교육청(광주),서구,F10,전남광주통합특별시 서구 금부로95번길 26-11
7402195,조봉초등학교,전남광주통합특별시교육청(광주),남구,F10,전남광주통합특별시 남구 봉선로144번길 8
7402196,송정동초등학교,전남광주통합특별시교육청(광주),광산구,F10,전남광주통합특별시 광산구 사암로27번길 58
7402197,송정서초등학교,전남광주통합특별시교육청(광주),광산구,F10,전남광주통합특별시 광산구 상무대로 114
7402198,송정중앙초등학교,전남광주통합특별시교육청(광주),광산구,F10,전남광주통합특별시 광산구 어등대로653번길 90
7402199,송정초등학교,전남광주통합특별시교육청(광주),광산구,F10,전남광주통합특별시 광산구 송도로208번길 25
7402200,송우초등학교,전남광주통합특별시교육청(광주),광산구,F10,전남광주통합특별시 광산구 사암로158번길 49
7402201,비아초등학교,전남광주통합특별시교육청(광주),광산구,F10,전남광주통합특별시 광산구 비아동원촌길 19-20
7402202,산월초등학교,전남광주통합특별시교육청(광주),광산구,F10,전남광주통합특별시 광산구 산월로9번길 36
7402203,하남초등학교,전남광주통합특별시교육청(광주),광산구,F10,전남광주통합특별시 광산구 하남대로54번길 10
7402204,하남중앙초등학교,전남광주통합특별시교육청(광주),광산구,F10,전남광주통합특별시 광산구 산정로6번길 21-20
7402205,월곡초등학교,전남광주통합특별시교육청(광주),광산구,F10,전남광주통합특별시 광산구 월곡산정로 107
7402206,어등초등학교,전남광주통합특별시교육청(광주),광산구,F10,전남광주통합특별시 광산구 월곡산정로 50
7402207,임곡초등학교,전남광주통합특별시교육청(광주),광산구,F10,전남광주통합특별시 광산구 하림길 26
7402208,동곡초등학교,전남광주통합특별시교육청(광주),광산구,F10,전남광주통합특별시 광산구 동곡로 151-17
7402209,평동초등학교,전남광주통합특별시교육청(광주),광산구,F10,전남광주통합특별시 광산구 평동로 741
7402210,금부초등학교,전남광주통합특별시교육청(광주),서구,F10,전남광주통합특별시 서구 금화로115번길 22
7402211,삼도초등학교,전남광주통합특별시교육청(광주),광산구,F10,전남광주통합특별시 광산구 용진로 9
7402212,풍암초등학교,전남광주통합특별시교육청(광주),서구,F10,전남광주통합특별시 서구 풍암중앙로 8
7402213,본량초등학교,전남광주통합특별시교육청(광주),광산구,F10,전남광주통합특별시 광산구 용진로 323
7402214,대촌중앙초등학교,전남광주통합특별시교육청(광주),남구,F10,전남광주통합특별시 남구 고싸움로152번길 1
7402215,목련초등학교,전남광주통합특별시교육청(광주),광산구,F10,전남광주통합특별시 광산구 목련로153번길 20
7402216,무학초등학교,전남광주통합특별시교육청(광주),남구,F10,전남광주통합특별시 남구 월지길 7
7402217,송학초등학교,전남광주통합특별시교육청(광주),서구,F10,전남광주통합특별시 서구 눌재로 408
7402218,월계초등학교,전남광주통합특별시교육청(광주),광산구,F10,전남광주통합특별시 광산구 첨단내촌로 83
7402219,정암초등학교,전남광주통합특별시교육청(광주),광산구,F10,전남광주통합특별시 광산구 첨단과기로 104
7402220,운남초등학교,전남광주통합특별시교육청(광주),광산구,F10,전남광주통합특별시 광산구 하남대로 248-22
7402221,운천초등학교,전남광주통합특별시교육청(광주),서구,F10,전남광주통합특별시 서구 치평로 59
7402222,신가초등학교,전남광주통합특별시교육청(광주),광산구,F10,전남광주통합특별시 광산구 신가로40번길 21
7402223,미산초등학교,전남광주통합특별시교육청(광주),광산구,F10,전남광주통합특별시 광산구 첨단중앙로181번길 70
7402224,유촌초등학교,전남광주통합특별시교육청(광주),서구,F10,전남광주통합특별시 서구 내방로 153
7402225,유덕초등학교,전남광주통합특별시교육청(광주),서구,F10,전남광주통합특별시 서구 상무버들로16번길 6-10
7402226,화개초등학교,전남광주통합특별시교육청(광주),서구,F10,전남광주통합특별시 서구 화개중앙로 48
7402227,금당초등학교,전남광주통합특별시교육청(광주),서구,F10,전남광주통합특별시 서구 풍암중앙로 83
7402228,마재초등학교,전남광주통합특별시교육청(광주),서구,F10,전남광주통합특별시 서구 마재로 27
7402229,금구초등학교,전남광주통합특별시교육청(광주),광산구,F10,전남광주통합특별시 광산구 임방울대로165번길 60
7402230,치평초등학교,전남광주통합특별시교육청(광주),서구,F10,전남광주통합특별시 서구 상무평화로 43
7402231,마지초등학교,전남광주통합특별시교육청(광주),광산구,F10,전남광주통합특별시 광산구 목련로219번길 104
7402232,신암초등학교,전남광주통합특별시교육청(광주),서구,F10,전남광주통합특별시 서구 풍암2로 56
7402233,진만초등학교,전남광주통합특별시교육청(광주),광산구,F10,전남광주통합특별시 광산구 목련로394번길 40-10
7402234,풍영초등학교,전남광주통합특별시교육청(광주),광산구,F10,전남광주통합특별시 광산구 수등로258번길 53
7402235,계수초등학교,전남광주통합특별시교육청(광주),서구,F10,전남광주통합특별시 서구 상무시민로 51
7402236,운리초등학교,전남광주통합특별시교육청(광주),서구,F10,전남광주통합특별시 서구 풍암운리로23번길 5
7402237,대반초등학교,전남광주통합특별시교육청(광주),광산구,F10,전남광주통합특별시 광산구 사암로340번길 19
7402238,첨단초등학교,전남광주통합특별시교육청(광주),광산구,F10,전남광주통합특별시 광산구 임방울대로 727-20
7402239,어룡초등학교,전남광주통합특별시교육청(광주),광산구,F10,전남광주통합특별시 광산구 소촌로 122
7402240,봉산초등학교,전남광주통합특별시교육청(광주),광산구,F10,전남광주통합특별시 광산구 산월로 57
7402241,영천초등학교,전남광주통합특별시교육청(광주),광산구,F10,전남광주통합특별시 광산구 목련로 123
7402242,월봉초등학교,전남광주통합특별시교육청(광주),광산구,F10,전남광주통합특별시 광산구 산월로 101
7402243,신창초등학교,전남광주통합특별시교육청(광주),광산구,F10,전남광주통합특별시 광산구 신창로162번길 10
7402244,선창초등학교,전남광주통합특별시교육청(광주),광산구,F10,전남광주통합특별시 광산구 신창로35번길 67
7402245,불로초등학교,전남광주통합특별시교육청(광주),남구,F10,전남광주통합특별시 남구 제석로80번길 58-5
7402246,만호초등학교,전남광주통합특별시교육청(광주),서구,F10,전남광주통합특별시 서구 금화로 53
7402247,수문초등학교,전남광주통합특별시교육청(광주),광산구,F10,전남광주통합특별시 광산구 신창로105번길 9
7402248,도산초등학교,전남광주통합특별시교육청(광주),광산구,F10,전남광주통합특별시 광산구 송정외로 6
7402249,진남초등학교,전남광주통합특별시교육청(광주),남구,F10,전남광주통합특별시 남구 효우로60번길 12
7402250,수완초등학교,전남광주통합특별시교육청(광주),광산구,F10,전남광주통합특별시 광산구 장덕로 143
7402251,진제초등학교,전남광주통합특별시교육청(광주),남구,F10,전남광주통합특별시 남구 서문대로654번길 45
7402252,고실초등학교,전남광주통합특별시교육청(광주),광산구,F10,전남광주통합특별시 광산구 풍영로 300
7402253,장덕초등학교,전남광주통합특별시교육청(광주),광산구,F10,전남광주통합특별시 광산구 수등로 27
7402254,큰별초등학교,전남광주통합특별시교육청(광주),광산구,F10,전남광주통합특별시 광산구 수등로 115
7402255,산정초등학교,전남광주통합특별시교육청(광주),광산구,F10,전남광주통합특별시 광산구 목련로22번길 11
7402256,광주송원초등학교,전남광주통합특별시교육청(광주),남구,F10,전남광주통합특별시 남구 송암로 73
7402257,광주삼육초등학교,전남광주통합특별시교육청(광주),남구,F10,전남광주통합특별시 남구 회서로 30
7402258,성덕초등학교,전남광주통합특별시교육청(광주),광산구,F10,전남광주통합특별시 광산구 풍영로 313
7402259,빛고을초등학교,전남광주통합특별시교육청(광주),서구,F10,전남광주통합특별시 서구 동천로 7
7402260,광림초등학교,전남광주통합특별시교육청(광주),서구,F10,전남광주통합특별시 서구 하남대로710번길 19
7402261,선운초등학교,전남광주통합특별시교육청(광주),광산구,F10,전남광주통합특별시 광산구 선운중앙로 11
7402262,은빛초등학교,전남광주통합특별시교육청(광주),광산구,F10,전남광주통합특별시 광산구 수완로33번길 11
7402263,살레시오초등학교,전남광주통합특별시교육청(광주),서구,F10,전남광주통합특별시 서구 전평길 40-1
7402264,효천초등학교,전남광주통합특별시교육청(광주),남구,F10,전남광주통합특별시 남구 효우2로 70
7402265,새별초등학교,전남광주통합특별시교육청(광주),광산구,F10,전남광주통합특별시 광산구 풍영로 125
7402266,성진초등학교,전남광주통합특별시교육청(광주),서구,F10,전남광주통합특별시 서구 학생독립로 16
7402267,빛여울초등학교,전남광주통합특별시교육청(광주),남구,F10,전남광주통합특별시 남구 효천중앙로 4
7402268,운수초등학교,전남광주통합특별시교육청(광주),광산구,F10,전남광주통합특별시 광산구 선암1로 21
7441048,대전가양초등학교,대전광역시교육청,동구,G10,대전광역시 동구 가양로 61
7441049,대전가오초등학교,대전광역시교육청,동구,G10,대전광역시 동구 신기로 112
7441050,대전글꽃초등학교,대전광역시교육청,중구,G10,대전광역시 중구 계룡로918번길 97
7441051,대전대동초등학교,대전광역시교육청,동구,G10,대전광역시 동구 대동초등3길 21
7441052,대전대룡초등학교,대전광역시교육청,동구,G10,대전광역시 동구 백룡로 123
7441053,대전대문초등학교,대전광역시교육청,중구,G10,대전광역시 중구 송리로 11
7441054,대전대신초등학교,대전광역시교육청,중구,G10,대전광역시 중구 솔밭로16번길 17
7441055,대전대암초등학교,대전광역시교육청,동구,G10,대전광역시 동구 동부로 55-61
7441056,대전대양초등학교,대전광역시교육청,대덕구,G10,대전광역시 대덕구 송촌로 67
7441057,대전대화초등학교,대전광역시교육청,대덕구,G10,대전광역시 대덕구 대화로 242-36
7441058,대전대흥초등학교,대전광역시교육청,중구,G10,대전광역시 중구 수도산로 12
7441059,대전동광초등학교,대전광역시교육청,동구,G10,대전 동구 백룡로11번길 20
7441060,대전동도초등학교,대전광역시교육청,대덕구,G10,대전광역시 대덕구 한남로150번길 27
7441061,대전동문초등학교,대전광역시교육청,중구,G10,대전광역시 중구 문화로 200
7441062,대전동산초등학교,대전광역시교육청,대덕구,G10,대전광역시 대덕구 동산초교로63번길 50
7441063,대전동서초등학교,대전광역시교육청,동구,G10,대전광역시 동구 동서대로 1522
7441064,대전매봉초등학교,대전광역시교육청,대덕구,G10,대전광역시 대덕구 선비마을로 155
7441065,대전목동초등학교,대전광역시교육청,중구,G10,대전광역시 중구 목중로 19번길
7441066,대전목상초등학교,대전광역시교육청,대덕구,G10,대전광역시 대덕구 대덕대로1486번길 117
7441067,대전목양초등학교,대전광역시교육청,중구,G10,대전광역시 중구 목동로 69
7441068,대전문성초등학교,대전광역시교육청,중구,G10,대전광역시 중구 유등천동로292번길 89-14
7441069,대전문창초등학교,대전광역시교육청,중구,G10,대전광역시 중구 문창로 55
7441070,대전문화초등학교,대전광역시교육청,중구,G10,대전광역시 중구 문화로78번안길 70
7441071,대전버드내초등학교,대전광역시교육청,중구,G10,대전광역시 중구 태평로 21
7441072,대전법동초등학교,대전광역시교육청,대덕구,G10,대전광역시 대덕구 계족로664번길 74
7441073,대전보성초등학교,대전광역시교육청,중구,G10,대전광역시 중구 보문산로141번길 34
7441074,대전보운초등학교,대전광역시교육청,중구,G10,대전광역시 중구 대종로315번길 42
7441075,대전비래초등학교,대전광역시교육청,대덕구,G10,대전광역시 대덕구 우암로492번길 65
7441076,대전산성초등학교,대전광역시교육청,중구,G10,대전광역시 중구 대둔산로 332
7441077,대전삼성초등학교,대전광역시교육청,동구,G10,대전광역시 동구 대전로867번길 12
7441078,대전석교초등학교,대전광역시교육청,중구,G10,대전광역시 중구 대종로204번길 12
7441079,대전석봉초등학교,대전광역시교육청,대덕구,G10,대전광역시 대덕구 신탄진남로 20
7441080,대전선화초등학교,대전광역시교육청,중구,G10,대전광역시 중구 선화로 159
7441081,대전성남초등학교,대전광역시교육청,동구,G10,대전광역시 동구 성남로32번길 5
7441082,대전성모초등학교,대전광역시교육청,중구,G10,대전광역시 중구 대흥로 62
7441083,대전송촌초등학교,대전광역시교육청,대덕구,G10,대전광역시 대덕구 동춘당로54번길 35
7441084,대전신평초등학교,대전광역시교육청,중구,G10,대전광역시 중구 유등천동로 478
7441085,대전신흥초등학교,대전광역시교육청,동구,G10,대전광역시 동구 동대전로46번길 76
7441086,대전양지초등학교,대전광역시교육청,대덕구,G10,대전광역시 대덕구 쌍청당로 45
7441087,대전오류초등학교,대전광역시교육청,중구,G10,대전광역시 중구 오류로 46
7441088,대전옥계초등학교,대전광역시교육청,중구,G10,대전광역시 중구 모암로 35
7441089,대전용운초등학교,대전광역시교육청,동구,G10,대전광역시 동구 용운로 204
7441090,대전용전초등학교,대전광역시교육청,동구,G10,대전광역시 동구 계족로505번길 49
7441091,대전원평초등학교,대전광역시교육청,중구,G10,대전광역시 중구 계백로1615번길 46
7441092,대전유평초등학교,대전광역시교육청,중구,G10,대전광역시 중구 수침로 123
7441093,대전은어송초등학교,대전광역시교육청,동구,G10,대전광역시 동구 대전로 396
7441094,대전자양초등학교,대전광역시교육청,동구,G10,대전광역시 동구 계족로 184-55
7441095,대전중리초등학교,대전광역시교육청,대덕구,G10,대전광역시 대덕구 중리북로 20
7441096,대전중앙초등학교,대전광역시교육청,중구,G10,대전광역시 중구 선화로43번길 99
7441097,대전중원초등학교,대전광역시교육청,대덕구,G10,대전광역시 대덕구 중리로64번길 45
7441098,대전중촌초등학교,대전광역시교육청,중구,G10,대전광역시 중구 대종로 684
7441099,대전천동초등학교,대전광역시교육청,동구,G10,대전광역시 동구 안샘로 8
7441100,대전태평초등학교,대전광역시교육청,중구,G10,대전광역시 중구 유천로 117
7441101,대전판암초등학교,대전광역시교육청,동구,G10,대전광역시 동구 옥천로180번길 32
7441102,대전현암초등학교,대전광역시교육청,동구,G10,대전광역시 동구 현암로 19
7441103,대전화정초등학교,대전광역시교육청,대덕구,G10,대전광역시 대덕구 한밭대로1024번길 20
7441104,대전흥룡초등학교,대전광역시교육청,동구,G10,대전광역시 동구 동대전로256번길 21
7441105,동대전초등학교,대전광역시교육청,동구,G10,대전광역시 동구 비래서로62번길 60
7441106,동명초등학교,대전광역시교육청,동구,G10,대전광역시 동구 천개동로 16
7441107,산내초등학교,대전광역시교육청,동구,G10,대전광역시 동구 산내로 1292
7441108,산서초등학교,대전광역시교육청,중구,G10,대전광역시 중구 남달미로 87
7441109,산흥초등학교,대전광역시교육청,동구,G10,대전광역시 동구 산내로 509
7441110,새일초등학교,대전광역시교육청,대덕구,G10,대전광역시 대덕구 덕암로125번길 15
7441111,서대전초등학교,대전광역시교육청,중구,G10,대전광역시 중구 선화로 17
7441112,세천초등학교,대전광역시교육청,동구,G10,대전광역시 동구 옥천로 610-12
7441113,신탄진용정초등학교,대전광역시교육청,대덕구,G10,대전광역시 대덕구 대청로 65
7441114,신탄진초등학교,대전광역시교육청,대덕구,G10,대전광역시 대덕구 석봉로3번길 50
7441115,와동초등학교,대전광역시교육청,대덕구,G10,대전광역시 대덕구 신탄진로 189
7441116,장동초등학교,대전광역시교육청,대덕구,G10,대전광역시 대덕구 장동로 223-37
7441117,회덕초등학교,대전광역시교육청,대덕구,G10,대전광역시 대덕구 대전로 1350
7441256,대전새여울초등학교,대전광역시교육청,대덕구,G10,대전광역시 대덕구 대덕대로 1585
7451057,가수원초등학교,대전광역시교육청,서구,G10,대전광역시 서구 벌곡로 1359
7451058,구즉초등학교,대전광역시교육청,유성구,G10,대전광역시 유성구 구룡달전로 34
7451059,금성초등학교,대전광역시교육청,유성구,G10,대전광역시 유성구 신성로72번길 5
7451060,기성초등학교,대전광역시교육청,서구,G10,대전광역시 서구 기성초교길 42
7451061,기성초등학교길헌분교장,대전광역시교육청,서구,G10,대전광역시 서구 당고개길 48
7451062,남선초등학교,대전광역시교육청,유성구,G10,대전광역시 유성구 계백로93번길 277-29
7451063,대덕초등학교,대전광역시교육청,유성구,G10,대전광역시 유성구 대덕대로556번길 102
7451064,대덕초등학교도룡분교장,대전광역시교육청,유성구,G10,대전광역시 유성구 엑스포로97번길 100
7451065,대전가장초등학교,대전광역시교육청,서구,G10,대전광역시 서구 가장로 150
7451066,대전갈마초등학교,대전광역시교육청,서구,G10,대전광역시 서구 월평동로 2
7451067,대전갑천초등학교,대전광역시교육청,서구,G10,대전광역시 서구 월평동로 61
7451068,대전관저초등학교,대전광역시교육청,서구,G10,대전광역시 서구 관저동로 161
7451069,대전관평초등학교,대전광역시교육청,유성구,G10,대전광역시 유성구 테크노4로 132
7451070,대전교촌초등학교,대전광역시교육청,유성구,G10,대전광역시 유성구 진잠로149번길 42
7451071,대전구봉초등학교,대전광역시교육청,서구,G10,대전광역시 서구 관저로 75
7451072,대전금동초등학교,대전광역시교육청,서구,G10,대전광역시 서구 관저로 45
7451073,대전내동초등학교,대전광역시교육청,서구,G10,대전광역시 서구 동서대로1063번길 13
7451074,대전노은초등학교,대전광역시교육청,유성구,G10,대전광역시 유성구 노은동로99번길 35
7451075,대전느리울초등학교,대전광역시교육청,서구,G10,대전광역시 서구 관저로 196
7451076,대전대정초등학교,대전광역시교육청,유성구,G10,대전광역시 유성구 대정로28번길 55
7451077,대전도마초등학교,대전광역시교육청,서구,G10,대전광역시 서구 배재로172번길 23
7451078,대전동화초등학교,대전광역시교육청,유성구,G10,대전광역시 유성구 관평2로 43
7451079,대전두리초등학교,대전광역시교육청,유성구,G10,대전광역시 유성구 와룡로 37
7451080,대전둔산초등학교,대전광역시교육청,서구,G10,대전광역시 서구 둔산로74번길 20
7451081,대전둔원초등학교,대전광역시교육청,서구,G10,대전광역시 서구 대덕대로 112-10
7451082,대전둔천초등학교,대전광역시교육청,서구,G10,대전광역시 서구 만년로 3
7451083,대전만년초등학교,대전광역시교육청,서구,G10,대전광역시 서구 만년남로 14
7451084,대전문정초등학교,대전광역시교육청,서구,G10,대전광역시 서구 문정로 180
7451085,대전반석초등학교,대전광역시교육청,유성구,G10,대전광역시 유성구 반석동로 30
7451086,대전배울초등학교,대전광역시교육청,유성구,G10,대전광역시 유성구 배울2로 8
7451087,대전백운초등학교,대전광역시교육청,서구,G10,대전광역시 서구 계룡로576번길 56
7451088,대전변동초등학교,대전광역시교육청,서구,G10,대전광역시 서구 유등로 373
7451089,대전복수초등학교,대전광역시교육청,서구,G10,대전광역시 서구 복수중로34번길 29
7451090,대전봉산초등학교,대전광역시교육청,서구,G10,대전광역시 서구 신갈마로141번길 45
7451091,대전삼육초등학교,대전광역시교육청,서구,G10,대전광역시 서구 도림1길 15
7451092,대전삼천초등학교,대전광역시교육청,서구,G10,대전광역시 서구 둔산북로 232-33
7451093,대전상대초등학교,대전광역시교육청,유성구,G10,대전광역시 유성구 월드컵대로 322
7451094,대전상지초등학교,대전광역시교육청,유성구,G10,대전광역시 유성구 노은동로 165
7451095,대전샘머리초등학교,대전광역시교육청,서구,G10,대전광역시 서구 유등로 879
7451096,대전서부초등학교,대전광역시교육청,서구,G10,대전광역시 서구 동서대로 968
7451097,대전서원초등학교,대전광역시교육청,서구,G10,대전광역시 서구 문정로 279
7451098,대전선암초등학교,대전광역시교육청,서구,G10,대전광역시 서구 관저중로 61
7451099,대전성룡초등학교,대전광역시교육청,서구,G10,대전광역시 서구 갈마역로 125
7451100,대전성천초등학교,대전광역시교육청,서구,G10,대전광역시 서구 갈마역로 139
7451101,대전송강초등학교,대전광역시교육청,유성구,G10,대전광역시 유성구 송강로42번길 6
7451102,대전송림초등학교,대전광역시교육청,유성구,G10,대전광역시 유성구 노은로410번길 123-14
7451103,대전수미초등학교,대전광역시교육청,서구,G10,대전광역시 서구 괴곡길 42
7451104,대전수정초등학교,대전광역시교육청,유성구,G10,대전광역시 유성구 노은서로 62
7451105,대전신계초등학교,대전광역시교육청,서구,G10,대전광역시 서구 복수동로 26
7451106,대전어은초등학교,대전광역시교육청,유성구,G10,대전광역시 유성구 농대로 46
7451107,대전용산초등학교,대전광역시교육청,유성구,G10,대전광역시 유성구 배울2로 101
7451108,대전원앙초등학교,대전광역시교육청,서구,G10,대전광역시 서구 관저북로 97
7451109,대전월평초등학교,대전광역시교육청,서구,G10,대전광역시 서구 월평서로 22
7451110,대전유천초등학교,대전광역시교육청,서구,G10,대전광역시 서구 제비네6길 69
7451111,대전자운초등학교,대전광역시교육청,유성구,G10,대전광역시 유성구 자운로97번길 380
7451112,대전장대초등학교,대전광역시교육청,유성구,G10,대전광역시 유성구 문화원로19번길 16
7451113,대전전민초등학교,대전광역시교육청,유성구,G10,대전광역시 유성구 엑스포로466번길 42
7451114,대전정림초등학교,대전광역시교육청,서구,G10,대전광역시 서구 정림로 32
7451115,대전지족초등학교,대전광역시교육청,유성구,G10,대전광역시 유성구 노은서로 238
7451116,대전탄방초등학교,대전광역시교육청,서구,G10,대전광역시 서구 탄방로 15
7451117,대전하기초등학교,대전광역시교육청,유성구,G10,대전광역시 유성구 송림로19번길 32
7451118,덕송초등학교,대전광역시교육청,유성구,G10,대전광역시 유성구 현충원로 265
7451119,문지초등학교,대전광역시교육청,유성구,G10,대전광역시 유성구 전민로 41
7451120,봉암초등학교,대전광역시교육청,유성구,G10,대전광역시 유성구 궁동로 21
7451121,외삼초등학교,대전광역시교육청,유성구,G10,대전광역시 유성구 반석동로 63
7451122,유성초등학교,대전광역시교육청,유성구,G10,대전광역시 유성구 장대로71번길 12
7451123,진잠초등학교,대전광역시교육청,유성구,G10,대전광역시 유성구 진잠로59번길 53
7451124,학하초등학교,대전광역시교육청,유성구,G10,대전광역시 유성구 진잠옛로 165
7451125,한밭초등학교,대전광역시교육청,서구,G10,대전광역시 서구 문정로 221
7451126,흥도초등학교,대전광역시교육청,유성구,G10,대전광역시 유성구 원신흥남로 20
7451256,대전봉명초등학교,대전광역시교육청,유성구,G10,대전광역시 유성구 계룡로132번길 62
7451257,대전원신흥초등학교,대전광역시교육청,유성구,G10,대전광역시 유성구 원신흥로55번길 37
7451258,대전도안초등학교,대전광역시교육청,서구,G10,대전광역시 서구 원도안로 200
7451263,대전상원초등학교,대전광역시교육청,유성구,G10,대전광역시 유성구 상대서로 46
7451264,대전계산초등학교,대전광역시교육청,유성구,G10,대전광역시 유성구 학하서로 74
7451309,대전도솔초등학교,대전광역시교육청,서구,G10,대전광역시 서구 원도안로 80
7451311,대전새미래초등학교,대전광역시교육청,유성구,G10,대전광역시 유성구 지족로 168
7451324,대전죽동초등학교,대전광역시교육청,유성구,G10,대전광역시 유성구 죽동로 52
7451327,대전선유초등학교,대전광역시교육청,서구,G10,대전광역시 서구 관저남로 60
7451340,대전호수초등학교,대전광역시교육청,서구,G10,대전광역시 서구 도안동로 182-20
7451344,대전원신흥초등학교복용분교장,대전광역시교육청,유성구,G10,대전광역시 유성구 유성대로 600
7451347,대전복용초등학교,대전광역시교육청,유성구,G10,대전광역시 유성구 상대복용로65번길 36
7451349,대전둔곡초등학교,대전광역시교육청,유성구,G10,대전광역시 유성구 과학인재4길 10
7451353,대전탄방초등학교용문분교장,대전광역시교육청,서구,G10,대전광역시 서구 도솔로 500
7491093,강동초등학교,울산광역시교육청,북구,H10,울산광역시 북구 화암4길 5
7491094,남목초등학교,울산광역시교육청,동구,H10,울산광역시 동구 옥류로 33
7491095,남외초등학교,울산광역시교육청,중구,H10,울산광역시 중구 남외3길 40
7491096,내황초등학교,울산광역시교육청,중구,H10,울산광역시 중구 내황13길 53
7491097,녹수초등학교,울산광역시교육청,동구,H10,울산광역시 동구 봉수로 545
7491098,농서초등학교,울산광역시교육청,북구,H10,울산광역시 북구 가재길 57
7491099,농소초등학교,울산광역시교육청,북구,H10,울산광역시 북구 호계로 192
7491100,다운초등학교,울산광역시교육청,중구,H10,울산광역시 중구 다운8길 5
7491101,다전초등학교,울산광역시교육청,중구,H10,울산광역시 중구 다운로 176
7491102,동대초등학교,울산광역시교육청,북구,H10,울산광역시 북구 신천로 36
7491103,동부초등학교,울산광역시교육청,동구,H10,울산광역시 동구 남목13길 23
7491104,동천초등학교,울산광역시교육청,북구,H10,울산광역시 북구 고래로 26
7491105,매곡초등학교,울산광역시교육청,북구,H10,울산광역시 북구 매곡1로 49
7491106,명덕초등학교,울산광역시교육청,동구,H10,울산광역시 동구 진성14길 15
7491107,명정초등학교,울산광역시교육청,중구,H10,울산광역시 중구 명난로 115
7491108,명촌초등학교,울산광역시교육청,북구,H10,울산광역시 북구 명촌10길 11
7491109,무룡초등학교,울산광역시교육청,중구,H10,울산광역시 중구 약사로 50
7491110,문현초등학교,울산광역시교육청,동구,H10,울산광역시 동구 꽃바위6길 25
7491111,미포초등학교,울산광역시교육청,동구,H10,울산광역시 동구 진성15길 35
7491112,방어진초등학교,울산광역시교육청,동구,H10,울산광역시 동구 꽃바위로 341
7491113,백양초등학교,울산광역시교육청,중구,H10,울산광역시 중구 성안8길 10-5
7491114,병영초등학교,울산광역시교육청,중구,H10,울산광역시 중구 병영성13길 2
7491115,복산초등학교,울산광역시교육청,중구,H10,울산광역시 중구 복산6길 7
7491116,삼일초등학교,울산광역시교육청,중구,H10,울산광역시 중구 동천5길 18-9
7491117,상안초등학교,울산광역시교육청,북구,H10,울산광역시 북구 천곡남로 59
7491118,상진초등학교,울산광역시교육청,동구,H10,울산광역시 동구 봉수로 50
7491119,서부초등학교,울산광역시교육청,동구,H10,울산광역시 동구 봉수로 457
7491120,성안초등학교,울산광역시교육청,중구,H10,울산광역시 중구 함월14길 19
7491121,송정초등학교,울산광역시교육청,북구,H10,울산광역시 북구 상방로 75
7491122,신천초등학교,울산광역시교육청,북구,H10,울산광역시 북구 호계로 349-7
7491123,약사초등학교,울산광역시교육청,중구,H10,울산광역시 중구 화합로 478
7491124,약수초등학교,울산광역시교육청,북구,H10,울산광역시 북구 중산10길 1
7491125,양사초등학교,울산광역시교육청,중구,H10,울산광역시 중구 장춘로 95
7491126,양지초등학교,울산광역시교육청,동구,H10,울산광역시 동구 양지6길 33
7491127,연암초등학교,울산광역시교육청,북구,H10,울산광역시 북구 두부곡4길 35
7491128,염포초등학교,울산광역시교육청,북구,H10,울산광역시 북구 염포로 667
7491129,옥성초등학교,울산광역시교육청,중구,H10,울산광역시 중구 옥교11길 50
7491130,우정초등학교,울산광역시교육청,중구,H10,울산광역시 중구 평동길 40
7491131,울산초등학교,울산광역시교육청,중구,H10,울산광역시 중구 종가5길 30
7491132,울산양정초등학교,울산광역시교육청,북구,H10,울산광역시 북구 양정2길 11
7491133,이화초등학교,울산광역시교육청,북구,H10,울산광역시 북구 화정4길 40
7491134,일산초등학교,울산광역시교육청,동구,H10,울산광역시 동구 진성12길 11
7491135,전하초등학교,울산광역시교육청,동구,H10,울산광역시 동구 바드래길 55
7491136,주전초등학교,울산광역시교육청,동구,H10,울산광역시 동구 동해안로 575
7491137,천곡초등학교,울산광역시교육청,북구,H10,울산 북구 천곡길 138
7491138,태화초등학교,울산광역시교육청,중구,H10,울산광역시 중구 평동길 25
7491139,평산초등학교,울산광역시교육청,중구,H10,울산광역시 중구 평산로 25
7491140,학성초등학교,울산광역시교육청,중구,H10,울산광역시 중구 해오름1길 15
7491141,함월초등학교,울산광역시교육청,중구,H10,울산광역시 중구 학성1길 25
7491142,호계초등학교,울산광역시교육청,북구,H10,울산광역시 북구 동대13길 20
7491143,화봉초등학교,울산광역시교육청,북구,H10,울산광역시 북구 화산로 42
7491144,화암초등학교,울산광역시교육청,동구,H10,울산광역시 동구 화문로 55
7491145,화정초등학교,울산광역시교육청,동구,H10,울산광역시 동구 대송9길 55
7491146,화진초등학교,울산광역시교육청,동구,H10,울산광역시 동구 방어진순환도로 543
7491181,매산초등학교,울산광역시교육청,북구,H10,울산광역시 북구 매산로 53
7491198,외솔초등학교,울산광역시교육청,중구,H10,울산광역시 중구 종가로 700
7491210,중산초등학교,울산광역시교육청,북구,H10,울산광역시 북구 신기18길 22
7491218,은월초등학교,울산광역시교육청,북구,H10,울산광역시 북구 당수골23길 7
7491219,고헌초등학교,울산광역시교육청,북구,H10,울산광역시 북구 화동로 129
7491252,울산효문초등학교,울산광역시교육청,북구,H10,울산광역시 북구 율동로 50
7501038,강남초등학교,울산광역시교육청,남구,H10,울산광역시 남구 중앙로166번길 51
7501039,개운초등학교,울산광역시교육청,남구,H10,울산광역시 남구 두왕로106번길 28-6
7501040,격동초등학교,울산광역시교육청,남구,H10,울산광역시 남구 문수로344번길 4
7501041,남산초등학교,울산광역시교육청,남구,H10,울산광역시 남구 거마로 17
7501042,대현초등학교,울산광역시교육청,남구,H10,울산광역시 남구 수암로 165-3
7501043,도산초등학교,울산광역시교육청,남구,H10,울산광역시 남구 번영로54번길 25
7501044,동백초등학교,울산광역시교육청,남구,H10,울산광역시 남구 신정로 6
7501045,동평초등학교,울산광역시교육청,남구,H10,울산광역시 남구 도산로77번길 13-14
7501046,백합초등학교,울산광역시교육청,남구,H10,울산광역시 남구 돋질로339번길 16
7501047,삼산초등학교,울산광역시교육청,남구,H10,울산광역시 남구 남중로108번길 19
7501048,삼신초등학교,울산광역시교육청,남구,H10,울산광역시 남구 돋질로251번길 25
7501049,삼호초등학교,울산광역시교육청,남구,H10,울산광역시 남구 북부순환도로19번길 8
7501050,선암초등학교,울산광역시교육청,남구,H10,울산광역시 남구 산업로325번길 4
7501051,수암초등학교,울산광역시교육청,남구,H10,울산광역시 남구 중앙로 47
7501052,신복초등학교,울산광역시교육청,남구,H10,울산광역시 남구 신복로 74
7501053,신정초등학교,울산광역시교육청,남구,H10,울산광역시 남구 봉월로67번길 16
7501054,야음초등학교,울산광역시교육청,남구,H10,울산광역시 남구 산업로355번길 111
7501055,여천초등학교,울산광역시교육청,남구,H10,울산광역시 남구 여천로 31
7501056,옥동초등학교,울산광역시교육청,남구,H10,울산광역시 남구 문수로 401
7501057,옥산초등학교,울산광역시교육청,남구,H10,울산광역시 남구 옥현로60번길 7
7501058,옥서초등학교,울산광역시교육청,남구,H10,울산광역시 남구 법대로14번길 19
7501059,옥현초등학교,울산광역시교육청,남구,H10,울산광역시 남구 눌재로 21
7501060,용연초등학교,울산광역시교육청,남구,H10,울산광역시 남구 야음로26번길 7
7501061,울산남부초등학교,울산광역시교육청,남구,H10,울산광역시 남구 야음로 11
7501062,울산중앙초등학교,울산광역시교육청,남구,H10,울산광역시 남구 돋질로91번길 34
7501063,월계초등학교,울산광역시교육청,남구,H10,울산광역시 남구 옥현로 12
7501064,월봉초등학교,울산광역시교육청,남구,H10,울산광역시 남구 팔등로 115
7501065,월평초등학교,울산광역시교육청,남구,H10,울산광역시 남구 신남로95번길 15
7501066,장생포초등학교,울산광역시교육청,남구,H10,울산광역시 남구 장생포고래로125번길 5
7501067,청솔초등학교,울산광역시교육청,남구,H10,울산광역시 남구 삼산로94번길 20
7501069,구영초등학교,울산광역시교육청,울주군,H10,울산광역시 울주군 범서읍 점촌1길 10
7501070,굴화초등학교,울산광역시교육청,울주군,H10,울산광역시 울주군 범서읍 굴화3길 30
7501075,덕신초등학교,울산광역시교육청,울주군,H10,울산광역시 울주군 온산읍 서영남1길 27
7501076,두동초등학교,울산광역시교육청,울주군,H10,울산광역시 울주군 두동면 대밀길 29
7501077,두서초등학교,울산광역시교육청,울주군,H10,울산광역시 울주군 두서면 인보로 87
7501078,명산초등학교,울산광역시교육청,울주군,H10,울산광역시 울주군 서생면 화산발리로 60
7501079,무거초등학교,울산광역시교육청,울주군,H10,울산광역시 울주군 범서읍 장검1길 46
7501080,반곡초등학교,울산광역시교육청,울주군,H10,울산광역시 울주군 언양읍 언동3길 42-3
7501081,반천초등학교,울산광역시교육청,울주군,H10,울산광역시 울주군 언양읍 샘소3길 19
7501082,방기초등학교,울산광역시교육청,울주군,H10,울산광역시 울주군 삼남읍 하방로 56
7501083,범서초등학교,울산광역시교육청,울주군,H10,울산광역시 울주군 범서읍 천상1길 7
7501085,삼동초등학교,울산광역시교육청,울주군,H10,울산광역시 울주군 삼동면 삼동로 788
7501086,삼정초등학교,울산광역시교육청,울주군,H10,울산광역시 울주군 청량읍 삼정로 36
7501087,삼평초등학교,울산광역시교육청,울주군,H10,울산광역시 울주군 온산읍 삼평길 200
7501088,서생초등학교,울산광역시교육청,울주군,H10,울산광역시 울주군 서생면 덕골재길 50
7501089,성동초등학교,울산광역시교육청,울주군,H10,울산광역시 울주군 서생면 진하길 7
7501090,언양초등학교,울산광역시교육청,울주군,H10,울산광역시 울주군 언양읍 북문8길 49
7501091,영화초등학교,울산광역시교육청,울주군,H10,울산광역시 울주군 언양읍 방천9길 33
7501092,온남초등학교,울산광역시교육청,울주군,H10,울산광역시 울주군 온양읍 화산발리로 734
7501093,온산초등학교,울산광역시교육청,울주군,H10,울산광역시 울주군 온산읍 신온9길 16
7501094,온양초등학교,울산광역시교육청,울주군,H10,울산광역시 울주군 온양읍 남창1길 32
7501095,울주명지초등학교,울산광역시교육청,울주군,H10,울산광역시 울주군 범서읍 점촌4길 17
7501096,웅촌초등학교,울산광역시교육청,울주군,H10,울산광역시 울주군 웅촌면 곡천검단로 4
7501097,중남초등학교,울산광역시교육청,울주군,H10,울산광역시 울주군 삼남읍 사촌신복로 572
7501098,척과초등학교,울산광역시교육청,울주군,H10,울산광역시 울주군 범서읍 갈매정길 16
7501099,천상초등학교,울산광역시교육청,울주군,H10,울산광역시 울주군 범서읍 천상7길 28
7501100,청량초등학교,울산광역시교육청,울주군,H10,울산광역시 울주군 청량읍 덕정5길 14
7501103,호연초등학교,울산광역시교육청,울주군,H10,울산광역시 울주군 범서읍 대리로 75
7501211,문수초등학교,울산광역시교육청,울주군,H10,울산광역시 울주군 청량읍 청송길 8
7501223,상북초등학교소호분교장,울산광역시교육청,울주군,H10,울산광역시 울주군 상북면 소호당리길 1
7501224,상북초등학교,울산광역시교육청,울주군,H10,울산광역시 울주군 상북면 도동신리로 35
7501246,두왕초등학교,울산광역시교육청,남구,H10,울산광역시 남구 테크노산업로82번길 17
7501247,삼남초등학교,울산광역시교육청,울주군,H10,울산광역시 울주군 삼남읍 울산역2길 43
7501255,서사초등학교,울산광역시교육청,울주군,H10,울산광역시 울주군 범서읍 서사별빛1로 62
7541060,효탑초등학교,경기도교육청,수원시,J10,경기도 수원시 권선구 효탑로16번길 17
7541061,입북초등학교,경기도교육청,수원시,J10,경기도 수원시 권선구 율전로 10
7541062,대선초등학교,경기도교육청,수원시,J10,경기도 수원시 영통구 봉영로 1432-19
7541063,수일초등학교,경기도교육청,수원시,J10,경기도 수원시 장안구 수일로 85
7541064,수원매화초등학교,경기도교육청,수원시,J10,경기도 수원시 영통구 권광로304번길 47-17
7541065,팔달초등학교,경기도교육청,수원시,J10,경기도 수원시 팔달구 권광로367번길 22
7541066,고색초등학교,경기도교육청,수원시,J10,경기도 수원시 권선구 매송고색로 681
7541067,고현초등학교,경기도교육청,수원시,J10,경기도 수원시 권선구 고현로 12
7541068,곡반초등학교,경기도교육청,수원시,J10,경기도 수원시 권선구 덕영대로1323번길 26-14
7541069,곡선초등학교,경기도교육청,수원시,J10,경기도 수원시 권선구 덕영대로1217번길 36
7541070,구운초등학교,경기도교육청,수원시,J10,경기도 수원시 권선구 여기산로 29
7541071,권선초등학교,경기도교육청,수원시,J10,경기도 수원시 권선구 세지로 126번길 27
7541072,남수원초등학교,경기도교육청,수원시,J10,경기도 수원시 권선구 경수대로235번길 24
7541073,남창초등학교,경기도교육청,수원시,J10,경기도 수원시 팔달구 행궁로 44-9
7541074,당수초등학교,경기도교육청,수원시,J10,경기도 수원시 권선구 당진로 6
7541075,동수원초등학교,경기도교육청,수원시,J10,경기도 수원시 영통구 동수원로 455
7541076,매산초등학교,경기도교육청,수원시,J10,경기도 수원시 팔달구 향교로 93
7541077,매원초등학교,경기도교육청,수원시,J10,경기도 수원시 영통구 광교호수공원로 100
7541078,매탄초등학교,경기도교육청,수원시,J10,경기도 수원시 영통구 매탄로 139
7541079,매현초등학교,경기도교육청,수원시,J10,경기도 수원시 영통구 동탄원천로881번길 77
7541080,산남초등학교,경기도교육청,수원시,J10,경기도 수원시 영통구 산남로 86
7541081,산의초등학교,경기도교육청,수원시,J10,경기도 수원시 영통구 센트럴타운로22번길 25
7541082,상률초등학교,경기도교육청,수원시,J10,경기도 수원시 장안구 덕영대로417번길 98
7541083,서호초등학교,경기도교육청,수원시,J10,경기도 수원시 권선구 서호동로14번길 47
7541084,세곡초등학교,경기도교육청,수원시,J10,경기도 수원시 권선구 세권로207번길 32
7541085,세류초등학교,경기도교육청,수원시,J10,경기도 수원시 권선구 세류로 78
7541086,송정초등학교,경기도교육청,수원시,J10,경기도 수원시 장안구 송정로 41
7541087,송죽초등학교,경기도교육청,수원시,J10,경기 수원시 장안구 송원로41번길 34
7541088,수원금곡초등학교,경기도교육청,수원시,J10,경기도 수원시 권선구 서수원로617번길 30
7541089,수원선일초등학교,경기도교육청,수원시,J10,경기도 수원시 권선구 권중로120번길 17
7541090,수성초등학교,경기도교육청,수원시,J10,경기도 수원시 장안구 금당로 19
7541091,수원신곡초등학교,경기도교육청,수원시,J10,경기도 수원시 권선구 정조로544번길 13-7
7541092,수원초등학교,경기도교육청,수원시,J10,경기도 수원시 팔달구 팔달로110번길 26
7541093,숙지초등학교,경기도교육청,수원시,J10,경기도 수원시 팔달구 덕영대로735번길 23-1
7541094,신성초등학교,경기도교육청,수원시,J10,경기도 수원시 영통구 청명북로 42
7541095,신영초등학교,경기도교육청,수원시,J10,경기도 수원시 영통구 영통로 266
7541096,신풍초등학교,경기도교육청,수원시,J10,경기도 수원시 영통구 도청로17번길 24
7541097,안룡초등학교,경기도교육청,수원시,J10,경기도 수원시 권선구 곡반정로33번길 21
7541098,연무초등학교,경기도교육청,수원시,J10,경기도 수원시 팔달구 창룡대로103번길 60
7541099,영덕초등학교,경기도교육청,수원시,J10,경기도 수원시 영통구 영통로 438
7541100,영동초등학교,경기도교육청,수원시,J10,경기도 수원시 영통구 봉영로1517번길 40
7541101,영일초등학교,경기도교육청,수원시,J10,경기도 수원시 영통구 덕영대로1673번길 17
7541102,영통초등학교,경기도교육청,수원시,J10,경기 수원시 영통구 영통로 328
7541103,영화초등학교,경기도교육청,수원시,J10,경기도 수원시 장안구 경수대로 838
7541104,오목초등학교,경기도교육청,수원시,J10,경기도 수원시 권선구 오목천로 24
7541105,우만초등학교,경기도교육청,수원시,J10,경기도 수원시 팔달구 창룡대로210번길 20
7541106,원천초등학교,경기도교육청,수원시,J10,경기도 수원시 영통구 매영로 103
7541107,율전초등학교,경기도교육청,수원시,J10,경기도 수원시 장안구 율전로 113
7541108,율현초등학교,경기도교육청,수원시,J10,경기도 수원시 팔달구 정자천로32번길 55
7541109,인계초등학교,경기도교육청,수원시,J10,경기도 수원시 팔달구 장다리로245번길 12
7541110,잠원초등학교,경기도교육청,수원시,J10,경기도 수원시 영통구 태장로54번길 11
7541111,정자초등학교,경기도교육청,수원시,J10,경기도 수원시 장안구 장안로 191
7541112,정천초등학교,경기도교육청,수원시,J10,경기도 수원시 장안구 화산로 83
7541113,조원초등학교,경기도교육청,수원시,J10,경기도 수원시 장안구 금당로 53
7541114,지동초등학교,경기도교육청,수원시,J10,경기도 수원시 팔달구 중부대로 67
7541115,창용초등학교,경기도교육청,수원시,J10,경기도 수원시 장안구 광교산로140번길 8
7541116,천일초등학교,경기도교육청,수원시,J10,경기도 수원시 장안구 정자로19번길 13
7541117,천천초등학교,경기도교육청,수원시,J10,경기도 수원시 장안구 정자로42번길 17
7541118,청명초등학교,경기도교육청,수원시,J10,경기도 수원시 영통구 봉영로1744번길 41
7541119,칠보초등학교,경기도교육청,수원시,J10,경기도 수원시 권선구 금호로37번길 15
7541120,태장초등학교,경기도교육청,수원시,J10,경기도 수원시 영통구 태장로71번길 30
7541121,파장초등학교,경기도교육청,수원시,J10,경기도 수원시 장안구 경수대로1081번길 32-9
7541122,호매실초등학교,경기도교육청,수원시,J10,경기도 수원시 권선구 매실로 48
7541123,황곡초등학교,경기도교육청,수원시,J10,경기도 수원시 영통구 영통로 518
7541124,화서초등학교,경기도교육청,수원시,J10,경기도 수원시 팔달구 팔달로127번길 54-11
7541125,화양초등학교,경기도교육청,수원시,J10,경기도 수원시 팔달구 덕영대로735번길 65
7541126,화홍초등학교,경기도교육청,수원시,J10,경기도 수원시 팔달구 수성로258번길 70
7541127,효동초등학교,경기도교육청,수원시,J10,경기도 수원시 영통구 매탄로126번길 27
7541128,효성초등학교,경기도교육청,수원시,J10,경기도 수원시 팔달구 월드컵로 256
7541129,효원초등학교,경기도교육청,수원시,J10,경기도 수원시 영통구 효원로358번길 16
7541130,효정초등학교,경기도교육청,수원시,J10,경기도 수원시 권선구 동수원로285번길 5
7541131,효천초등학교,경기도교육청,수원시,J10,경기도 수원시 장안구 천천로21번길 11
7541132,소화초등학교,경기도교육청,수원시,J10,경기도 수원시 영통구 광교중앙로 30
7541133,중앙기독초등학교,경기도교육청,수원시,J10,경기도 수원시 영통구 월드컵로 70
7541134,대평초등학교,경기도교육청,수원시,J10,경기도 수원시 장안구 대평로 111
7541136,명당초등학교,경기도교육청,수원시,J10,경기도 수원시 권선구 세권로 319
7541137,명인초등학교,경기도교육청,수원시,J10,경기도 수원시 장안구 대평로52번길 21
7541138,상촌초등학교,경기도교육청,수원시,J10,경기도 수원시 권선구 금곡로31번길 92
7541139,송림초등학교,경기도교육청,수원시,J10,경기도 수원시 장안구 대평로51번길 65
7541140,송원초등학교,경기도교육청,수원시,J10,경기도 수원시 장안구 수일로 185
7541141,원일초등학교,경기도교육청,수원시,J10,경기도 수원시 영통구 중부대로448번길 84번지
7541142,일월초등학교,경기도교육청,수원시,J10,경기도 수원시 권선구 일월천로16번길 27
7541143,탑동초등학교,경기도교육청,수원시,J10,경기도 수원시 권선구 탑동로 55
7541144,한일초등학교,경기도교육청,수원시,J10,경기도 수원시 장안구 수일로 150
7541145,서평초등학교,경기도교육청,수원시,J10,경기도 수원시 권선구 수인로9번길 52
7541146,오현초등학교,경기도교육청,수원시,J10,경기도 수원시 권선구 서수원로 220
7541235,매여울초등학교,경기도교육청,수원시,J10,경기도 수원시 팔달구 권광로260번길 20
7541328,선행초등학교,경기도교육청,수원시,J10,경기도 수원시 권선구 세권로196번길 21
7541329,광교초등학교,경기도교육청,수원시,J10,경기도 수원시 영통구 대학로 91
7541330,이의초등학교,경기도교육청,수원시,J10,경기도 수원시 영통구 법조로 150
7541339,곡정초등학교,경기도교육청,수원시,J10,경기도 수원시 권선구 곡선로 7번
7541341,능실초등학교,경기도교육청,수원시,J10,경기도 수원시 권선구 호매실로165번길 28
7541342,수원중촌초등학교,경기도교육청,수원시,J10,경기도 수원시 권선구 금곡로 140번길 30
7541356,다솔초등학교,경기도교육청,수원시,J10,경기도 수원시 장안구 이목로 24-35
7541357,수원가온초등학교,경기도교육청,수원시,J10,경기도 수원시 권선구 금곡로73번길 36
7541381,수원금호초등학교,경기도교육청,수원시,J10,경기도 수원시 권선구 칠보로 142
7541384,수원동신초등학교,경기도교육청,수원시,J10,경기도 수원시 장안구 만석로68번길 46
7541399,광교호수초등학교,경기도교육청,수원시,J10,경기도 수원시 영통구 광교호수공원로 205
7541401,망포초등학교,경기도교육청,수원시,J10,경기도 수원시 영통구 망포로 126
7541453,글빛초등학교,경기도교육청,수원시,J10,경기도 수원시 영통구 망포로84번길 15
7541463,매교초등학교,경기도교육청,수원시,J10,경기도 수원시 팔달구 정조로 676
7541465,규장초등학교,경기도교육청,수원시,J10,경기도 수원시 권선구 덕영대로1190번길 152
7551046,성남제일초등학교,경기도교육청,성남시,J10,경기도 성남시 중원구 광명로 184
7551047,성남정자초등학교,경기도교육청,성남시,J10,경기도 성남시 분당구 분당수서로 442
7551048,성남양지초등학교,경기도교육청,성남시,J10,경기도 성남시 수정구 논골로36번길 33
7551049,검단초등학교,경기도교육청,성남시,J10,경기도 성남시 중원구 원터로 25
7551050,구미초등학교,경기도교육청,성남시,J10,경기도 성남시 분당구 미금로22번길 25
7551051,금빛초등학교,경기도교육청,성남시,J10,경기도 성남시 수정구 남문로 112
7551052,금상초등학교,경기도교육청,성남시,J10,경기도 성남시 중원구 금상로 97
7551053,늘푸른초등학교,경기도교육청,성남시,J10,경기도 성남시 분당구 정자일로 87
7551054,내정초등학교,경기도교육청,성남시,J10,경기도 성남시 분당구 내정로174번길 19
7551055,단남초등학교,경기도교육청,성남시,J10,경기도 성남시 중원구 금광로12번길 5
7551056,단대초등학교,경기도교육청,성남시,J10,경기도 성남시 수정구 단대로 30
7551057,당촌초등학교,경기도교육청,성남시,J10,경기도 성남시 분당구 분당로 196
7551058,대원초등학교,경기도교육청,성남시,J10,경기도 성남시 중원구 희망로343번길 24
7551059,대일초등학교,경기도교육청,성남시,J10,경기도 성남시 중원구 금상로58번길 22
7551060,대하초등학교,경기도교육청,성남시,J10,경기도 성남시 중원구 시민로 14
7551061,돌마초등학교,경기도교육청,성남시,J10,경기도 성남시 분당구 야탑로 96-7
7551062,백현초등학교,경기도교육청,성남시,J10,경기도 성남시 분당구 백현로144번길 26
7551063,복정초등학교,경기도교육청,성남시,J10,경기도 성남시 수정구 성남대로1480번길 25
7551064,분당초등학교,경기도교육청,성남시,J10,경기도 성남시 분당구 중앙공원로32번길 20
7551065,불곡초등학교,경기도교육청,성남시,J10,경기도 성남시 분당구 무지개로 129
7551066,불정초등학교,경기도교육청,성남시,J10,경기도 성남시 분당구 돌마로 250
7551067,상대원초등학교,경기도교육청,성남시,J10,경기도 성남시 중원구 순환로214번길 16
7551068,상원초등학교,경기도교육청,성남시,J10,경기도 성남시 중원구 은행로 6
7551069,상탑초등학교,경기도교육청,성남시,J10,경기도 성남시 분당구 판교로 647
7551070,서당초등학교,경기도교육청,성남시,J10,경기도 성남시 분당구 돌마로476번길 30
7551071,서현초등학교,경기도교육청,성남시,J10,경기도 성남시 분당구 중앙공원로39번길 12
7551072,성남초등학교,경기도교육청,성남시,J10,경기도 성남시 수정구 수정로 233
7551073,성남동초등학교,경기도교육청,성남시,J10,경기도 성남시 중원구 자혜로32번길 10
7551074,성남매송초등학교,경기도교육청,성남시,J10,경기도 성남시 분당구 탄천로 97
7551075,성남미금초등학교,경기도교육청,성남시,J10,경기도 성남시 분당구 미금로 151
7551076,성남북초등학교,경기도교육청,성남시,J10,경기도 성남시 수정구 희망로534번길 3
7551077,성남서초등학교,경기도교육청,성남시,J10,경기도 성남시 수정구 태평로 19
7551078,성남수정초등학교,경기도교육청,성남시,J10,경기도 성남시 수정구 제일로123번길 9
7551079,성남신기초등학교,경기도교육청,성남시,J10,경기도 성남시 분당구 황새울로 74
7551080,성남신흥초등학교,경기도교육청,성남시,J10,경기도 성남시 수정구 공원로436번길 17
7551081,성남은행초등학교,경기도교육청,성남시,J10,경기도 성남시 중원구 순환로447번길 11
7551082,성남장안초등학교,경기도교육청,성남시,J10,경기도 성남시 분당구 장안로51번길 10
7551083,성남중앙초등학교,경기도교육청,성남시,J10,경기도 성남시 중원구 원터로94번길 7
7551084,성수초등학교,경기도교육청,성남시,J10,경기도 성남시 수정구 모란로 11
7551085,수내초등학교,경기도교육청,성남시,J10,경기도 성남시 분당구 백현로243번길 12
7551086,수진초등학교,경기도교육청,성남시,J10,경기도 성남시 수정구 탄리로95번길 16
7551087,안말초등학교,경기도교육청,성남시,J10,경기도 성남시 분당구 양현로 104
7551088,야탑초등학교,경기도교육청,성남시,J10,경기 성남시 분당구 양현로 400
7551089,양영초등학교,경기도교육청,성남시,J10,경기도 성남시 분당구 불정로406번길 17
7551090,오리초등학교,경기도교육청,성남시,J10,경기도 성남시 분당구 미금로 121
7551091,왕남초등학교,경기도교육청,성남시,J10,경기도 성남시 수정구 왕남로 24
7551092,이매초등학교,경기도교육청,성남시,J10,경기도 성남시 분당구 양현로 146
7551093,중원초등학교,경기도교육청,성남시,J10,경기도 성남시 중원구 사기막골로31번길 46
7551094,중탑초등학교,경기도교육청,성남시,J10,경기도 성남시 분당구 벌말로 68
7551095,초림초등학교,경기도교육청,성남시,J10,경기도 성남시 분당구 수내로90번길 26
7551096,청솔초등학교,경기도교육청,성남시,J10,경기도 성남시 분당구 금곡로 243
7551097,탄천초등학교,경기도교육청,성남시,J10,경기도 성남시 분당구 내정로 20
7551098,태평초등학교,경기도교육청,성남시,J10,경기도 성남시 수정구 남문로32번길 7
7551099,하원초등학교,경기도교육청,성남시,J10,경기도 성남시 중원구 광명로 396
7551100,하탑초등학교,경기도교육청,성남시,J10,경기도 성남시 분당구 양현로 262
7551101,한솔초등학교,경기도교육청,성남시,J10,경기도 성남시 분당구 돌마로 303
7551102,희망대초등학교,경기도교육청,성남시,J10,경기도 성남시 수정구 공원로370번길 29
7551103,중부초등학교,경기도교육청,성남시,J10,경기도 성남시 중원구 자혜로 55
7551149,도촌초등학교,경기도교육청,성남시,J10,경기도 성남시 중원구 도촌남로 99
7551153,산운초등학교,경기도교육청,성남시,J10,경기도 성남시 분당구 판교원로117번길 11
7551154,성남송현초등학교,경기도교육청,성남시,J10,경기도 성남시 분당구 동판교로 258
7551155,운중초등학교,경기도교육청,성남시,J10,경기도 성남시 분당구 운중로45번길 8
7551164,낙생초등학교,경기도교육청,성남시,J10,경기도 성남시 분당구 서판교로74번길 11
7551221,보평초등학교,경기도교육청,성남시,J10,경기도 성남시 분당구 동판교로 154
7551232,신백현초등학교,경기도교육청,성남시,J10,경기도 성남시 분당구 판교역로14번길 42
7551233,성남화랑초등학교,경기도교육청,성남시,J10,경기도 성남시 분당구 동판교로 77
7551234,판교초등학교,경기도교육청,성남시,J10,경기도 성남시 분당구 판교원로 231
7551261,성남여수초등학교,경기도교육청,성남시,J10,경기도 성남시 중원구 여수울로 37
7551276,위례고운초등학교,경기도교육청,성남시,J10,경기도 성남시 수정구 위례순환로 155
7551279,위례중앙초등학교,경기도교육청,성남시,J10,경기도 성남시 수정구 위례순환로 71
7551280,위례푸른초등학교,경기도교육청,성남시,J10,경기도 성남시 수정구 위례순환로 205
7551281,위례한빛초등학교,경기도교육청,성남시,J10,경기도 성남시 수정구 위례동로 55
7551298,판교대장초등학교,경기도교육청,성남시,J10,경기도 성남시 분당구 판교대장로5길 71
7551331,위례해솔초등학교,경기도교육청,성남시,J10,경기도 성남시 수정구 남위례로 131
7561017,의정부효자초등학교,경기도교육청,의정부시,J10,경기도 의정부시 부용로204번길 16
7561019,고산초등학교,경기도교육청,의정부시,J10,경기도 의정부시 문화로 41
7561020,가능초등학교,경기도교육청,의정부시,J10,경기도 의정부시 의정로140번길 15
7561021,금오초등학교,경기도교육청,의정부시,J10,경기도 의정부시 천보로 418
7561022,녹양초등학교,경기도교육청,의정부시,J10,경기도 의정부시 체육로 265-25
7561023,경의초등학교,경기도교육청,의정부시,J10,경기도 의정부시 경의로 135
7561024,동오초등학교,경기도교육청,의정부시,J10,경기도 의정부시 추동로23번길 10
7561025,발곡초등학교,경기도교육청,의정부시,J10,경기도 의정부시 동일로454번길
7561026,배영초등학교,경기도교육청,의정부시,J10,경기도 의정부시 가능로 135
7561027,새말초등학교,경기도교육청,의정부시,J10,경기도 의정부시 추동로124번길 37
7561028,송양초등학교,경기도교육청,의정부시,J10,경기도 의정부시 송양로 49
7561029,어룡초등학교,경기도교육청,의정부시,J10,경기도 의정부시 부용로 241
7561030,오동초등학교,경기도교육청,의정부시,J10,경기도 의정부시 용민로 151
7561031,의순초등학교,경기도교육청,의정부시,J10,경기도 의정부시 부용로 77
7561032,의정부초등학교,경기도교육청,의정부시,J10,경기도 의정부시 동일로522번길 30
7561033,의정부부용초등학교,경기도교육청,의정부시,J10,경기도 의정부시 오목로 83
7561034,의정부서초등학교,경기도교육청,의정부시,J10,경기도 의정부시 둔야로 57
7561035,의정부신곡초등학교,경기도교육청,의정부시,J10,경기도 의정부시 능곡로 31
7561036,의정부용현초등학교,경기도교육청,의정부시,J10,경기도 의정부시 용민로 87
7561037,의정부장암초등학교,경기도교육청,의정부시,J10,경기도 의정부시 동일로 417
7561038,의정부중앙초등학교,경기도교육청,의정부시,J10,경기도 의정부시 호국로1291번길 17
7561039,의정부청룡초등학교,경기도교육청,의정부시,J10,경기도 의정부시 장곡로322번길 21
7561040,의정부호동초등학교,경기도교육청,의정부시,J10,경기도 의정부시 호동로 45
7561041,호암초등학교,경기도교육청,의정부시,J10,경기도 의정부시 호암로 47
7561042,회룡초등학교,경기도교육청,의정부시,J10,경기도 의정부시 안말로 57
7561043,민락초등학교,경기도교육청,의정부시,J10,경기도 의정부시 용현로159번길 26
7561044,신동초등학교,경기도교육청,의정부시,J10,경기도 의정부시 시민로179번길 42
7561045,솔뫼초등학교,경기도교육청,의정부시,J10,경기도 의정부시 시민로 442
7561046,의정부호원초등학교,경기도교육청,의정부시,J10,경기도 의정부시 전좌로156번길 20
7561073,동암초등학교,경기도교육청,의정부시,J10,경기도 의정부시 장곡로 206
7561074,버들개초등학교,경기도교육청,의정부시,J10,경기도 의정부시 체육로 201
7561127,의정부송산초등학교,경기도교육청,의정부시,J10,경기도 의정부시 오목로 228
7561132,삼현초등학교,경기도교육청,의정부시,J10,경기도 의정부시 송양로 87
7561135,훈민초등학교,경기도교육청,의정부시,J10,경기도 의정부시 훈민로 14
7569010,과천초등학교,경기도교육청,과천시,J10,경기도 과천시 온온사로 10
7569011,관문초등학교,경기도교육청,과천시,J10,경기도 과천시 별양로 180-1
7569012,관양초등학교,경기도교육청,안양시,J10,경기도 안양시 동안구 관평로336번길 23
7569013,귀인초등학교,경기도교육청,안양시,J10,경기도 안양시 동안구 귀인로 248
7569014,나눔초등학교,경기도교육청,안양시,J10,경기도 안양시 동안구 흥안대로414번길 22
7569015,달안초등학교,경기도교육청,안양시,J10,경기도 안양시 동안구 동안로 178
7569016,덕천초등학교,경기도교육청,안양시,J10,경기도 안양시 만안구 전파로 27
7569017,동안초등학교,경기도교육청,안양시,J10,경기도 안양시 동안구 관평로138번길 36
7569018,문원초등학교,경기도교육청,과천시,J10,경기도 과천시 코오롱로 53
7569019,만안초등학교,경기도교육청,안양시,J10,경기도 안양시 만안구 안양로384번길 13
7569020,명학초등학교,경기도교육청,안양시,J10,경기도 안양시 만안구 명학로 55
7569021,민백초등학교,경기도교육청,안양시,J10,경기도 안양시 동안구 부림로 22
7569022,박달초등학교,경기도교육청,안양시,J10,경기도 안양시 만안구 삼봉로 38
7569023,벌말초등학교,경기도교육청,안양시,J10,경기도 안양시 동안구 학의로408번길 25
7569024,범계초등학교,경기도교육청,안양시,J10,경기도 안양시 동안구 동안로 90
7569025,부림초등학교,경기도교육청,안양시,J10,경기도 안양시 동안구 달안로 161
7569026,비산초등학교,경기도교육청,안양시,J10,경기도 안양시 동안구 운곡로 52
7569027,삼봉초등학교,경기도교육청,안양시,J10,경기도 안양시 만안구 박달로437번길 21
7569028,삼성초등학교,경기도교육청,안양시,J10,경기도 안양시 만안구 경수대로 1240
7569029,샘모루초등학교,경기도교육청,안양시,J10,경기도 안양시 동안구 관악대로 155
7569030,석수초등학교,경기도교육청,안양시,J10,경기도 안양시 만안구 석수로 110
7569031,신안초등학교,경기도교육청,안양시,J10,경기도 안양시 만안구 능곡로 52
7569032,안양초등학교,경기도교육청,안양시,J10,경기도 안양시 만안구 현충로28번길 54
7569033,안양관악초등학교,경기도교육청,안양시,J10,경기도 안양시 동안구 일동로 201
7569034,안양남초등학교,경기도교육청,안양시,J10,경기도 안양시 동안구 흥안대로 275
7569035,안양덕현초등학교,경기도교육청,안양시,J10,경기도 안양시 동안구 갈산로 34
7569036,안양동초등학교,경기도교육청,안양시,J10,경기도 안양시 동안구 임곡로80번길 34
7569037,안양부안초등학교,경기도교육청,안양시,J10,경기도 안양시 동안구 달안로 113
7569038,안양부흥초등학교,경기도교육청,안양시,J10,경기도 안양시 동안구 달안로 37
7569039,안양서초등학교,경기도교육청,안양시,J10,경기도 안양시 만안구 양화로37번길 32
7569040,안양신기초등학교,경기도교육청,안양시,J10,경기도 안양시 동안구 동안로 26
7569041,안양양지초등학교,경기도교육청,안양시,J10,경기도 안양시 만안구 병목안로130번길 69
7569042,안양중앙초등학교,경기도교육청,안양시,J10,경기도 안양시 동안구 경수대로883번길 11
7569043,안양호암초등학교,경기도교육청,안양시,J10,경기 안양시 만안구 예술공원로103번길 73
7569044,안일초등학교,경기도교육청,안양시,J10,경기도 안양시 만안구 안양천서로 339
7569045,연현초등학교,경기도교육청,안양시,J10,경기도 안양시 만안구 연현로1번길 55
7569046,인덕원초등학교,경기도교육청,안양시,J10,경기도 안양시 동안구 관양로 311
7569047,평촌초등학교,경기도교육청,안양시,J10,경기도 안양시 동안구 평촌대로180번길 56
7569048,호계초등학교,경기도교육청,안양시,J10,경기도 안양시 동안구 경수대로707번길 27
7569049,호성초등학교,경기도교육청,안양시,J10,경기도 안양시 동안구 호성로 43-2
7569050,호원초등학교,경기도교육청,안양시,J10,경기도 안양시 동안구 경수대로623번길 72
7569051,화창초등학교,경기도교육청,안양시,J10,경기도 안양시 만안구 양화로 217
7569052,희성초등학교,경기도교육청,안양시,J10,경기도 안양시 동안구 학의로 86
7569109,청계초등학교,경기도교육청,과천시,J10,경기도 과천시 꿈보람길 34
7569175,해오름초등학교,경기도교육청,안양시,J10,경기도 안양시 동안구 동편로 117
7569213,과천갈현초등학교,경기도교육청,과천시,J10,경기도 과천시 과천대로8가길 12
7569216,과천율목초등학교,경기도교육청,과천시,J10,경기도 과천시 과천대로2길 37
7581040,상미초등학교,경기도교육청,부천시,J10,경기도 부천시 상이로 64
7581041,부천송일초등학교,경기도교육청,부천시,J10,경기도 부천시 경인로60번길 19
7581042,고리울초등학교,경기도교육청,부천시,J10,경기도 부천시 고리울로 93
7581043,까치울초등학교,경기도교육청,부천시,J10,경기도 부천시 역곡로324번길 14
7581044,계남초등학교,경기도교육청,부천시,J10,경기도 부천시 조마루로 255
7581045,고강초등학교,경기도교육청,부천시,J10,경기도 부천시 역곡로482번길 57
7581046,도당초등학교,경기도교육청,부천시,J10,경기도 부천시 삼작로268번길 21
7581047,도원초등학교,경기도교육청,부천시,J10,경기도 부천시 마니로 13
7581048,동곡초등학교,경기도교육청,부천시,J10,경기도 부천시 안곡로 248
7581049,범박초등학교,경기도교육청,부천시,J10,경기도 부천시 범박로 1
7581050,복사초등학교,경기도교육청,부천시,J10,경기도 부천시 소사구 은성로 210
7581051,부광초등학교,경기도교육청,부천시,J10,경기도 부천시 석천로209번길 40
7581052,부명초등학교,경기도교육청,부천시,J10,경기도 부천시 조마루로 200
7581053,부원초등학교,경기도교육청,부천시,J10,경기도 부천시 호현로447번길 14
7581054,부인초등학교,경기도교육청,부천시,J10,경기도 부천시 신상로 16
7581055,부일초등학교,경기도교육청,부천시,J10,경기도 부천시 원미로182번길 31
7581056,부천초등학교,경기도교육청,부천시,J10,경기도 부천시 평천로 670
7581057,부천남초등학교,경기도교육청,부천시,J10,경기도 부천시 성주로270번길 16-1
7581058,부천대명초등학교,경기도교육청,부천시,J10,경기도 부천시 성오로 160
7581059,부천덕산초등학교,경기도교육청,부천시,J10,경기도 부천시 오정로252번길 91
7581060,부천동초등학교,경기도교육청,부천시,J10,경기도 부천시 지봉로51번길 22
7581061,부천부곡초등학교,경기도교육청,부천시,J10,경기도 부천시 부흥로272번길 31
7581062,부천부안초등학교,경기도교육청,부천시,J10,경기도 부천시 경인로484번길 75
7581063,부천부흥초등학교,경기도교육청,부천시,J10,경기도 부천시 계남로 154
7581064,부천북초등학교,경기도교육청,부천시,J10,경기도 부천시 원미로131번길 35
7581065,부천삼정초등학교,경기도교육청,부천시,J10,경기도 부천시 중동로 436
7581066,부천서초등학교,경기도교육청,부천시,J10,경기도 부천시 부일로330번길 30
7581067,부천수주초등학교,경기도교육청,부천시,J10,경기도 부천시 고강로 99
7581068,부천신흥초등학교,경기도교육청,부천시,J10,경기도 부천시 원미구 길주로391번길 71
7581069,부천여월초등학교,경기도교육청,부천시,J10,경기도 부천시 성곡로63번길 23
7581070,부천역곡초등학교,경기도교육청,부천시,J10,경기도 부천시 역곡로65번길 12
7581071,부천원일초등학교,경기도교육청,부천시,J10,경기도 부천시 소사로819번길 46
7581072,부천중앙초등학교,경기도교육청,부천시,J10,경기도 부천시 옥산로 30
7581073,부천중원초등학교,경기도교육청,부천시,J10,경기도 부천시 석천로 273
7581074,부천일신초등학교,경기도교육청,부천시,J10,경기도 부천시 범안로96번길 26
7581075,솔안초등학교,경기도교육청,부천시,J10,경기도 부천시 경인로1185번길 27
7581076,상도초등학교,경기도교육청,부천시,J10,경기도 부천시 장말로 149
7581077,상동초등학교,경기도교육청,부천시,J10,경기도 부천시 부흥로 70
7581078,상인초등학교,경기도교육청,부천시,J10,경기도 부천시 도약로 61
7581079,상일초등학교,경기도교육청,부천시,J10,경기도 부천시 조마루로 57
7581080,상원초등학교,경기도교육청,부천시,J10,경기도 부천시 부흥로 93
7581081,상지초등학교,경기도교육청,부천시,J10,경기도 부천시 장말로 189
7581082,석천초등학교,경기도교육청,부천시,J10,경기도 부천시 계남로 29
7581083,성주초등학교,경기도교육청,부천시,J10,경기도 부천시 성주로 118
7581084,소사초등학교,경기도교육청,부천시,J10,경기도 부천시 은성로 58
7581085,소일초등학교,경기도교육청,부천시,J10,경기도 부천시 소사로102번길 78
7581086,송내초등학교,경기도교육청,부천시,J10,경기도 부천시 석천로 27
7581087,신도초등학교,경기도교육청,부천시,J10,경기도 부천시 부흥로 137
7581088,심곡초등학교,경기도교육청,부천시,J10,경기도 부천시 장말로 309
7581089,심원초등학교,경기도교육청,부천시,J10,경기도 부천시 옥산로 66
7581090,약대초등학교,경기도교육청,부천시,J10,경기도 부천시 수도로66번길 14
7581091,오정초등학교,경기도교육청,부천시,J10,경기도 부천시 소사로794번길 48
7581092,옥산초등학교,경기도교육청,부천시,J10,경기도 부천시 길주로 327
7581093,원미초등학교,경기도교육청,부천시,J10,경기도 부천시 부흥로 423
7581094,원종초등학교,경기도교육청,부천시,J10,경기도 부천시 삼작로410번길 38
7581095,중흥초등학교,경기도교육청,부천시,J10,경기도 부천시 계남로 214
7581096,창영초등학교,경기도교육청,부천시,J10,경기도 부천시 은성로 109-26
7581141,소안초등학교,경기도교육청,부천시,J10,경기도 부천시 소사동로72번길 29
7581142,동산초등학교,경기도교육청,부천시,J10,경기도 부천시 오정로251번길 50
7581143,부천양지초등학교,경기도교육청,부천시,J10,경기도 부천시 안곡로 130
7581148,성곡초등학교,경기도교육청,부천시,J10,경기도 부천시 여월로 75
7581156,중동초등학교,경기도교육청,부천시,J10,경기도 부천시 심중로75번길 37
7581259,옥길버들초등학교,경기도교육청,부천시,J10,경기도 부천시 양지로 234-25
7581260,옥길산들초등학교,경기도교육청,부천시,J10,경기도 부천시 옥길로 31
7591014,가림초등학교,경기도교육청,광명시,J10,경기도 광명시 금당로 11-7
7591015,광명광덕초등학교,경기도교육청,광명시,J10,경기도 광명시 오리로 841
7591016,광명광성초등학교,경기도교육청,광명시,J10,경기도 광명시 철산로 59
7591017,광명초등학교,경기도교육청,광명시,J10,경기도 광명시 광이로 21
7591018,광명남초등학교,경기도교육청,광명시,J10,경기도 광명시 광명로 866-9
7591019,광명동초등학교,경기도교육청,광명시,J10,경기도 광명시 연서일로 25
7591020,광명북초등학교,경기도교육청,광명시,J10,경기도 광명시 시청로138번길 8
7591021,광명서초등학교,경기도교육청,광명시,J10,경기도 광명시 너부대로 5
7591022,광문초등학교,경기도교육청,광명시,J10,경기도 광명시 덕단이로 29
7591023,광일초등학교,경기도교육청,광명시,J10,경기도 광명시 목감로 34-6
7591024,도덕초등학교,경기도교육청,광명시,J10,경기도 광명시 가마산로 28
7591025,서면초등학교,경기도교육청,광명시,J10,경기도 광명시 오리로 402
7591026,소하초등학교,경기도교육청,광명시,J10,경기도 광명시 소하일로 45
7591027,안서초등학교,경기도교육청,광명시,J10,경기도 광명시 가학로 247-55
7591028,연서초등학교,경기도교육청,광명시,J10,경기도 광명시 안현로 80-2
7591029,온신초등학교,경기도교육청,광명시,J10,경기도 광명시 범안로 657
7591030,철산초등학교,경기도교육청,광명시,J10,경기도 광명시 하안로 392
7591031,충현초등학교,경기도교육청,광명시,J10,경기도 광명시 성채안로 16
7591032,하안초등학교,경기도교육청,광명시,J10,경기도 광명시 안현로 16
7591033,하안남초등학교,경기도교육청,광명시,J10,경기 광명시 금당로 71
7591034,하안북초등학교,경기도교육청,광명시,J10,경기도 광명시 가림로 18
7591035,하일초등학교,경기도교육청,광명시,J10,경기도 광명시 철망산로 68
7591087,구름산초등학교,경기도교육청,광명시,J10,경기도 광명시 한내일로 5
7591088,안현초등학교,경기도교육청,광명시,J10,경기도 광명시 도덕공원로 5
7591095,빛가온초등학교,경기도교육청,광명시,J10,경기도 광명시 양달로10번길 8
7602003,가납초등학교,경기도교육청,양주시,J10,경기도 양주시 광적면 부흥로 793
7602006,고암초등학교,경기도교육청,양주시,J10,경기도 양주시 고암길 320
7602008,광숭초등학교,경기도교육청,양주시,J10,경기도 양주시 삼숭로58번길 100
7602010,남면초등학교,경기도교육청,양주시,J10,경기도 양주시 남면 개나리18길 100
7602012,남면초등학교양덕분교장,경기도교육청,양주시,J10,경기도 양주시 남면 은남로119번길 373
7602015,덕계초등학교,경기도교육청,양주시,J10,경기도 양주시 평화로1489번길 29
7602017,덕도초등학교,경기도교육청,양주시,J10,경기도 양주시 광적면 광적로224번길 122
7602020,덕정초등학교,경기도교육청,양주시,J10,경기도 양주시 덕정1길 28
7602023,도둔초등학교,경기도교육청,양주시,J10,경기도 양주시 덕계로3길 51
7602024,동두천송내초등학교,경기도교육청,동두천시,J10,경기도 동두천시 중앙로 52
7602026,동두천신천초등학교,경기도교육청,동두천시,J10,경기도 동두천시 생연로9번길 20
7602031,동두천초등학교,경기도교육청,동두천시,J10,경기도 동두천시 평화로2460번길 4
7602033,동보초등학교,경기도교육청,동두천시,J10,경기도 동두천시 강변로640번길 31
7602035,보산초등학교,경기도교육청,동두천시,J10,경기도 동두천시 중앙로 427
7602038,봉암초등학교,경기도교육청,양주시,J10,경기도 양주시 은현면 삼육사로 473
7602040,사동초등학교,경기도교육청,동두천시,J10,경기도 동두천시 생연로 65
7602042,산북초등학교,경기도교육청,양주시,J10,경기도 양주시 평화로1261번길 96-46
7602044,삼상초등학교,경기도교육청,양주시,J10,경기도 양주시 장흥면 일영로 641
7602047,삼숭초등학교,경기도교육청,양주시,J10,경기도 양주시 삼숭로38번길 112
7602049,상수초등학교,경기도교육청,양주시,J10,경기도 양주시 남면 화합로 503
7602050,상패초등학교,경기도교육청,양주시,J10,경기도 양주시 은현면 은현로312번길 121-208
7602053,생연초등학교,경기도교육청,동두천시,J10,경기도 동두천시 생골로 19
7602055,소요초등학교,경기도교육청,동두천시,J10,경기도 동두천시 봉동로 64
7602057,송추초등학교,경기도교육청,양주시,J10,경기도 양주시 장흥면 호국로 499
7602059,신지초등학교,경기도교육청,양주시,J10,경기도 양주시 백석읍 양주산성로574번길 20
7602061,양주덕산초등학교,경기도교육청,양주시,J10,경기도 양주시 평화로 1418-6
7602063,양주덕현초등학교,경기도교육청,양주시,J10,경기도 양주시 부흥로 1989
7602066,양주백석초등학교,경기도교육청,양주시,J10,경기도 양주시 백석읍 중앙로223번길 10-11
7602068,연곡초등학교,경기도교육청,양주시,J10,경기도 양주시 백석읍 월암로170번길 107
7602070,유양초등학교,경기도교육청,양주시,J10,경기도 양주시 부흥로 1373-7
7602072,은봉초등학교,경기도교육청,양주시,J10,경기도 양주시 백석읍 꿈나무로 321
7602074,은현초등학교,경기도교육청,양주시,J10,경기도 양주시 은현면 화합로 912
7602076,이담초등학교,경기도교육청,동두천시,J10,경기도 동두천시 이담로 21
7602079,지행초등학교,경기도교육청,동두천시,J10,경기도 동두천시 행선로 40
7602081,천보초등학교,경기도교육청,양주시,J10,경기도 양주시 옥정로7길 65
7602083,칠봉초등학교,경기도교육청,양주시,J10,경기도 양주시 회정로 156
7602085,탑동초등학교,경기도교육청,동두천시,J10,경기도 동두천시 탑신로 61
7602087,회정초등학교,경기도교육청,양주시,J10,경기도 양주시 평화로 1567
7602090,회천초등학교,경기도교육청,양주시,J10,경기도 양주시 고암길 73
7602092,효촌초등학교,경기도교육청,양주시,J10,경기도 양주시 광적면 화합로 248번길18
7602096,주원초등학교,경기도교육청,양주시,J10,경기도 양주시 고암길 242
7602120,광사초등학교,경기도교육청,양주시,J10,경기도 양주시 고읍남로191번길 12
7602123,만송초등학교,경기도교육청,양주시,J10,경기도 양주시 고읍로 117-32
7602131,율정초등학교,경기도교육청,양주시,J10,경기도 양주시 옥정동로 245-41
7602136,옥정초등학교,경기도교육청,양주시,J10,경기도 양주시 옥정로5길 42-9
7602140,옥빛초등학교,경기도교육청,양주시,J10,경기도 양주시 옥정로4길 38
7602144,율빛초등학교,경기도교육청,양주시,J10,경기도 양주시 옥정동로4길 67
7602151,연푸른초등학교,경기도교육청,양주시,J10,경기도 양주시 옥정서로1길 27
7602154,옥정호수초등학교,경기도교육청,양주시,J10,경기도 양주시 옥정동 1044
7602155,회암초등학교,경기도교육청,양주시,J10,경기도 양주시 옥정서로5길 27-3
7602158,푸른샘초등학교,경기도교육청,양주시,J10,경기도 양주시 회천중앙로 192
7602161,회천새봄초등학교,경기도교육청,양주시,J10,경기도 양주시 회천로 377
7611031,안산해양초등학교,경기도교육청,안산시,J10,경기도 안산시 상록구 해양2로 28
7611032,안산호원초등학교,경기도교육청,안산시,J10,경기도 안산시 단원구 초지1로 100
7611033,각골초등학교,경기도교육청,안산시,J10,경기도 안산시 상록구 석호로 384
7611035,경일초등학교,경기도교육청,안산시,J10,경기도 안산시 상록구 성포로 47
7611036,고잔초등학교,경기도교육청,안산시,J10,경기도 안산시 단원구 적금로 182
7611037,관산초등학교,경기도교육청,안산시,J10,경기도 안산시 단원구 원선1로 68
7611038,능길초등학교,경기도교육청,안산시,J10,경기도 안산시 단원구 신길중앙로3길 8
7611039,대남초등학교,경기도교육청,안산시,J10,경기도 안산시 단원구 대남로 298
7611040,대동초등학교,경기도교육청,안산시,J10,경기도 안산시 단원구 솔따배기길 134-9
7611041,대부초등학교,경기도교육청,안산시,J10,경기도 안산시 단원구 대부중앙로 56
7611042,덕성초등학교,경기도교육청,안산시,J10,경기도 안산시 단원구 예술대학로 119
7611043,매화초등학교,경기도교육청,안산시,J10,경기도 안산시 상록구 안산대학로 35
7611044,반월초등학교,경기도교육청,안산시,J10,경기도 안산시 상록구 건건로 39
7611045,별망초등학교,경기도교육청,안산시,J10,경기도 안산시 단원구 초지1로 51
7611046,본오초등학교,경기도교육청,안산시,J10,경기도 안산시 상록구 각골서로 49
7611047,본원초등학교,경기도교육청,안산시,J10,경기도 안산시 상록구 샘골로 83
7611048,삼일초등학교,경기도교육청,안산시,J10,경기도 안산시 상록구 월피로 42
7611049,상록초등학교,경기도교육청,안산시,J10,경기도 안산시 상록구 본오로 157
7611050,석호초등학교,경기도교육청,안산시,J10,경기도 안산시 상록구 석호로 113
7611051,선부초등학교,경기도교육청,안산시,J10,경기도 안산시 단원구 달미로 24
7611052,선일초등학교,경기도교육청,안산시,J10,경기도 안산시 단원구 선이로3길 40
7611053,성안초등학교,경기도교육청,안산시,J10,경기도 안산시 상록구 삼리로 119
7611054,성포초등학교,경기도교육청,안산시,J10,경기도 안산시 상록구 안산천동로 90
7611055,송호초등학교,경기도교육청,안산시,J10,경기도 안산시 단원구 한양대학로 183
7611056,슬기초등학교,경기도교육청,안산시,J10,경기도 안산시 단원구 안산천남로 53
7611057,시곡초등학교,경기도교육청,안산시,J10,경기도 안산시 상록구 감골1로 46
7611058,시랑초등학교,경기도교육청,안산시,J10,경기도 안산시 상록구 충장로 670
7611059,안산광덕초등학교,경기도교육청,안산시,J10,경기도 안산시 상록구 안산천서로3길 6-7
7611060,안산부곡초등학교,경기도교육청,안산시,J10,경기도 안산시 상록구 부곡로 73
7611061,안산서초등학교,경기도교육청,안산시,J10,경기도 안산시 단원구 원선로 67
7611062,안산석수초등학교,경기도교육청,안산시,J10,경기도 안산시 단원구 석수로 93
7611063,안산원곡초등학교,경기도교육청,안산시,J10,경기도 안산시 단원구 원곡초교길 9
7611064,안산양지초등학교,경기도교육청,안산시,J10,경기도 안산시 단원구 안산천남로 129
7611065,안산중앙초등학교,경기도교육청,안산시,J10,경기도 안산시 단원구 예술대학로 50
7611066,안산초등학교,경기도교육청,안산시,J10,경기도 안산시 상록구 수암2길 13-7
7611067,안산화정초등학교,경기도교육청,안산시,J10,경기도 안산시 단원구 화정천서로 545
7611068,와동초등학교,경기도교육청,안산시,J10,경기도 안산시 단원구 사세충열로 26
7611069,원일초등학교,경기도교육청,안산시,J10,경기도 안산시 단원구 원선로 113
7611070,이호초등학교,경기도교육청,안산시,J10,경기도 안산시 상록구 고목로3길 44
7611071,정재초등학교,경기도교육청,안산시,J10,경기도 안산시 상록구 정재초교길 11
7611072,정지초등학교,경기도교육청,안산시,J10,경기도 안산시 단원구 정지로 57
7611073,초당초등학교,경기도교육청,안산시,J10,경기도 안산시 상록구 초당로 25
7611074,초지초등학교,경기도교육청,안산시,J10,경기도 안산시 단원구 초지로 153
7611075,호동초등학교,경기도교육청,안산시,J10,경기도 안산시 상록구 성호로 70
7611076,화랑초등학교,경기도교육청,안산시,J10,경기도 안산시 단원구 화정천동로 296
7611077,학현초등학교,경기도교육청,안산시,J10,경기도 안산시 상록구 석호로 6
7611115,덕인초등학교,경기도교육청,안산시,J10,경기도 안산시 단원구 와동공원로5안길 22-6
7611116,안산진흥초등학교,경기도교육청,안산시,J10,경기도 안산시 단원구 화정천동로 80
7611117,안산청석초등학교,경기도교육청,안산시,J10,경기도 안산시 상록구 해양1로 48
7611119,팔곡초등학교,경기도교육청,안산시,J10,경기도 안산시 상록구 팔곡두레길 71
7611128,안산창촌초등학교,경기도교육청,안산시,J10,경기도 안산시 상록구 건건5길 7
7611131,신길초등학교,경기도교육청,안산시,J10,경기도 안산시 단원구 새뿔길 100
7611132,안산대월초등학교,경기도교육청,안산시,J10,경기도 안산시 단원구 신길로 67
7611217,안산해솔초등학교,경기도교육청,안산시,J10,경기도 안산시 상록구 해양5로 38
7621016,한뫼초등학교,경기도교육청,고양시,J10,경기도 고양시 일산서구 고양대로 629
7621041,목암초등학교,경기도교육청,고양시,J10,경기도 고양시 덕양구 푸른마을로 63
7621042,가람초등학교,경기도교육청,고양시,J10,경기도 고양시 덕양구 행신로311번길 78
7621043,강선초등학교,경기도교육청,고양시,J10,경기도 고양시 일산서구 강선로 77
7621044,고봉초등학교,경기도교육청,고양시,J10,경기도 고양시 일산동구 중산로 280
7621045,고양백석초등학교,경기도교육청,고양시,J10,경기도 고양시 일산동구 강촌로 140
7621046,고양신일초등학교,경기도교육청,고양시,J10,경기도 고양시 일산서구 강선로 183
7621047,고양용현초등학교,경기도교육청,고양시,J10,경기도 고양시 덕양구 화신로 21
7621048,고양초등학교,경기도교육청,고양시,J10,경기도 고양시 덕양구 혜음로13번길 22-7
7621049,고양화수초등학교,경기도교육청,고양시,J10,경기도 고양시 덕양구 화수로 25
7621050,고양화정초등학교,경기도교육청,고양시,J10,경기도 고양시 덕양구 화신로 333
7621051,금계초등학교,경기도교육청,고양시,J10,경기도 고양시 일산동구 강촌로 90
7621052,낙민초등학교,경기도교육청,고양시,J10,경기도 고양시 일산동구 강석로 134
7621053,내유초등학교,경기도교육청,고양시,J10,경기도 고양시 덕양구 통일로 1132
7621054,냉천초등학교,경기도교육청,고양시,J10,경기도 고양시 일산동구 산두로 99
7621055,능곡초등학교,경기도교육청,고양시,J10,경기도 고양시 덕양구 토당로67번길 66
7621056,대곡초등학교,경기도교육청,고양시,J10,경기도 고양시 덕양구 대주로 138-50
7621057,대화초등학교,경기도교육청,고양시,J10,경기도 고양시 일산서구 송포로 50
7621058,덕은초등학교,경기도교육청,고양시,J10,경기도 고양시 덕양구 중앙로176번길 18-4
7621059,덕이초등학교,경기도교육청,고양시,J10,경기도 고양시 일산서구 덕이로 104
7621060,무원초등학교,경기도교육청,고양시,J10,경기도 고양시 덕양구 무원로 47
7621061,문촌초등학교,경기도교육청,고양시,J10,경기도 고양시 일산서구 주엽로 168
7621062,문화초등학교,경기도교육청,고양시,J10,경기도 고양시 일산서구 강선로 123
7621063,백마초등학교,경기도교육청,고양시,J10,경기도 고양시 일산동구 일산로 230
7621064,백신초등학교,경기도교육청,고양시,J10,경기도 고양시 일산동구 강촌로26번길 66
7621065,백양초등학교,경기도교육청,고양시,J10,경기도 고양시 덕양구 화신로 238
7621066,벽제초등학교,경기도교육청,고양시,J10,경기도 고양시 일산동구 공릉천로 13
7621067,삼송초등학교,경기도교육청,고양시,J10,경기도 고양시 덕양구 세솔로 150
7621068,상탄초등학교,경기도교육청,고양시,J10,경기도 고양시 일산서구 현중로 47
7621069,성라초등학교,경기도교육청,고양시,J10,경기도 고양시 덕양구 호국로716번길 13-19
7621070,성사초등학교,경기도교육청,고양시,J10,경기도 고양시 덕양구 호국로834번길 89
7621071,성석초등학교,경기도교육청,고양시,J10,경기도 고양시 일산동구 문봉길 110
7621072,성신초등학교,경기도교육청,고양시,J10,경기도 고양시 덕양구 성신로 104
7621073,성저초등학교,경기도교육청,고양시,J10,경기도 고양시 일산서구 성저로 92
7621074,소만초등학교,경기도교육청,고양시,J10,경기 고양시 덕양구 화신로 48
7621075,송포초등학교,경기도교육청,고양시,J10,경기도 고양시 일산서구 송산로 379
7621076,신능초등학교,경기도교육청,고양시,J10,경기도 고양시 덕양구 충장로123번길 37
7621077,신원초등학교,경기도교육청,고양시,J10,경기도 고양시 덕양구 신원3로 21
7621078,신촌초등학교,경기도교육청,고양시,J10,경기도 고양시 일산서구 후곡로 52
7621079,안곡초등학교,경기도교육청,고양시,J10,경기도 고양시 일산동구 중산로 142
7621080,오마초등학교,경기도교육청,고양시,J10,경기도 고양시 일산서구 주엽로 214
7621081,용두초등학교,경기도교육청,고양시,J10,경기도 고양시 덕양구 용두로121번길 20
7621082,용정초등학교,경기도교육청,고양시,J10,경기도 고양시 덕양구 은빛로17번길
7621083,원당초등학교,경기도교육청,고양시,J10,경기도 고양시 덕양구 마상로107번길 13
7621084,원중초등학교,경기도교육청,고양시,J10,경기도 고양시 일산동구 위시티3로 67
7621085,율동초등학교,경기도교육청,고양시,J10,경기도 고양시 일산동구 산두로 223
7621086,일산초등학교,경기도교육청,고양시,J10,경기도 고양시 일산서구 일중로15번길 38
7621087,장성초등학교,경기도교육청,고양시,J10,경기도 고양시 일산서구 일산로 738
7621088,장촌초등학교,경기도교육청,고양시,J10,경기도 고양시 일산서구 호수로856번길 43
7621089,저동초등학교,경기도교육청,고양시,J10,경기도 고양시 일산동구 대산로11번길 37
7621090,정발초등학교,경기도교육청,고양시,J10,경기도 고양시 일산동구 강송로 190
7621091,주엽초등학교,경기도교육청,고양시,J10,경기도 고양시 일산서구 강선로 29
7621092,중산초등학교,경기도교육청,고양시,J10,경기도 고양시 일산동구 탄중로 373
7621093,지도초등학교,경기도교육청,고양시,J10,경기도 고양시 덕양구 성신로 49
7621095,풍산초등학교,경기도교육청,고양시,J10,경기도 고양시 일산동구 숲속마을로 51
7621096,토당초등학교,경기도교육청,고양시,J10,경기도 고양시 덕양구 행신로 90
7621097,한수초등학교,경기도교육청,고양시,J10,경기도 고양시 일산서구 주엽로 118
7621098,행남초등학교,경기도교육청,고양시,J10,경기도 고양시 덕양구 소만로 22
7621099,행신초등학교,경기도교육청,고양시,J10,경기도 고양시 덕양구 중앙로 527
7621100,행주초등학교,경기도교육청,고양시,J10,경기도 고양시 덕양구 행주로17번길 70
7621101,호수초등학교,경기도교육청,고양시,J10,경기도 고양시 일산동구 강촌로 27
7621102,화중초등학교,경기도교육청,고양시,J10,경기도 고양시 덕양구 화중로152번길 43
7621103,흥도초등학교,경기도교육청,고양시,J10,경기도 고양시 덕양구 도래울1로 83
7621104,현산초등학교,경기도교육청,고양시,J10,경기도 고양시 일산서구 산현로 87
7621105,호곡초등학교,경기도교육청,고양시,J10,경기도 고양시 일산서구 탄현로 109
7621106,황룡초등학교,경기도교육청,고양시,J10,경기도 고양시 일산서구 탄현로 75
7621151,고양한내초등학교,경기도교육청,고양시,J10,경기도 고양시 일산서구 고양대로255번길 27
7621152,고양관산초등학교,경기도교육청,고양시,J10,경기도 고양시 덕양구 통일로726번길 130
7621162,일산은행초등학교,경기도교육청,고양시,J10,경기도 고양시 일산동구 은행마을로 70
7621164,가좌초등학교,경기도교육청,고양시,J10,경기도 고양시 일산서구 가좌2로 31
7621165,풍동초등학교,경기도교육청,고양시,J10,경기도 고양시 일산동구 숲속마을로 14-43
7621166,다솜초등학교,경기도교육청,고양시,J10,경기도 고양시 일산동구 숲속마을로 139
7621178,하늘초등학교,경기도교육청,고양시,J10,경기도 고양시 일산동구 하늘마을1로 46
7621179,아람초등학교,경기도교육청,고양시,J10,경기도 고양시 덕양구 서정마을로 36
7621185,모당초등학교,경기도교육청,고양시,J10,경기도 고양시 일산동구 하늘마을로 144
7621288,서정초등학교,경기도교육청,고양시,J10,경기도 고양시 덕양구 소원로 251
7621289,양일초등학교,경기도교육청,고양시,J10,경기도 고양시 일산동구 위시티로 151
7621297,백송초등학교,경기도교육청,고양시,J10,경기도 고양시 일산서구 하이파크3로 110
7621298,한산초등학교,경기도교육청,고양시,J10,경기도 고양시 일산서구 하이파크1로 56
7621316,고양동산초등학교,경기도교육청,고양시,J10,경기도 고양시 덕양구 동세로 32
7621326,도래울초등학교,경기도교육청,고양시,J10,경기도 고양시 덕양구 도래울3로
7621342,고양오금초등학교,경기도교육청,고양시,J10,경기도 고양시 덕양구 오금1로 10
7621360,한류초등학교,경기도교육청,고양시,J10,경기도 고양시 일산동구 한류월드로 262
7621361,창릉초등학교,경기도교육청,고양시,J10,경기도 고양시 덕양구 덕수천2로 118
7621362,향동숲내초등학교,경기도교육청,고양시,J10,경기도 고양시 덕양구 향기로 53
7621364,향동초등학교,경기도교육청,고양시,J10,경기도 고양시 덕양구 향동1로 37
7621369,지축초등학교,경기도교육청,고양시,J10,경기도 고양시 덕양구 오부자로 50
7621372,원흥초등학교,경기도교육청,고양시,J10,경기도 고양시 덕양구 원흥1로 26
7621394,덕은한강초등학교,경기도교육청,고양시,J10,경기도 고양시 덕양구 대덕산로 55
7621397,지효초등학교,경기도교육청,고양시,J10,경기도 고양시 덕양구 오부자로 115
7621407,고양장항초등학교,경기도교육청,고양시,J10,경기도 고양시 일산동구 장항한강5로 60
7631021,평택송화초등학교,경기도교육청,평택시,J10,경기 평택시 팽성읍 송화택지로25번길 14
7631022,장당초등학교,경기도교육청,평택시,J10,경기도 평택시 송탄로 46
7631023,평택안일초등학교,경기도교육청,평택시,J10,경기도 평택시 안중읍 안중로 13
7631024,현일초등학교,경기도교육청,평택시,J10,경기도 평택시 안중읍 현화중앙길 83
7631025,가사초등학교,경기도교육청,평택시,J10,경기도 평택시 현덕면 기산2길 16
7631026,갈곶초등학교,경기도교육청,평택시,J10,경기도 평택시 진위면 엘지로 57
7631027,계성초등학교,경기도교육청,평택시,J10,경기도 평택시 팽성읍 계성새싹길 85
7631028,고덕초등학교,경기도교육청,평택시,J10,경기도 평택시 함박산로 161
7631029,내기초등학교,경기도교육청,평택시,J10,경기도 평택시 포승읍 내기새싹길 23
7631030,덕동초등학교,경기도교육청,평택시,J10,경기도 평택시 매봉산1길 5
7631031,동삭초등학교,경기도교육청,평택시,J10,경기도 평택시 동삭로 370
7631032,복창초등학교,경기도교육청,평택시,J10,경기도 평택시 서정북로 3
7631033,부용초등학교,경기도교육청,평택시,J10,경기도 평택시 팽성읍 동서촌로 65
7631034,비전초등학교,경기도교육청,평택시,J10,경기도 평택시 비전1로 57번길
7631035,삼덕초등학교,경기도교육청,평택시,J10,경기도 평택시 청북읍 청북중앙로 226
7631036,소사벌초등학교,경기도교육청,평택시,J10,경기도 평택시 동부공원로 59
7631037,서정리초등학교,경기도교육청,평택시,J10,경기도 평택시 서두물로 21
7631038,서탄초등학교,경기도교육청,평택시,J10,경기도 평택시 서탄면 금암2길 121
7631039,세교초등학교,경기도교육청,평택시,J10,경기도 평택시 세교공원로 32
7631040,송북초등학교,경기도교육청,평택시,J10,경기도 평택시 지산로 90
7631041,송신초등학교,경기도교육청,평택시,J10,경기도 평택시 송월로32번길 32
7631042,송일초등학교,경기도교육청,평택시,J10,경기도 평택시 송일로 6
7631043,송탄초등학교,경기도교육청,평택시,J10,경기도 평택시 막곡길 67
7631044,안중초등학교,경기도교육청,평택시,J10,경기도 평택시 안중읍 안중로 89
7631045,어연초등학교,경기도교육청,평택시,J10,경기도 평택시 청북읍 청원로 446
7631046,오성초등학교,경기도교육청,평택시,J10,경기도 평택시 오성면 숙성시장길 15
7631047,원정초등학교,경기도교육청,평택시,J10,경기도 평택시 포승읍 평택항로 469
7631048,이충초등학교,경기도교육청,평택시,J10,경기도 평택시 이충로 93-5
7631049,종덕초등학교,경기도교육청,평택시,J10,경기도 평택시 고덕국제2로 111
7631050,죽백초등학교,경기도교육청,평택시,J10,경기도 평택시 죽백1길 41
7631051,지장초등학교,경기도교육청,평택시,J10,경기도 평택시 지장로 15
7631052,진위초등학교,경기도교육청,평택시,J10,경기도 평택시 진위면 봉남길 49
7631053,창신초등학교,경기도교육청,평택시,J10,경기도 평택시 오성면 창신뜰길 138
7631054,청북초등학교,경기도교육청,평택시,J10,경기도 평택시 청북읍 청북새싹길 25
7631055,팽성초등학교,경기도교육청,평택시,J10,경기도 평택시 팽성읍 송화2길 2
7631056,평일초등학교,경기도교육청,평택시,J10,경기도 평택시 평남로 626
7631057,평택성동초등학교,경기도교육청,평택시,J10,경기도 평택시 중앙로 89
7631058,평택중앙초등학교,경기도교육청,평택시,J10,경기도 평택시 세교로 11
7631059,평택지산초등학교,경기도교육청,평택시,J10,경기도 평택시 지산2로 57
7631060,평택초등학교,경기도교육청,평택시,J10,경기도 평택시 원평2로 4
7631061,합정초등학교,경기도교육청,평택시,J10,경기도 평택시 평택4로 11
7631062,현덕초등학교,경기도교육청,평택시,J10,경기도 평택시 현덕면 현덕로 1254
7631063,현화초등학교,경기도교육청,평택시,J10,경기도 평택시 안중읍 안현로서7길 80
7631064,홍원초등학교,경기도교육청,평택시,J10,경기도 평택시 포승읍 외원길 26
7631065,효덕초등학교,경기도교육청,평택시,J10,경기도 평택시 고덕면 효덕새싹길 6-5
7631066,군문초등학교,경기도교육청,평택시,J10,경기도 평택시 원평로 21
7631067,내기초등학교신영분교장,경기도교육청,평택시,J10,경기도 평택시 포승읍 신영새싹길 86-29
7631068,서탄초등학교내수분교장,경기도교육청,평택시,J10,경기도 평택시 서탄면 수월암3길 61
7631069,진위초등학교산대분교장,경기도교육청,평택시,J10,경기도 평택시 진위면 은산3길 46
7631070,현덕초등학교광덕분교장,경기도교육청,평택시,J10,경기도 평택시 현덕면 현덕로 934
7631121,평택도곡초등학교,경기도교육청,평택시,J10,경기도 평택시 포승읍 여술로44번길 5
7631123,반지초등학교,경기도교육청,평택시,J10,경기도 평택시 이충로 7
7631134,송현초등학교,경기도교육청,평택시,J10,경기도 평택시 경기대로 1432
7631177,용이초등학교,경기도교육청,평택시,J10,경기도 평택시 현신7길 36
7631178,청옥초등학교,경기도교육청,평택시,J10,경기도 평택시 청북읍 안청로1길 76
7631188,자란초등학교,경기도교육청,평택시,J10,경기도 평택시 만세로 1886
7631198,현촌초등학교,경기도교육청,평택시,J10,경기도 평택시 현촌3길 10
7631205,평택이화초등학교,경기도교육청,평택시,J10,경기도 평택시 평남로 906
7631209,가내초등학교,경기도교육청,평택시,J10,경기도 평택시 비전2로 265
7631212,평택청아초등학교,경기도교육청,평택시,J10,경기도 평택시 청북읍 안청로4길 26
7631217,평택서재초등학교,경기도교육청,평택시,J10,경기도 평택시 상서재로6길 19
7631222,용죽초등학교,경기도교육청,평택시,J10,경기도 평택시 용죽2로 23
7631226,평택새빛초등학교,경기도교육청,평택시,J10,경기도 평택시 신촌2로 33
7631227,세아초등학교,경기도교육청,평택시,J10,경기도 평택시 세교4로 50
7631231,평택대동초등학교,경기도교육청,평택시,J10,경기도 평택시 소사서로 17
7631242,평택모산초등학교,경기도교육청,평택시,J10,경기도 평택시 지제동삭1로 175
7631262,지제초등학교,경기도교육청,평택시,J10,경기도 평택시 지제5로 77
7631263,배다리초등학교,경기도교육청,평택시,J10,경기도 평택시 죽백4로 65
7631268,율포초등학교,경기도교육청,평택시,J10,경기도 평택시 함박산로 10
7631275,민세초등학교,경기도교육청,평택시,J10,경기도 평택시 고덕국제1로 200
7631276,해창초등학교,경기도교육청,평택시,J10,평택시 고덕국제5로 165
7631277,평택영신초등학교,경기도교육청,평택시,J10,경기도 평택시 지제동삭2로 123
7631282,고덕함박초등학교,경기도교육청,평택시,J10,경기도 평택시 고덕국제5로 80
7631289,평택화양초등학교,경기도교육청,평택시,J10,경기도 평택시 현덕면 화양현화2로 10
7631290,평택연화초등학교,경기도교육청,평택시,J10,경기도 평택시 현덕면 운정화양1로 95
7631294,가재초등학교,경기도교육청,평택시,J10,경기도 평택시 가재3로 15
7631296,평안초등학교,경기도교육청,평택시,J10,경기도 평택시 진위면 삼남로 834
7642003,갈뫼초등학교,경기도교육청,의왕시,J10,경기도 의왕시 갈미로 27
7642004,고천초등학교,경기도교육청,의왕시,J10,경기도 의왕시 효행로 10
7642005,곡란초등학교,경기도교육청,군포시,J10,경기도 군포시 고산로677번길 24-42
7642006,관모초등학교,경기도교육청,군포시,J10,경기도 군포시 곡란로8번길 35-22
7642007,광정초등학교,경기도교육청,군포시,J10,경기도 군포시 산본로386번길 5-20
7642008,군포양정초등학교,경기도교육청,군포시,J10,경기도 군포시 오금로 131
7642009,군포옥천초등학교,경기도교육청,군포시,J10,경기도 군포시 용호2로54번길 12
7642010,군포초등학교,경기도교육청,군포시,J10,경기도 군포시 군포로 463
7642011,군포화산초등학교,경기도교육청,군포시,J10,경기도 군포시 오금로 48
7642012,궁내초등학교,경기도교육청,군포시,J10,경기도 군포시 수리산로 187
7642013,금정초등학교,경기도교육청,군포시,J10,경기도 군포시 금정로 40
7642014,내손초등학교,경기도교육청,의왕시,J10,경기도 의왕시 내손순환로 175
7642015,능내초등학교,경기도교육청,군포시,J10,경기도 군포시 수리산로 37
7642016,덕장초등학교,경기도교육청,의왕시,J10,경기도 의왕시 덕장로 33
7642017,도장초등학교,경기도교육청,군포시,J10,경기도 군포시 번영로 371
7642018,둔대초등학교,경기도교육청,군포시,J10,경기도 군포시 호수로 305-14
7642019,둔전초등학교,경기도교육청,군포시,J10,경기도 군포시 고산로 542
7642020,백운초등학교,경기도교육청,의왕시,J10,경기도 의왕시 백운초등길 4
7642021,산본초등학교,경기도교육청,군포시,J10,경기도 군포시 산본로386번길 60
7642022,수리초등학교,경기도교육청,군포시,J10,경기도 군포시 수리산로 125
7642023,신흥초등학교,경기도교육청,군포시,J10,경기도 군포시 고산로 470
7642024,오금초등학교,경기도교육청,군포시,J10,경기도 군포시 번영로 366
7642025,오전초등학교,경기도교육청,의왕시,J10,경기도 의왕시 찬우물길 49
7642026,왕곡초등학교,경기도교육청,의왕시,J10,경기도 의왕시 왕곡로 58
7642027,용호초등학교,경기도교육청,군포시,J10,경기도 군포시 용호2로 12
7642028,의왕덕성초등학교,경기도교육청,의왕시,J10,경기도 의왕시 덕영대로 123
7642029,의왕부곡초등학교,경기도교육청,의왕시,J10,경기도 의왕시 철도박물관로 143
7642030,의왕초등학교,경기도교육청,의왕시,J10,경기도 의왕시 모락로 56
7642031,태을초등학교,경기도교육청,군포시,J10,경기도 군포시 산본로 451-49
7642032,흥진초등학교,경기도교육청,군포시,J10,경기도 군포시 오금로 15-40
7642033,당동초등학교,경기도교육청,군포시,J10,경기도 군포시 용호1로 34
7642034,당정초등학교,경기도교육청,군포시,J10,경기도 군포시 고산로151번길 26-24
7642075,군포대야초등학교,경기도교육청,군포시,J10,경기도 군포시 대야2로 148
7642076,내동초등학교,경기도교육청,의왕시,J10,경기도 의왕시 내손로 101
7642077,모락초등학교,경기도교육청,의왕시,J10,경기도 의왕시 보식골로 40
7642121,부곡중앙초등학교,경기도교육청,군포시,J10,경기도 군포시 송부로273번길 7
7642122,한얼초등학교,경기도교육청,군포시,J10,경기도 군포시 산본천로 136
7642126,포일초등학교,경기도교육청,의왕시,J10,경기도 의왕시 포일세거리로 51
7642128,군포신기초등학교,경기도교육청,군포시,J10,경기도 군포시 삼성로28번길 3
7642141,백운호수초등학교,경기도교육청,의왕시,J10,경기도 의왕시 백운중앙로 67
7642143,송안초등학교,경기도교육청,군포시,J10,경기도 군포시 송부로73번길 7
7642152,의왕푸른초등학교,경기도교육청,의왕시,J10,경기도 의왕시 시청1로 7
7652009,가곡초등학교,경기도교육청,남양주시,J10,경기도 남양주시 화도읍 비룡로379번길 3
7652010,가양초등학교,경기도교육청,남양주시,J10,경기도 남양주시 수동면 비룡로1243번길 7
7652011,갈매초등학교,경기도교육청,구리시,J10,경기도 구리시 갈매중앙로 40
7652014,광릉초등학교,경기도교육청,남양주시,J10,경기도 남양주시 진접읍 광릉내로82번길 29
7652017,교문초등학교,경기도교육청,구리시,J10,경기도 구리시 안골로19번길 16
7652021,구리초등학교,경기도교육청,구리시,J10,경기도 구리시 경춘로276번길 51
7652023,구지초등학교,경기도교육청,구리시,J10,경기도 구리시 건원대로76번길 40
7652026,금교초등학교,경기도교육청,남양주시,J10,경기도 남양주시 미금로 194
7652028,금남초등학교,경기도교육청,남양주시,J10,경기도 남양주시 화도읍 북한강로 1506
7652030,남양주금곡초등학교,경기도교육청,남양주시,J10,경기도 남양주시 금곡로 65-6
7652031,남양주도곡초등학교,경기도교육청,남양주시,J10,경기도 남양주시 와부읍 덕소로 179
7652033,남양주동곡초등학교,경기도교육청,남양주시,J10,경기도 남양주시 홍유릉로248번길 56
7652035,남양주미금초등학교,경기도교육청,남양주시,J10,경기도 남양주시 미금로56번길 32-13
7652037,남양주백봉초등학교,경기도교육청,남양주시,J10,경기도 남양주시 의안로 158
7652038,남양주송라초등학교,경기도교육청,남양주시,J10,경기도 남양주시 화도읍 마석로45번길 33
7652040,남양주송촌초등학교,경기도교육청,남양주시,J10,경기도 남양주시 조안면 북한강로499번길 30
7652041,남양주신촌초등학교,경기도교육청,남양주시,J10,경기도 남양주시 평내로 122
7652043,남양주양정초등학교,경기도교육청,남양주시,J10,경기도 남양주시 경춘로 468-33
7652045,남양주양지초등학교,경기도교육청,남양주시,J10,경기도 남양주시 오남읍 진건오남로 808번길
7652047,남양주월문초등학교,경기도교육청,남양주시,J10,경기도 남양주시 와부읍 수레로 519
7652049,내양초등학교,경기도교육청,구리시,J10,경기도 구리시 동구릉로 485
7652051,답내초등학교,경기도교육청,남양주시,J10,경기도 남양주시 화도읍 경춘로2347번길 44-7
7652054,덕소초등학교,경기도교육청,남양주시,J10,경기도 남양주시 와부읍 수레로 17
7652057,도농초등학교,경기도교육청,남양주시,J10,경기도 남양주시 도농로 72
7652059,도림초등학교,경기도교육청,구리시,J10,경기도 구리시 아차산로 431
7652061,도심초등학교,경기도교육청,남양주시,J10,경기도 남양주시 와부읍 석실로 45
7652063,도제원초등학교,경기도교육청,남양주시,J10,경기도 남양주시 퇴계원읍 경춘북로558번길 10-1
7652066,동구초등학교,경기도교육청,구리시,J10,경기도 구리시 건원대로76번길 45
7652068,동인초등학교,경기도교육청,구리시,J10,경기도 구리시 동구릉로103번길 37
7652072,마석초등학교,경기도교육청,남양주시,J10,경기도 남양주시 화도읍 수레로 1234-52
7652077,백문초등학교,경기도교육청,구리시,J10,경기도 구리시 장자대로13번길 12
7652080,별내초등학교,경기도교육청,남양주시,J10,경기도 남양주시 별내면 청학로92번길 38
7652082,부양초등학교,경기도교육청,구리시,J10,경기도 구리시 장자대로 89-2
7652084,사능초등학교,경기도교육청,남양주시,J10,경기도 남양주시 진건읍 사릉로372번길 2
7652087,수동초등학교,경기도교육청,남양주시,J10,경기도 남양주시 수동면 비룡로 832
7652089,수동초등학교송천분교장,경기도교육청,남양주시,J10,경기도 남양주시 수동면 비룡로586번길 98
7652090,수택초등학교,경기도교육청,구리시,J10,경기도 구리시 검배로136번길 41
7652093,심석초등학교,경기도교육청,남양주시,J10,경기도 남양주시 화도읍 마석로76번길 10
7652095,양오초등학교,경기도교육청,남양주시,J10,경기도 남양주시 오남읍 양지로 261-35
7652096,어람초등학교,경기도교육청,남양주시,J10,경기도 남양주시 오남읍 진건오남로550번길 25
7652099,오남초등학교,경기도교육청,남양주시,J10,경기도 남양주시 오남읍 진건오남로 696
7652102,와부초등학교,경기도교육청,남양주시,J10,경기도 남양주시 와부읍 월문천로 63
7652104,용신초등학교,경기도교육청,남양주시,J10,경기도 남양주시 진건읍 사릉로 474
7652107,인창초등학교,경기도교육청,구리시,J10,경기 구리시 동구릉로 37-13
7652110,장내초등학교,경기도교육청,남양주시,J10,경기도 남양주시 평내로 64
7652112,장승초등학교,경기도교육청,남양주시,J10,경기도 남양주시 진접읍 금강로1576번길 12
7652115,장자초등학교,경기도교육청,구리시,J10,경기도 구리시 장자대로 40
7652117,장현초등학교,경기도교육청,남양주시,J10,경기도 남양주시 진접읍 장현천로 37
7652119,조안초등학교,경기도교육청,남양주시,J10,경기도 남양주시 조안면 북한강로229번길 20
7652122,진건초등학교,경기도교육청,남양주시,J10,경기도 남양주시 진건읍 사릉로 408-9
7652125,창현초등학교,경기도교육청,남양주시,J10,경기도 남양주시 화도읍 녹촌로 12
7652127,천마초등학교,경기도교육청,남양주시,J10,경기도 남양주시 화도읍 경춘로 1707
7652130,토평초등학교,경기도교육청,구리시,J10,경기도 구리시 벌말로129번길 17-1
7652133,퇴계원초등학교,경기도교육청,남양주시,J10,경기도 남양주시 퇴계원읍 퇴계원로59번길 16
7652136,판곡초등학교,경기도교육청,남양주시,J10,경기도 남양주시 늘을3로 15
7652139,평내초등학교,경기도교육청,남양주시,J10,경기도 남양주시 경춘로 1292-11
7652141,평동초등학교,경기도교육청,남양주시,J10,경기도 남양주시 호평로68번길 16
7652143,풍양초등학교,경기도교육청,남양주시,J10,경기도 남양주시 진접읍 내각1로 31-1
7652146,호평초등학교,경기도교육청,남양주시,J10,경기도 남양주시 천마산로 63
7652149,화접초등학교,경기도교육청,남양주시,J10,경기도 남양주시 별내중앙로 148
7652161,예봉초등학교,경기도교육청,남양주시,J10,경기도 남양주시 와부읍 수레로 108
7652162,가운초등학교,경기도교육청,남양주시,J10,경기도 남양주시 가운로2길 54
7652166,건원초등학교,경기도교육청,구리시,J10,경기도 구리시 동구릉로 80
7652167,구룡초등학교,경기도교육청,남양주시,J10,경기도 남양주시 늘을3로 120
7652168,진접초등학교,경기도교육청,남양주시,J10,경기도 남양주시 진접읍 해밀예당2로 102
7652169,차산초등학교,경기도교육청,남양주시,J10,경기도 남양주시 화도읍 수레로 1105-23
7652237,부평초등학교,경기도교육청,남양주시,J10,경기도 남양주시 진접읍 부평로48번길 27
7652238,주곡초등학교,경기도교육청,남양주시,J10,경기도 남양주시 진접읍 해밀예당1로 277
7652239,화도초등학교,경기도교육청,남양주시,J10,경기도 남양주시 화도읍 비룡로116번길 24-42
7652240,화봉초등학교,경기도교육청,남양주시,J10,경기도 남양주시 진접읍 해밀예당2로 21
7652249,남양주덕송초등학교,경기도교육청,남양주시,J10,경기도 남양주시 별내3로 356
7652261,한별초등학교,경기도교육청,남양주시,J10,경기도 남양주시 별내4로 40
7652262,남양주샛별초등학교,경기도교육청,남양주시,J10,경기도 남양주시 송산로307번길 50
7652273,별가람초등학교,경기도교육청,남양주시,J10,경기도 남양주시 별내3로 173
7652274,남양주월산초등학교,경기도교육청,남양주시,J10,경기도 남양주시 화도읍 경춘로2290번길 50
7652275,해밀초등학교,경기도교육청,남양주시,J10,경기도 남양주시 진접읍 해밀예당3로 103
7652288,산마루초등학교,경기도교육청,구리시,J10,경기도 구리시 갈매순환로 133
7652294,남양주다산초등학교,경기도교육청,남양주시,J10,경기도 남양주시 다산중앙로146번길 55
7652300,다산가람초등학교,경기도교육청,남양주시,J10,경기도 남양주시 다산중앙로81번길 51
7652304,다산새봄초등학교,경기도교육청,남양주시,J10,경기도 남양주시 다산순환로 417
7652305,다산한강초등학교,경기도교육청,남양주시,J10,경기도 남양주시 다산지금로146번길 11
7652311,은솔초등학교,경기도교육청,남양주시,J10,경기도 남양주시 화도읍 경춘보학2길 9
7652318,하랑초등학교,경기도교육청,남양주시,J10,경기도 남양주시 백봉로 92
7652324,다산하늘초등학교,경기도교육청,남양주시,J10,경기도 남양주시 다산순환로 199
7652326,다산별빛초등학교,경기도교육청,남양주시,J10,경기도 남양주시 다산중앙로82번안길 40
7661016,세종초등학교,경기도교육청,여주시,J10,경기도 여주시 세종로 204-19
7661017,가남초등학교,경기도교육청,여주시,J10,경기도 여주시 가남읍 태평4길 2
7661018,강천초등학교,경기도교육청,여주시,J10,경기도 여주시 강천면 간매3길 31
7661019,금당초등학교,경기도교육청,여주시,J10,경기도 여주시 가남읍 가남로 649
7661020,능북초등학교,경기도교육청,여주시,J10,경기도 여주시 세종대왕면 백석1길 8-16
7661021,능서초등학교,경기도교육청,여주시,J10,경기도 여주시 세종대왕면 마장로 64
7661022,대신초등학교,경기도교육청,여주시,J10,경기도 여주시 대신면 여양로 1440
7661023,매류초등학교,경기도교육청,여주시,J10,경기도 여주시 세종대왕면 양화로 592
7661024,문장초등학교,경기도교육청,여주시,J10,경기도 여주시 흥천면 문바실길 20
7661025,북내초등학교,경기도교육청,여주시,J10,경기도 여주시 북내면 여양2로 304
7661026,상품초등학교,경기도교육청,여주시,J10,경기도 여주시 산북면 금품1로 15
7661027,송삼초등학교,경기도교육청,여주시,J10,경기도 여주시 송삼로 165
7661028,송촌초등학교,경기도교육청,여주시,J10,경기도 여주시 대신면 여양1로 237
7661029,여주초등학교,경기도교육청,여주시,J10,경기도 여주시 청심로 139
7661030,여흥초등학교,경기도교육청,여주시,J10,경기도 여주시 여양로 91
7661031,연라초등학교,경기도교육청,여주시,J10,경기도 여주시 여주남로 116
7661032,오산초등학교,경기도교육청,여주시,J10,경기도 여주시 가남읍 양화로 168
7661033,오학초등학교,경기도교육청,여주시,J10,경기도 여주시 도예로 117
7661034,이포초등학교,경기도교육청,여주시,J10,경기도 여주시 금사면 이여로 1237
7661035,점동초등학교,경기도교육청,여주시,J10,경기도 여주시 점동면 청안로 106
7661036,점봉초등학교,경기도교육청,여주시,J10,경기도 여주시 세종로 488-4
7661037,천남초등학교,경기도교육청,여주시,J10,경기도 여주시 대신면 참샘2길 1
7661038,흥천초등학교,경기도교육청,여주시,J10,경기도 여주시 흥천면 효자로 155
7661039,북내초등학교도전분교장,경기도교육청,여주시,J10,경기도 여주시 강천면 원양1로 716
7679009,갈담초등학교,경기도교육청,화성시,J10,경기도 화성시 봉담읍 갈담초교길 24
7679010,갈천초등학교,경기도교육청,화성시,J10,경기도 화성시 향남읍 발안로 701-23
7679011,고정초등학교,경기도교육청,화성시,J10,경기도 화성시 만세구 송산면 공룡로 326
7679012,구봉초등학교,경기도교육청,화성시,J10,경기도 화성시 병점1로 105
7679013,화성금곡초등학교,경기도교육청,화성시,J10,경기도 화성시 동탄문화센터로 13
7679014,기산초등학교,경기도교육청,화성시,J10,경기도 화성시 동탄지성로 344
7679015,기안초등학교,경기도교육청,화성시,J10,경기도 화성시 효행구 기안길 18
7679016,남양초등학교,경기도교육청,화성시,J10,경기도 화성시 남양읍 남양시장로55번길 7
7679017,노진초등학교,경기도교육청,화성시,J10,경기도 화성시 장안면 화곡로 166
7679018,능동초등학교,경기도교육청,화성시,J10,경기도 화성시 동탄원천로 315-27
7679019,도이초등학교,경기도교육청,화성시,J10,경기도 화성시 향남읍 행정동로 87
7679020,동양초등학교,경기도교육청,화성시,J10,경기도 화성시 만세구 남양읍 시청로45번길 11
7679021,동탄초등학교,경기도교육청,화성시,J10,경기도 화성시 동탄감배산로 26
7679022,동학초등학교,경기도교육청,화성시,J10,경기도 화성시 병점구 영통로27번길 46
7679023,동화초등학교,경기도교육청,화성시,J10,경기도 화성시 효행구 봉담읍 동화새터길 130
7679024,마도초등학교,경기도교육청,화성시,J10,경기도 화성시 마도면 석교로 157
7679025,마산초등학교,경기도교육청,화성시,J10,경기도 화성시 송산면 송산포도로 582
7679026,반석초등학교,경기도교육청,화성시,J10,경기도 화성시 동탄반석로 22
7679027,반송초등학교,경기도교육청,화성시,J10,경기도 화성시 동탄솔빛로 14
7679028,발안초등학교,경기도교육청,화성시,J10,경기도 화성시 향남읍 발안로 8
7679029,배양초등학교,경기도교육청,화성시,J10,경기도 화성시 융건로 90
7679030,병점초등학교,경기도교육청,화성시,J10,경기도 화성시 경기대로 1052
7679031,봉담초등학교,경기도교육청,화성시,J10,경기도 화성시 봉담읍 진등3길 15
7679032,비봉초등학교,경기도교육청,화성시,J10,경기도 화성시 효행구 비봉면 양노로 71
7679033,사창초등학교,경기도교육청,화성시,J10,경기도 화성시 양감면 정문회화로 7
7679034,상봉초등학교,경기도교육청,화성시,J10,경기도 화성시 효행구 봉담읍 상봉길 52
7679035,상신초등학교,경기도교육청,화성시,J10,경기도 화성시 향남읍 손개길 7
7679036,서신초등학교,경기도교육청,화성시,J10,경기도 화성시 서신면 매화3길 17
7679037,석우초등학교,경기도교육청,화성시,J10,경기도 화성시 동탄시범한빛길 32
7679038,석천초등학교,경기도교육청,화성시,J10,경기도 화성시 우정읍 석천길 52
7679039,솔빛초등학교,경기도교육청,화성시,J10,경기도 화성시 동탄반석로 84
7679040,송라초등학교,경기도교육청,화성시,J10,경기도 화성시 매송면 푸른들판로 1970-16
7679041,송산초등학교,경기도교육청,화성시,J10,경기도 화성시 송산면 사강시장길 15-9
7679042,송화초등학교,경기도교육청,화성시,J10,경기도 화성시 병점중앙로35번길 42
7679043,수기초등학교,경기도교육청,화성시,J10,경기도 화성시 봉담읍 수기웃말길 27
7679044,수영초등학교,경기도교육청,화성시,J10,경기도 화성시 봉담읍 수영로 63
7679045,안녕초등학교,경기도교육청,화성시,J10,경기도 화성시 화산로 2
7679046,안화초등학교,경기도교육청,화성시,J10,경기도 화성시 병점3로 132-5
7679047,양감초등학교,경기도교육청,화성시,J10,경기도 화성시 양감면 초록로 49
7679048,예당초등학교,경기도교육청,화성시,J10,경기도 화성시 동탄반석로 245
7679049,와우초등학교,경기도교육청,화성시,J10,경기도 화성시 봉담읍 식골길 14
7679050,우정초등학교,경기도교육청,화성시,J10,경기도 화성시 우정읍 버들로 136
7679051,율목초등학교,경기도교육청,화성시,J10,경기도 화성시 영통로50번길 19
7679052,장명초등학교,경기도교육청,화성시,J10,경기도 화성시 장안면 장명길 19-8
7679053,정남초등학교,경기도교육청,화성시,J10,경기도 화성시 정남면 만년로 516
7679054,정림초등학교,경기도교육청,화성시,J10,경기도 화성시 효행구 정남면 망월길 69
7679055,제암초등학교,경기도교육청,화성시,J10,경기도 화성시 향남읍 발안서로 21
7679056,진안초등학교,경기도교육청,화성시,J10,경기도 화성시 병점4로 97
7679057,청룡초등학교,경기도교육청,화성시,J10,경기도 화성시 비봉면 주석로 610
7679058,청원초등학교,경기도교육청,화성시,J10,경기도 화성시 마도면 해운로 794
7679059,태안초등학교,경기도교육청,화성시,J10,경기도 화성시 병점3로 77
7679060,팔탄초등학교,경기도교육청,화성시,J10,경기도 화성시 팔탄면 마당바위로31번길 6
7679061,푸른초등학교,경기도교육청,화성시,J10,경기도 화성시 동탄공원로 21-38
7679062,학동초등학교,경기도교육청,화성시,J10,경기도 화성시 동탄지성로 79-17
7679063,한마음초등학교,경기도교육청,화성시,J10,경기도 화성시 동탄숲속로 69-6
7679064,한울초등학교,경기도교육청,화성시,J10,경기도 화성시 만세구 향남읍 행정중앙1로 25
7679065,해운초등학교,경기도교육청,화성시,J10,경기도 화성시 서신면 궁평항로 1374-6
7679066,행정초등학교,경기도교육청,화성시,J10,경기도 화성시 만세구 향남읍 행정중앙1로 77
7679067,향남초등학교,경기도교육청,화성시,J10,경기도 화성시 향남읍 왜골길 7
7679068,화남초등학교,경기도교육청,화성시,J10,경기도 화성시 동탄순환대로 4길 16
7679069,화산초등학교,경기도교육청,화성시,J10,경기도 화성시 화산중앙로64번길 17
7679070,화성매송초등학교,경기도교육청,화성시,J10,경기도 화성시 매송면 화성로 2403
7679071,화성벌말초등학교,경기도교육청,화성시,J10,경기도 화성시 떡전골로 34
7679072,화성월문초등학교,경기도교육청,화성시,J10,경기 화성시 팔탄면 버들로 1537
7679073,화성장안초등학교,경기도교육청,화성시,J10,경기도 화성시 만세구 장안면 조암동로 8-5
7679074,화성화수초등학교,경기도교육청,화성시,J10,경기도 화성시 우정읍 화수동길 145
7679075,활초초등학교,경기도교육청,화성시,J10,경기도 화성시 남양읍 안석길111번길 106
7679076,가수초등학교,경기도교육청,오산시,J10,경기도 오산시 가수로 50
7679077,광성초등학교,경기도교육청,오산시,J10,경기도 오산시 수목원로 577-18
7679078,대호초등학교,경기도교육청,오산시,J10,경기도 오산시 궐리사로46번길 3
7679079,매홀초등학교,경기도교육청,오산시,J10,경기도 오산시 청학로147번길 10
7679080,성산초등학교,경기도교육청,오산시,J10,경기도 오산시 성호대로 43
7679081,성호초등학교,경기도교육청,오산시,J10,경기도 오산시 성호새싹길 8
7679082,수청초등학교,경기도교육청,오산시,J10,경기도 오산시 오산대역로 123
7679083,오산고현초등학교,경기도교육청,오산시,J10,경기도 오산시 남부대로 459
7679084,오산대원초등학교,경기도교육청,오산시,J10,경기도 오산시 경기대로25번길 45
7679085,오산원당초등학교,경기도교육청,오산시,J10,경기도 오산시 원당로 7
7679086,오산원일초등학교,경기도교육청,오산시,J10,경기도 오산시 오산로132번길 27
7679087,오산초등학교,경기도교육청,오산시,J10,경기도 오산시 고을1길 27
7679088,운산초등학교,경기도교육청,오산시,J10,경기도 오산시 운암로 72
7679089,운암초등학교,경기도교육청,오산시,J10,경기도 오산시 원동로 63
7679090,운천초등학교,경기도교육청,오산시,J10,경기도 오산시 운암로 116
7679091,원동초등학교,경기도교육청,오산시,J10,경기도 오산시 오산로 92
7679092,화성초등학교,경기도교육청,오산시,J10,경기도 오산시 내삼미로 18
7679096,팔탄초등학교대방분교장,경기도교육청,화성시,J10,경기도 화성시 팔탄면 노하길 398
7679097,화성장안초등학교석포분교장,경기도교육청,화성시,J10,경기도 화성시 장안면 버들로 1201-9
7679099,금암초등학교,경기도교육청,오산시,J10,경기도 오산시 수청로 204-20
7679280,문시초등학교,경기도교육청,오산시,J10,경기도 오산시 여계산로 52-6
7679281,양산초등학교,경기도교육청,오산시,J10,경기도 오산시 양산로 448
7679282,필봉초등학교,경기도교육청,오산시,J10,경기도 오산시 수청로 124
7679283,숲속초등학교,경기도교육청,화성시,J10,경기도 화성시 동탄공원로2길 10
7679304,예원초등학교,경기도교육청,화성시,J10,경기도 화성시 동탄반석로 259
7679321,세미초등학교,경기도교육청,오산시,J10,경기도 오산시 내삼미로 127
7679332,화성반월초등학교,경기도교육청,화성시,J10,경기도 화성시 효행로 1281-23
7679333,화원초등학교,경기도교육청,화성시,J10,경기도 화성시 향남읍 하길로 59
7679334,영천초등학교,경기도교육청,화성시,J10,경기도 화성시 동탄영천로 36
7679335,한백초등학교,경기도교육청,화성시,J10,경기도 화성시 동탄순환대로26길 37
7679336,무봉초등학교,경기도교육청,화성시,J10,경기도 화성시 동탄청계로 303-34
7679337,아인초등학교,경기도교육청,화성시,J10,경기도 화성시 동탄대로시범길 219
7679338,화성청계초등학교,경기도교육청,화성시,J10,경기도 화성시 동탄대로시범길 39
7679339,동탄중앙초등학교,경기도교육청,화성시,J10,경기도 화성시 동탄대로시범길 117
7679341,예솔초등학교,경기도교육청,화성시,J10,경기도 화성시 동탄순환대로22길 13
7679366,방교초등학교,경기도교육청,화성시,J10,경기도 화성시 동탄산척로1길 11
7679367,왕배초등학교,경기도교육청,화성시,J10,경기도 화성시 동탄대로12길 101
7679368,하길초등학교,경기도교육청,화성시,J10,경기도 화성시 향남읍 상신하길로 273번길 45
7679369,청목초등학교,경기도교육청,화성시,J10,경기도 화성시 동탄순환대로21길 10
7679378,효행초등학교,경기도교육청,화성시,J10,경기도 화성시 봉담읍 와우로 16
7679380,대양초등학교,경기도교육청,화성시,J10,경기도 화성시 남양읍 시청로32번길 80
7679386,치동초등학교,경기도교육청,화성시,J10,경기도 화성시 동탄순환대로 881-34
7679387,정현초등학교,경기도교육청,화성시,J10,경기도 화성시 동탄산척로 122
7679395,서연초등학교,경기도교육청,화성시,J10,경기도 화성시 동탄대로4가길 25
7679396,송린초등학교,경기도교육청,화성시,J10,경기도 화성시 만세구 수노을1로 253
7679397,한율초등학교,경기도교육청,화성시,J10,경기도 화성시 동탄순환대로 429-10
7679398,다온초등학교,경기도교육청,오산시,J10,경기도 오산시 부산중앙로 37
7679405,다원초등학교,경기도교육청,화성시,J10,경기도 화성시 동탄구 동탄대로24길 112
7679419,동탄목동초등학교,경기도교육청,화성시,J10,경기도 화성시 동탄순환대로20길 10
7679420,청림초등학교,경기도교육청,화성시,J10,경기도 화성시 동탄산척로 93-22
7679421,세정초등학교,경기도교육청,화성시,J10,경기도 화성시 동탄순환대로12길 74
7679430,삼미초등학교,경기도교육청,오산시,J10,경기도 오산시 북삼미로 183-9
7679434,세마초등학교,경기도교육청,오산시,J10,경기도 오산시 세마문학로 45
7679440,새솔초등학교,경기도교육청,화성시,J10,경기도 화성시 수노을1로 123
7679441,서경초등학교,경기도교육청,화성시,J10,경기도 화성시 병점구 동탄지성로 265
7679453,수현초등학교,경기도교육청,화성시,J10,경기도 화성시 효행구 봉담읍 상리3길 110
7679464,늘봄초등학교,경기도교육청,화성시,J10,경기도 화성시 동탄대로24길 51
7679465,여울초등학교,경기도교육청,화성시,J10,경기도 화성시 동탄감배산로 95
7679466,호연초등학교,경기도교육청,화성시,J10,경기도 화성시 동탄대로3길 17-7
7679467,이솔초등학교,경기도교육청,화성시,J10,경기도 화성시 동탄순환대로8길 26
7679468,새봄초등학교,경기도교육청,화성시,J10,경기도 화성시 병점노을로 19
7679492,신남초등학교,경기도교육청,화성시,J10,경기도 화성시 만세구 남양읍 화성시청역로 2
7679498,화성신동초등학교,경기도교육청,화성시,J10,경기도 화성시 동탄신동1길 11
7679508,세담초등학교,경기도교육청,오산시,J10,경기도 오산시 죽담2로 8
7679512,내리숲초등학교,경기도교육청,화성시,J10,경기도 화성시 봉담읍 삼봉안1길 21-7
7679516,청연초등학교,경기도교육청,화성시,J10,경기도 화성시 새비봉서로 68
7679527,마루초등학교,경기도교육청,오산시,J10,경기도 오산시 초평중앙로 52
7679529,현민초등학교,경기도교육청,화성시,J10,경기도 화성시 동탄구 동탄신리천로3길 11
7679531,화성바른초등학교,경기도교육청,화성시,J10,경기도 화성시 동탄신동5길 7
7679533,새동초등학교,경기도교육청,화성시,J10,경기도 화성시 남양읍 남양중앙로 346
7679534,서봉초등학교,경기도교육청,화성시,J10,경기도 화성시 향남읍 상신하길로195번길
7679540,다올초등학교,경기도교육청,화성시,J10,경기도 화성시 동탄신동1길 11
7681018,석곶초등학교,경기도교육청,파주시,J10,경기도 파주시 책향기로 451
7681019,새금초등학교,경기도교육청,파주시,J10,경기도 파주시 후곡로 104
7681020,임진초등학교,경기도교육청,파주시,J10,경기도 파주시 문산읍 문향로17번길 36
7681021,금화초등학교,경기도교육청,파주시,J10,경기도 파주시 새꽃로 55
7681022,금릉초등학교,경기도교육청,파주시,J10,경기도 파주시 후곡로 56
7681023,금향초등학교,경기도교육청,파주시,J10,경기도 파주시 쇠재로 123
7681024,갈현초등학교,경기도교육청,파주시,J10,경기도 파주시 탄현면 평화로591번길 76
7681025,검산초등학교,경기도교육청,파주시,J10,경기도 파주시 검산로 10
7681026,교하초등학교,경기도교육청,파주시,J10,경기도 파주시 동편길 13
7681027,군내초등학교,경기도교육청,파주시,J10,경기도 파주시 군내면 통일촌길 226
7681028,금신초등학교,경기도교육청,파주시,J10,경기도 파주시 마음밭길 70
7681029,금촌초등학교,경기도교육청,파주시,J10,경기도 파주시 동산3길 38-11
7681030,능안초등학교,경기도교육청,파주시,J10,경기도 파주시 조리읍 능안로 145
7681031,대성동초등학교,경기도교육청,파주시,J10,경기도 파주시 군내면 대성동길 150
7681032,덕암초등학교,경기도교육청,파주시,J10,경기도 파주시 조리읍 등원로 199
7681033,도마산초등학교,경기도교육청,파주시,J10,경기도 파주시 광탄면 부흥로 257
7681034,동패초등학교,경기도교육청,파주시,J10,경기도 파주시 한울로 21
7681035,마정초등학교,경기도교육청,파주시,J10,경기도 파주시 문산읍 마정로124번길 13
7681036,마지초등학교,경기도교육청,파주시,J10,경기도 파주시 적성면 칠중1길 39
7681037,문산초등학교,경기도교육청,파주시,J10,경기도 파주시 문산읍 문향로67번길 58
7681038,문산동초등학교,경기도교육청,파주시,J10,경기도 파주시 문산읍 선유울3길 85
7681040,봉일천초등학교,경기도교육청,파주시,J10,경기도 파주시 조리읍 통일로 333
7681041,삼성초등학교,경기도교육청,파주시,J10,경기도 파주시 탄현면 방촌로 1009-20
7681042,신산초등학교,경기도교육청,파주시,J10,경기 파주시 광탄면 심궁로 13
7681043,심학초등학교,경기도교육청,파주시,J10,경기도 파주시 교하로681번길 33
7681044,연풍초등학교,경기도교육청,파주시,J10,경기도 파주시 파주읍 연풍초교길 25
7681045,영도초등학교,경기도교육청,파주시,J10,경기도 파주시 월롱면 도감로172번길 89
7681046,용미초등학교,경기도교육청,파주시,J10,경기도 파주시 광탄면 장지산로 78
7681047,용연초등학교,경기도교육청,파주시,J10,경기도 파주시 파평면 청송로402번길 31
7681048,웅담초등학교,경기도교육청,파주시,J10,경기도 파주시 법원읍 수작골길 14
7681049,월롱초등학교,경기도교육청,파주시,J10,경기도 파주시 월롱면 월롱초교길 40
7681050,장파초등학교,경기도교육청,파주시,J10,경기도 파주시 파평면 장마루5길 11
7681051,적서초등학교,경기도교육청,파주시,J10,경기도 파주시 적성면 적서초교길 3
7681052,적암초등학교,경기도교육청,파주시,J10,경기도 파주시 적성면 율곡로 3042
7681053,지산초등학교,경기도교육청,파주시,J10,경기도 파주시 경의로 1274
7681054,천현초등학교,경기도교육청,파주시,J10,경기도 파주시 법원읍 사임당로 875
7681055,청암초등학교,경기도교육청,파주시,J10,경기도 파주시 청암로 16
7681056,청석초등학교,경기도교육청,파주시,J10,경기도 파주시 청석로 330
7681057,탄현초등학교,경기도교육청,파주시,J10,경기도 파주시 탄현면 방촌로653번길 4
7681058,통일초등학교,경기도교육청,파주시,J10,경기도 파주시 탄현면 사슴벌레로 14
7681059,파양초등학교,경기도교육청,파주시,J10,경기도 파주시 문산읍 배머리길 90-70
7681060,파주대원초등학교,경기도교육청,파주시,J10,경기도 파주시 조리읍 대원로 30
7681061,파주송화초등학교,경기도교육청,파주시,J10,경기도 파주시 송화로 39
7681062,파주와동초등학교,경기도교육청,파주시,J10,경기도 파주시 금바위로 17
7681063,파주초등학교,경기도교육청,파주시,J10,경기도 파주시 파주읍 우계로53번길 15
7681064,파평초등학교,경기도교육청,파주시,J10,경기도 파주시 파평면 파평산로478번길 37
7681106,문발초등학교,경기도교육청,파주시,J10,경기도 파주시 노을빛로 21
7681107,두일초등학교,경기도교육청,파주시,J10,경기도 파주시 책향기숲길 47
7681108,와석초등학교,경기도교육청,파주시,J10,경기도 파주시 한빛로 7
7681147,운광초등학교,경기도교육청,파주시,J10,경기도 파주시 한울로 90
7681148,해솔초등학교,경기도교육청,파주시,J10,경기도 파주시 해솔로 40
7681149,한빛초등학교,경기도교육청,파주시,J10,경기도 파주시 미래로408번길 77
7681150,한가람초등학교,경기도교육청,파주시,J10,경기도 파주시 금바위로 87
7681161,가온초등학교,경기도교육청,파주시,J10,경기도 파주시 가온로 134
7681162,자유초등학교,경기도교육청,파주시,J10,경기도 파주시 문산읍 방촌로 1722
7681178,운정초등학교,경기도교육청,파주시,J10,경기도 파주시 와석순환로 35-34
7681194,산내초등학교,경기도교육청,파주시,J10,경기도 파주시 교하로 140
7681201,산들초등학교,경기도교육청,파주시,J10,경기도 파주시 교하로 60
7681205,초롱초등학교,경기도교육청,파주시,J10,경기도 파주시 양지로 101
7681213,다율초등학교,경기도교육청,파주시,J10,경기도 파주시 다율로 30
7681228,별하람초등학교,경기도교육청,파주시,J10,경기도 파주시 가람로 117
7681229,운정해오름초등학교,경기도교육청,파주시,J10,경기도 파주시 범벅들길 155
7681234,청미르초등학교,경기도교육청,파주시,J10,경기도 파주시 운정중앙로 230
7681238,물향기초등학교,경기도교육청,파주시,J10,경기도 파주시 물향기1로 15
7681239,숲노을초등학교,경기도교육청,파주시,J10,경기도 파주시 초롱꽃로 61
7681240,운정중앙초등학교,경기도교육청,파주시,J10,경기도 파주시 물향기1로 141
7692003,경안초등학교,경기도교육청,광주시,J10,경기도 광주시 경안로 163
7692004,고골초등학교,경기도교육청,하남시,J10,경기도 하남시 대성로 90
7692005,곤지암초등학교,경기도교육청,광주시,J10,경기도 광주시 곤지암읍 곤지암로 70-13
7692006,광남초등학교,경기도교육청,광주시,J10,경기도 광주시 고불로46번길 15
7692007,광주광명초등학교,경기도교육청,광주시,J10,경기도 광주시 문형산길 7
7692008,광주도평초등학교,경기도교육청,광주시,J10,경기도 광주시 초월읍 현산로 89-16
7692009,광주매곡초등학교,경기도교육청,광주시,J10,경기도 광주시 양벌로 303-5
7692010,광주초등학교,경기도교육청,광주시,J10,경기도 광주시 중앙로123번길 22
7692011,광지원초등학교,경기도교육청,광주시,J10,경기도 광주시 남한산성면 회안대로 1386
7692012,남한산초등학교,경기도교육청,광주시,J10,경기도 광주시 남한산성면 남한산성로 770
7692013,덕풍초등학교,경기도교육청,하남시,J10,경기도 하남시 덕풍공원로 20
7692014,도곡초등학교,경기도교육청,광주시,J10,경기도 광주시 초월읍 경충대로 1033-13
7692015,도궁초등학교,경기도교육청,광주시,J10,경기도 광주시 도척면 도척윗로 270
7692016,도수초등학교,경기도교육청,광주시,J10,경기도 광주시 퇴촌면 도수길 11
7692017,도척초등학교,경기도교육청,광주시,J10,경기도 광주시 도척면 노곡로 33
7692018,동부초등학교,경기도교육청,하남시,J10,경기도 하남시 역말로 55
7692019,만선초등학교,경기도교육청,광주시,J10,경기도 광주시 곤지암읍 상탑길 9
7692020,망월초등학교,경기도교육청,하남시,J10,경기도 하남시 미사강변북로24번길 10
7692021,번천초등학교,경기도교육청,광주시,J10,경기도 광주시 남한산성면 해공로 82
7692022,분원초등학교,경기도교육청,광주시,J10,경기도 광주시 남종면 산수로 1642-1
7692023,산곡초등학교,경기도교육청,하남시,J10,경기도 하남시 하남대로302번길 45
7692024,삼리초등학교,경기도교육청,광주시,J10,경기도 광주시 곤지암읍 평촌길 30-28
7692025,서부초등학교,경기도교육청,하남시,J10,경기도 하남시 서하남로 161
7692026,선동초등학교,경기도교육청,광주시,J10,경기도 광주시 초월읍 동막골길 5
7692027,신장초등학교,경기도교육청,하남시,J10,경기도 하남시 신평로 100
7692028,신평초등학교,경기도교육청,하남시,J10,경기도 하남시 신장동로 67
7692029,쌍령초등학교,경기도교육청,광주시,J10,경기도 광주시 경충대로1422번길 71
7692030,양벌초등학교,경기도교육청,광주시,J10,경기도 광주시 양벌동 290-20
7692031,오포초등학교,경기도교육청,광주시,J10,경기도 광주시 오포읍 추자길 28-7
7692032,창우초등학교,경기도교육청,하남시,J10,경기도 하남시 대청로 99
7692033,초월초등학교,경기도교육청,광주시,J10,경기도 광주시 초월읍 산수로 523
7692034,탄벌초등학교,경기도교육청,광주시,J10,경기도 광주시 이배재로 20-12
7692035,태전초등학교,경기도교육청,광주시,J10,경기도 광주시 태봉로 56
7692036,하남천현초등학교,경기도교육청,하남시,J10,경기도 하남시 천현로 45
7692037,하남초등학교,경기도교육청,하남시,J10,경기도 하남시 천현로 109
7692085,하남풍산초등학교,경기도교육청,하남시,J10,경기도 하남시 덕풍북로 100
7692113,나룰초등학교,경기도교육청,하남시,J10,경기도 하남시 덕풍북로 260
7692115,벌원초등학교,경기도교육청,광주시,J10,경기도 광주시 회안대로 621-36
7692122,미사강변초등학교,경기도교육청,하남시,J10,경기도 하남시 미사강변북로 55번길
7692123,미사초등학교,경기도교육청,하남시,J10,경기도 하남시 미사강변한강로 200
7692127,미사중앙초등학교,경기도교육청,하남시,J10,경기도 하남시 미사강변한강로334번길 46
7692128,위례초등학교,경기도교육청,하남시,J10,경기도 하남시 위례순환로 333
7692153,역동초등학교,경기도교육청,광주시,J10,경기도 광주시 순암로36번길 45
7692154,윤슬초등학교,경기도교육청,하남시,J10,경기도 하남시 미사강변서로 151
7692155,청아초등학교,경기도교육청,하남시,J10,경기도 하남시 미사강변중앙로132번길 45
7692156,한홀초등학교,경기도교육청,하남시,J10,경기도 하남시 미사강변서로 68
7692165,태성초등학교,경기도교육청,광주시,J10,경기도 광주시 태성로 37
7692181,감일초등학교,경기도교육청,하남시,J10,경기도 하남시 감일백제로 45
7692182,한아람초등학교,경기도교육청,광주시,J10,경기도 광주시 태봉로 152(태전동 51-1)
7692188,광주푸른초등학교,경기도교육청,광주시,J10,경기도 광주시 경충대로1461번길 31
7692192,신현초등학교,경기도교육청,광주시,J10,경기도 광주시 오포읍 신현로12번길
7692194,광주송정초등학교,경기도교육청,광주시,J10,경기도 광주시 송정4길 21
7692196,단샘초등학교,경기도교육청,하남시,J10,경기도 하남시 감일순환로 195
7692198,위례숲초등학교,경기도교육청,하남시,J10,경기도 하남시 위례대로6길 65(학암동)
7692200,신우초등학교,경기도교육청,하남시,J10,경기도 하남시 감일순환로 145
7692219,고산하늘초등학교,경기도교육청,광주시,J10,경기도 광주시 태성3로 26
7692222,능평초등학교,경기도교육청,광주시,J10,경기도 광주시 창뜰아랫길 14-3
7692226,쌍동초등학교,경기도교육청,광주시,J10,경기도 광주시 초월읍 경충대로1127번길 56
7692230,고산별빛초등학교,경기도교육청,광주시,J10,경기도 광주시 고산별빛로 6
7701010,군남초등학교,경기도교육청,연천군,J10,경기도 연천군 군남면 진상17길 46
7701011,궁평초등학교,경기도교육청,연천군,J10,경기도 연천군 청산면 궁평로45번길 52
7701012,대광초등학교,경기도교육청,연천군,J10,경기도 연천군 신서면 연신로 1127-1
7701013,백의초등학교,경기도교육청,연천군,J10,경기도 연천군 청산면 청창로 726
7701014,백학초등학교,경기도교육청,연천군,J10,경기도 연천군 백학면 백학로40번길 23
7701015,상리초등학교,경기도교육청,연천군,J10,경기도 연천군 연천읍 상리로 70
7701016,연천노곡초등학교,경기도교육청,연천군,J10,경기도 연천군 백학면 진목로 26
7701017,연천왕산초등학교,경기도교육청,연천군,J10,경기도 연천군 미산면 왕산로 15
7701018,연천초등학교,경기도교육청,연천군,J10,경기도 연천군 연천읍 연천로 228
7701019,은대초등학교,경기도교육청,연천군,J10,경기도 연천군 전곡읍 은대로 210
7701020,전곡초등학교,경기도교육청,연천군,J10,경기도 연천군 전곡읍 선사로 433
7701021,초성초등학교,경기도교육청,연천군,J10,경기도 연천군 청산면 학담로 104
7701022,화진초등학교,경기도교육청,연천군,J10,경기도 연천군 군남면 청정로 2289
7701025,전곡초등학교적동분교장(폐교),경기도교육청,연천군,J10,경기도 연천군 전곡읍 첫마을길 17
7711017,신봉초등학교,경기도교육청,포천시,J10,경기도 포천시 소흘읍 송우로 98
7711018,가산초등학교,경기도교육청,포천시,J10,경기도 포천시 가산면 가산로309번길 25
7711019,관인초등학교,경기도교육청,포천시,J10,경기도 포천시 관인면 관인로 5
7711021,내촌초등학교,경기도교육청,포천시,J10,경기도 포천시 내촌면 내촌로 88
7711022,도평초등학교,경기도교육청,포천시,J10,경기도 포천시 이동면 도리돌길 21
7711024,선단초등학교,경기도교육청,포천시,J10,경기도 포천시 삼육사로2111번길 29
7711025,송우초등학교,경기도교육청,포천시,J10,경기도 포천시 소흘읍 송우로 42
7711026,신북초등학교,경기도교육청,포천시,J10,경기도 포천시 신북면 청신로 2079-19
7711027,영북초등학교,경기도교육청,포천시,J10,경기도 포천시 영북면 영북로148번길 46
7711030,왕방초등학교,경기도교육청,포천시,J10,경기도 포천시 신북면 학동로 52
7711031,외북초등학교,경기도교육청,포천시,J10,경기도 포천시 신북면 포천로 2199
7711032,운담초등학교,경기도교육청,포천시,J10,경기도 포천시 일동면 화동로 1239
7711033,유암초등학교,경기도교육청,포천시,J10,경기도 포천시 가산면 유교로88번길 8
7711034,이곡초등학교,경기도교육청,포천시,J10,경기도 포천시 소흘읍 이곡길 5
7711035,이동초등학교,경기도교육청,포천시,J10,경기도 포천시 이동면 화동로 2034
7711036,일동초등학교,경기도교육청,포천시,J10,경기도 포천시 일동면 화동로 1019
7711037,정교초등학교,경기도교육청,포천시,J10,경기도 포천시 가산면 정금로 77
7711039,지현초등학교,경기도교육청,포천시,J10,경기도 포천시 화현면 봉화로 926-9
7711040,창수초등학교,경기도교육청,포천시,J10,경기도 포천시 창수면 옥수로58번길 4
7711041,청성초등학교,경기도교육청,포천시,J10,경기도 포천시 군내면 솔밭길 12-1
7711042,추산초등학교,경기도교육청,포천시,J10,경기도 포천시 소흘읍 솔모루로3번길 52-20
7711043,축석초등학교,경기도교육청,포천시,J10,경기도 포천시 소흘읍 무란1길 25
7711044,포천노곡초등학교,경기도교육청,포천시,J10,경기도 포천시 이동면 성장로869번길 4
7711046,포천초등학교,경기도교육청,포천시,J10,경기도 포천시 신읍길 40
7711047,화현초등학교,경기도교육청,포천시,J10,경기도 포천시 화현면 달인동로1길 29
7711079,태봉초등학교,경기도교육청,포천시,J10,경기도 포천시 소흘읍 송선로 8
7711103,포담초등학교,경기도교육청,포천시,J10,경기도 포천시 영중면 양문로 163
7721009,가평마장초등학교,경기도교육청,가평군,J10,경기도 가평군 가평읍 각담말길 15
7721010,가평초등학교,경기도교육청,가평군,J10,경기도 가평군 가평읍 향교로 23
7721011,대성초등학교,경기도교육청,가평군,J10,경기도 가평군 청평면 경춘로 75
7721012,목동초등학교,경기도교육청,가평군,J10,경기도 가평군 북면 석장모루길 13
7721013,미원초등학교,경기도교육청,가평군,J10,경기도 가평군 설악면 신천중앙로120번길 11
7721014,방일초등학교,경기도교육청,가평군,J10,경기도 가평군 설악면 양방가루재길 76
7721015,상면초등학교,경기도교육청,가평군,J10,경기도 가평군 상면 청군로 700-22
7721016,상색초등학교,경기도교육청,가평군,J10,경기도 가평군 가평읍 태봉두밀로 34-31
7721017,상천초등학교,경기도교육청,가평군,J10,경기도 가평군 청평면 상천역로19번길 38
7721018,연하초등학교,경기도교육청,가평군,J10,경기도 가평군 상면 비룡로 2199-19
7721019,율길초등학교,경기도교육청,가평군,J10,경기도 가평군 상면 청군로 2090
7721020,조종초등학교,경기도교육청,가평군,J10,경기도 가평군 조종면 조종새싹로 13-9
7721021,청평초등학교,경기도교육청,가평군,J10,경기도 가평군 청평면 잠곡로 27
7721023,미원초등학교위곡분교장,경기도교육청,가평군,J10,경기도 가평군 설악면 한서로 233
7721024,미원초등학교장락분교장,경기도교육청,가평군,J10,경기도 가평군 설악면 미사리로 588
7731016,강상초등학교,경기도교육청,양평군,J10,경기도 양평군 강상면 신화길 86
7731017,강하초등학교,경기도교육청,양평군,J10,경기도 양평군 강하면 운심길 33
7731018,개군초등학교,경기도교육청,양평군,J10,경기도 양평군 개군면 자진개1길 23
7731019,곡수초등학교,경기도교육청,양평군,J10,경기도 양평군 지평면 곡수길 56
7731020,다문초등학교,경기도교육청,양평군,J10,경기도 양평군 용문면 다문중앙2길 27
7731021,대아초등학교,경기도교육청,양평군,J10,경기도 양평군 양서면 방죽들길 5
7731022,서종초등학교,경기도교육청,양평군,J10,경기도 양평군 서종면 북한강로789번길 8
7731023,세월초등학교,경기도교육청,양평군,J10,경기도 양평군 강상면 세월길147번길 2
7731024,수입초등학교,경기도교육청,양평군,J10,경기도 양평군 서종면 무드리2길 20
7731025,양동초등학교,경기도교육청,양평군,J10,경기도 양평군 양동면 양동로 1671
7731027,양서초등학교,경기도교육청,양평군,J10,경기도 양평군 양서면 양서도곡길 8
7731028,양수초등학교,경기도교육청,양평군,J10,경기도 양평군 양서면 용담3길 15
7731029,양평초등학교,경기도교육청,양평군,J10,경기도 양평군 양평읍 양근로 142
7731030,양평단월초등학교,경기도교육청,양평군,J10,경기도 양평군 단월면 보룡길 65
7731031,양평동초등학교,경기도교육청,양평군,J10,경기도 양평군 양평읍 창대길 20-8
7731032,옥천초등학교,경기도교육청,양평군,J10,경기도 양평군 옥천면 옥천길 51
7731033,용문초등학교,경기도교육청,양평군,J10,경기도 양평군 용문면 용문로 837
7731034,원덕초등학교,경기도교육청,양평군,J10,경기도 양평군 양평읍 원덕흑천길 180
7731035,조현초등학교,경기도교육청,양평군,J10,경기도 양평군 용문면 중원산로 157
7731036,청운초등학교,경기도교육청,양평군,J10,경기도 양평군 청운면 용두로156번길 30
7731038,양동초등학교고송분교장,경기도교육청,양평군,J10,경기도 양평군 양동면 고송길 32-16
7731063,지평초등학교,경기도교육청,양평군,J10,경기도 양평군 지평면 지평의병로 107
7731075,정배초등학교,경기도교육청,양평군,J10,경기도 양평군 서종면 명덕길 10
7741015,증포초등학교,경기도교육청,이천시,J10,경기도 이천시 이섭대천로 1418
7741016,나래초등학교,경기도교육청,이천시,J10,경기도 이천시 장호원읍 이풍로63번길 114
7741017,대서초등학교,경기도교육청,이천시,J10,경기도 이천시 장호원읍 서동대로8487번길 23-24
7741018,대월초등학교,경기도교육청,이천시,J10,경기도 이천시 대월면 대평로178번길 48
7741019,도암초등학교,경기도교육청,이천시,J10,경기도 이천시 신둔면 증신로 550
7741020,도지초등학교,경기도교육청,이천시,J10,경기 이천시 백사면 청백리로 207
7741021,마장초등학교,경기도교육청,이천시,J10,경기도 이천시 마장면 중앙로 25
7741022,백사초등학교,경기도교육청,이천시,J10,경기도 이천시 백사면 현방로 55
7741023,부발초등학교,경기도교육청,이천시,J10,경기도 이천시 부발읍 무촌로 155
7741025,설봉초등학교,경기도교육청,이천시,J10,경기도 이천시 향교로 129
7741026,설성초등학교,경기도교육청,이천시,J10,경기도 이천시 설성면 진상미로264번길 21-165
7741027,송곡초등학교,경기도교육청,이천시,J10,경기도 이천시 모가면 진상미로 1054
7741028,신둔초등학교,경기도교육청,이천시,J10,경기도 이천시 신둔면 경충대로3150번길 82-3
7741029,신하초등학교,경기도교육청,이천시,J10,경기도 이천시 부발읍 경충대로2250번길 12
7741030,아미초등학교,경기도교육청,이천시,J10,경기도 이천시 부발읍 신아로92번길 32
7741031,안흥초등학교,경기도교육청,이천시,J10,경기도 이천시 영창로300번길 16
7741032,율면초등학교,경기도교육청,이천시,J10,경기도 이천시 율면 고당로 48
7741033,이천가산초등학교,경기도교육청,이천시,J10,경기도 이천시 부발읍 황무로2065번길 112
7741034,이천남초등학교,경기도교육청,이천시,J10,경기도 이천시 경충대로2614번길 32
7741035,이천단월초등학교,경기도교육청,이천시,J10,경기도 이천시 단월로 98
7741036,이천매곡초등학교,경기도교육청,이천시,J10,경기도 이천시 호법면 이섭대천로96번길 8
7741037,이천송정초등학교,경기도교육청,이천시,J10,경기도 이천시 영창로45번길 165
7741038,이천초등학교,경기도교육청,이천시,J10,경기도 이천시 서희로81번길 20
7741039,이황초등학교,경기도교육청,이천시,J10,경기도 이천시 장호원읍 경충대로 456-20
7741040,장천초등학교,경기도교육청,이천시,J10,경기도 이천시 설성면 설성로 165-25
7741041,장호원초등학교,경기도교육청,이천시,J10,경기도 이천시 장호원읍 장감로 46
7741042,진가초등학교,경기도교육청,이천시,J10,경기도 이천시 모가면 진상미로 1321-14
7741044,표교초등학교,경기도교육청,이천시,J10,경기도 이천시 마장면 중부대로609번길 28-1
7741045,한내초등학교,경기도교육청,이천시,J10,경기도 이천시 갈산로 71
7741046,호법초등학교,경기도교육청,이천시,J10,경기도 이천시 호법면 이섭대천로 537
7741101,이천사동초등학교,경기도교육청,이천시,J10,경기도 이천시 대월면 경충대로2003번길 124-87
7741121,이천중리초등학교,경기도교육청,이천시,J10,경기도 이천시 신서희로 33
7751045,신일초등학교,경기도교육청,용인시,J10,경기도 용인시 수지구 신봉2로48번길 28
7751046,용인대일초등학교,경기도교육청,용인시,J10,경기도 용인시 수지구 푸른솔로 98
7751047,용인신촌초등학교,경기도교육청,용인시,J10,경기도 용인시 수지구 죽전로27번길 14-19
7751048,독정초등학교,경기도교육청,용인시,J10,경기도 용인시 기흥구 보정로 100
7751049,성지초등학교,경기도교육청,용인시,J10,경기도 용인시 기흥구 강남서로 38
7751050,삼가초등학교,경기도교육청,용인시,J10,경기도 용인시 처인구 중부대로1158번길 45
7751051,용인성산초등학교,경기도교육청,용인시,J10,경기도 용인시 처인구 백옥대로1362번길 41
7751052,손곡초등학교,경기도교육청,용인시,J10,경기도 용인시 수지구 손곡로 68
7751053,신리초등학교,경기도교육청,용인시,J10,경기도 용인시 수지구 신봉1로48번길 6
7751054,갈곡초등학교,경기도교육청,용인시,J10,경기도 용인시 기흥구 강남동로 61
7751055,용인대덕초등학교,경기도교육청,용인시,J10,경기도 용인시 수지구 죽전로293번길 14
7751056,용인신릉초등학교,경기도교육청,용인시,J10,경기도 용인시 기흥구 새천년로 53
7751057,현암초등학교,경기도교육청,용인시,J10,경기도 용인시 수지구 대지로 146
7751058,용인이동초등학교,경기도교육청,용인시,J10,경기도 용인시 처인구 이동면 백옥대로587번길 22
7751059,언남초등학교,경기도교육청,용인시,J10,경기도 용인시 기흥구 기흥로116번길 87
7751060,지곡초등학교,경기도교육청,용인시,J10,경기도 용인시 기흥구 사은로 274-45
7751061,용인둔전초등학교,경기도교육청,용인시,J10,경기도 용인시 처인구 포곡읍 포곡로118번길 61
7751062,대청초등학교,경기도교육청,용인시,J10,경기도 용인시 수지구 죽전로 276
7751063,고기초등학교,경기도교육청,용인시,J10,경기도 용인시 수지구 고기로 385
7751064,고림초등학교,경기도교육청,용인시,J10,경기도 용인시 처인구 한터로152번길 22
7751065,교동초등학교,경기도교육청,용인시,J10,경기도 용인시 기흥구 마북로 124-10
7751066,구갈초등학교,경기도교육청,용인시,J10,경기도 용인시 기흥구 구갈로 36
7751067,구성초등학교,경기도교육청,용인시,J10,경기도 용인시 기흥구 구성로 51
7751068,기흥초등학교,경기도교육청,용인시,J10,경기도 용인시 기흥구 공세로82번길 5
7751069,관곡초등학교,경기도교육청,용인시,J10,경기도 용인시 기흥구 관곡로 61
7751070,나곡초등학교,경기도교육청,용인시,J10,경기도 용인시 기흥구 사은로126번길 26
7751071,남곡초등학교,경기도교육청,용인시,J10,경기도 용인시 처인구 남사읍 한숲로 110
7751072,남사초등학교,경기도교육청,용인시,J10,경기도 용인시 처인구 남사면 처인성로185번길 9-10
7751073,남촌초등학교,경기도교육청,용인시,J10,경기도 용인시 처인구 남사읍 천덕산로 330
7751074,능원초등학교,경기도교육청,용인시,J10,경기도 용인시 처인구 모현읍 충렬로8번길 29
7751075,동천초등학교,경기도교육청,용인시,J10,경기도 용인시 수지구 고기로 71
7751076,대지초등학교,경기도교육청,용인시,J10,경기도 용인시 수지구 대지로51번길 6
7751077,대현초등학교,경기도교육청,용인시,J10,경기도 용인시 수지구 용구대로2771번길 16
7751078,마북초등학교,경기도교육청,용인시,J10,경기도 용인시 기흥구 연원로 31
7751079,마성초등학교,경기도교육청,용인시,J10,경기도 용인시 기흥구 용구대로2360번길 29
7751080,모현초등학교,경기도교육청,용인시,J10,경기도 용인시 처인구 모현면 문현로 179
7751081,보라초등학교,경기도교육청,용인시,J10,경기도 용인시 기흥구 금화로 105
7751082,보정초등학교,경기도교육청,용인시,J10,경기도 용인시 기흥구 신촌로73번길 28
7751083,백봉초등학교,경기도교육청,용인시,J10,경기도 용인시 처인구 백암면 죽양대로748번길 12
7751084,백암초등학교,경기도교육청,용인시,J10,경기도 용인시 처인구 백암면 백원로 501
7751085,산양초등학교,경기도교육청,용인시,J10,경기도 용인시 기흥구 산양로 2
7751086,상갈초등학교,경기도교육청,용인시,J10,경기도 용인시 기흥구 금화로58번길 17
7751087,상하초등학교,경기도교육청,용인시,J10,경기도 용인시 기흥구 중부대로788번길 27
7751088,상현초등학교,경기도교육청,용인시,J10,경기도 용인시 수지구 만현로67번길 23
7751089,서룡초등학교,경기도교육청,용인시,J10,경기도 용인시 처인구 중부대로1281번길 11
7751090,서원초등학교,경기도교육청,용인시,J10,경기 용인시 수지구 상현로 45
7751091,서천초등학교,경기도교육청,용인시,J10,경기도 용인시 기흥구 서그내로62번길 6
7751092,성복초등학교,경기도교육청,용인시,J10,경기도 용인시 수지구 성복2로78번길 52
7751093,소현초등학교,경기도교육청,용인시,J10,경기도 용인시 수지구 만현로133번길 78
7751094,솔개초등학교,경기도교육청,용인시,J10,경기도 용인시 수지구 상현로 79
7751095,송전초등학교,경기도교육청,용인시,J10,경기도 용인시 처인구 이동읍 경기동로687번길 14
7751096,수지초등학교,경기도교육청,용인시,J10,경기도 용인시 수지구 정평로13번길 30
7751097,신갈초등학교,경기도교육청,용인시,J10,경기도 용인시 기흥구 신갈로 76
7751098,신월초등학교,경기도교육청,용인시,J10,경기도 용인시 수지구 풍덕천로 86
7751099,양지초등학교,경기도교육청,용인시,J10,경기도 용인시 처인구 양지읍 교동로 30
7751100,어정초등학교,경기도교육청,용인시,J10,경기도 용인시 기흥구 어정로 155
7751101,언동초등학교,경기도교육청,용인시,J10,경기도 용인시 기흥구 언남로 55
7751102,역북초등학교,경기도교육청,용인시,J10,경기도 용인시 처인구 명지로 15-30
7751104,이현초등학교,경기도교육청,용인시,J10,경기도 용인시 기흥구 이현로 83
7751105,왕산초등학교,경기도교육청,용인시,J10,경기도 용인시 처인구 모현읍 백옥대로 2366번길 7-8
7751106,용마초등학교,경기도교육청,용인시,J10,경기도 용인시 처인구 금학로 471-1
7751107,용인초등학교,경기도교육청,용인시,J10,경기 용인시 처인구 금학로367번길 14
7751108,용천초등학교,경기도교육청,용인시,J10,경기도 용인시 처인구 이동면 백옥대로 612
7751109,운학초등학교,경기도교육청,용인시,J10,경기도 용인시 처인구 동부로465번길 7
7751110,원삼초등학교,경기도교육청,용인시,J10,경기도 용인시 처인구 원삼면 하사로 1
7751111,장평초등학교,경기도교육청,용인시,J10,경기도 용인시 처인구 백암면 한택로 446
7751112,정평초등학교,경기도교육청,용인시,J10,경기도 용인시 수지구 정평로 64
7751113,제일초등학교,경기도교육청,용인시,J10,경기도 용인시 처인구 양지면 중부대로2517번길 42-7
7751114,좌항초등학교,경기도교육청,용인시,J10,경기도 용인시 처인구 원삼면 원양로 603
7751115,죽전초등학교,경기도교육청,용인시,J10,경기도 용인시 수지구 용구대로2772번길 15
7751116,지석초등학교,경기도교육청,용인시,J10,경기도 용인시 기흥구 어정로 62-25
7751117,청곡초등학교,경기도교육청,용인시,J10,경기도 용인시 기흥구 덕영대로2077번길 52
7751118,토월초등학교,경기도교육청,용인시,J10,경기도 용인시 수지구 수지로296번길 3
7751119,포곡초등학교,경기도교육청,용인시,J10,경기도 용인시 처인구 포곡읍 부곡로 24
7751120,풍덕초등학교,경기도교육청,용인시,J10,경기도 용인시 수지구 수지로 367
7751121,풍천초등학교,경기도교육청,용인시,J10,경기도 용인시 수지구 진산로66번길 20
7751122,한터초등학교,경기도교육청,용인시,J10,경기도 용인시 처인구 양지면 한터로571번길 4
7751123,홍천초등학교,경기도교육청,용인시,J10,경기도 용인시 수지구 신봉2로14번길 49
7751124,효자초등학교,경기도교육청,용인시,J10,경기도 용인시 수지구 성복1로 106-1
7751126,백암초등학교수정분교장,경기도교육청,용인시,J10,경기도 용인시 처인구 백암면 청강가창로105번길 55-12
7751183,동막초등학교,경기도교육청,용인시,J10,경기도 용인시 기흥구 동백8로 39
7751184,동백초등학교,경기도교육청,용인시,J10,경기도 용인시 기흥구 동백평촌로 69
7751185,석성초등학교,경기도교육청,용인시,J10,경기도 용인시 기흥구 동백2로 53
7751189,용인백현초등학교,경기도교육청,용인시,J10,경기도 용인시 기흥구 동백8로 108
7751190,나산초등학교,경기도교육청,용인시,J10,경기도 용인시 기흥구 한보라1로43번길 8
7751192,용인한일초등학교,경기도교육청,용인시,J10,경기도 용인시 기흥구 한보라1로 145
7751193,용인심곡초등학교,경기도교육청,용인시,J10,경기도 용인시 수지구 심곡로 59
7751224,청덕초등학교,경기도교육청,용인시,J10,경기도 용인시 기흥구 구성1로 61
7751227,공세초등학교,경기도교육청,용인시,J10,경기도 용인시 기흥구 탑실로 86-10
7751228,둔전제일초등학교,경기도교육청,용인시,J10,경기도 용인시 처인구 포곡읍 포곡로141번길 28
7751229,석현초등학교,경기도교육청,용인시,J10,경기도 용인시 기흥구 흥덕3로 42
7751230,흥덕초등학교,경기도교육청,용인시,J10,경기도 용인시 기흥구 흥덕1로62번길 26
7751294,용인한빛초등학교,경기도교육청,용인시,J10,경기도 용인시 수지구 동천로 153번길 23
7751295,성서초등학교,경기도교육청,용인시,J10,경기도 용인시 수지구 성복2로 210
7751296,용인신봉초등학교,경기도교육청,용인시,J10,경기도 용인시 수지구 신봉2로 115
7751307,서농초등학교,경기도교육청,용인시,J10,경기도 용인시 기흥구 서천동로21번길 5
7751313,새빛초등학교,경기도교육청,용인시,J10,경기도 용인시 수지구 광교마을로 63
7751320,두창초등학교,경기도교육청,용인시,J10,경기도 용인시 처인구 원삼면 복분로 29
7751325,중일초등학교,경기도교육청,용인시,J10,경기도 용인시 기흥구 동백죽전대로527번길 36
7751326,매봉초등학교,경기도교육청,용인시,J10,경기도 용인시 수지구 수지로 75-1
7751351,샘말초등학교,경기도교육청,용인시,J10,경기도 용인시 기흥구 흥덕중앙로105번길 9
7751355,함박초등학교,경기도교육청,용인시,J10,경기도 용인시 처인구 명지로40번길 46
7751358,용인한얼초등학교,경기도교육청,용인시,J10,경기도 용인시 기흥구 기흥역로58번길 57
7751395,고진초등학교,경기도교육청,용인시,J10,경기도 용인시 처인구 고림로 165-1
7751402,도현초등학교,경기도교육청,용인시,J10,경기도 용인시 처인구 모현읍 왕산로 15
7751403,처인초등학교,경기도교육청,용인시,J10,경기도 용인시 처인구 남사읍 한숲로57번길 17
7751410,용인초당초등학교,경기도교육청,용인시,J10,경기도 용인시 기흥구 동백중앙로 78
7751414,용인솔빛초등학교,경기도교육청,용인시,J10,경기도 용인시 처인구 낙은로 98
7761014,개산초등학교,경기도교육청,안성시,J10,경기도 안성시 금광면 외개산길 42
7761015,개정초등학교,경기도교육청,안성시,J10,경기도 안성시 미양면 미양로 72
7761016,고삼초등학교,경기도교육청,안성시,J10,경기도 안성시 고삼면 고삼호수로 37
7761017,공도초등학교,경기도교육청,안성시,J10,경기도 안성시 공도읍 공도1로 9
7761018,광덕초등학교,경기도교육청,안성시,J10,경기도 안성시 대덕면 내리1길 25
7761019,광선초등학교,경기도교육청,안성시,J10,경기도 안성시 죽산면 개좌길 16
7761020,금광초등학교,경기도교육청,안성시,J10,경기도 안성시 금광면 금광초교길 54
7761021,내혜홀초등학교,경기도교육청,안성시,J10,경기도 안성시 내혜홀3길 29
7761022,대덕초등학교,경기도교육청,안성시,J10,경기도 안성시 대덕면 모산로 84
7761023,동신초등학교,경기도교육청,안성시,J10,경기도 안성시 보개면 사갑뜰길 6
7761024,마전초등학교,경기도교육청,안성시,J10,경기도 안성시 삼죽면 서동대로 5915
7761025,명덕초등학교,경기도교육청,안성시,J10,경기도 안성시 대덕면 미륵로 16
7761026,문기초등학교,경기도교육청,안성시,J10,경기도 안성시 공도읍 서동대로 4424
7761027,미곡초등학교,경기도교육청,안성시,J10,경기도 안성시 양성면 안성맞춤대로 2304-9
7761028,미양초등학교,경기도교육청,안성시,J10,경기도 안성시 미양면 양지길 40
7761030,백성초등학교,경기도교육청,안성시,J10,경기도 안성시 아양3로 41
7761031,보개초등학교,경기도교육청,안성시,J10,경기도 안성시 보개면 보개원삼로 649
7761032,보체초등학교,경기도교육청,안성시,J10,경기도 안성시 미양면 보체길 47
7761033,비룡초등학교,경기도교육청,안성시,J10,경기도 안성시 비룡로 78
7761034,산평초등학교,경기도교육청,안성시,J10,경기도 안성시 서운면 서운로 58
7761035,삼죽초등학교,경기도교육청,안성시,J10,경기도 안성시 삼죽면 삼죽초교길 20
7761037,서운초등학교,경기도교육청,안성시,J10,경기도 안성시 서운면 서운초교길 24
7761038,안성초등학교,경기도교육청,안성시,J10,경기도 안성시 혜산로 13
7761039,양성초등학교,경기도교육청,안성시,J10,경기도 안성시 양성면 옥단길 43
7761040,양진초등학교,경기도교육청,안성시,J10,경기도 안성시 공도읍 진사1길 14
7761041,원곡초등학교,경기도교육청,안성시,J10,경기도 안성시 원곡면 가천중앙1길 51-17
7761042,일죽초등학교,경기도교육청,안성시,J10,경기도 안성시 일죽면 주래본죽로 72
7761043,죽산초등학교,경기도교육청,안성시,J10,경기도 안성시 죽산면 죽산초교길 43
7761044,죽화초등학교,경기도교육청,안성시,J10,경기도 안성시 일죽면 죽화로 297
7761045,현매초등학교,경기도교육청,안성시,J10,경기도 안성시 서운면 매향길 61
7761046,용머리초등학교,경기도교육청,안성시,J10,경기도 안성시 공도읍 기업단지로 57
7761047,금광초등학교조령분교장,경기도교육청,안성시,J10,경기도 안성시 금광면 사흥길 59
7761099,만정초등학교,경기도교육청,안성시,J10,경기도 안성시 공도읍 송원길 12
7761113,어울초등학교,경기도교육청,안성시,J10,경기도 안성시 대덕면 신령로 58-33
7771014,통진초등학교,경기도교육청,김포시,J10,경기도 김포시 통진읍 조강로 116
7771015,김포신풍초등학교,경기도교육청,김포시,J10,경기도 김포시 풍무로208번길 14
7771016,개곡초등학교,경기도교육청,김포시,J10,경기도 김포시 월곶면 애기봉로 445
7771017,고창초등학교,경기도교육청,김포시,J10,경기도 김포시 김포한강1로98번길 35
7771018,고촌초등학교,경기도교육청,김포시,J10,경기도 김포시 고촌읍 신곡로29번길 30
7771019,금란초등학교,경기도교육청,김포시,J10,경기도 김포시 고촌읍 장곡로 42
7771020,금성초등학교,경기도교육청,김포시,J10,경기도 김포시 하성면 하성로 795번길 26
7771022,김포초등학교,경기도교육청,김포시,J10,경기도 김포시 북변중로65번길 4-24
7771023,김포대명초등학교,경기도교육청,김포시,J10,경기도 김포시 대곶면 대곶로20번길 17
7771024,김포서초등학교,경기도교육청,김포시,J10,경기도 김포시 봉화로 188
7771025,대곶초등학교,경기도교육청,김포시,J10,경기도 김포시 대곶면 율생중앙로36번길 19
7771026,마송초등학교,경기도교육청,김포시,J10,경기도 김포시 통진읍 흥신로 315
7771027,서암초등학교,경기도교육청,김포시,J10,경기도 김포시 통진읍 서암로184번길 9
7771028,석정초등학교,경기도교육청,김포시,J10,경기도 김포시 대곶면 대곶로331번길 10
7771029,수남초등학교,경기도교육청,김포시,J10,경기도 김포시 대곶면 수남로21번길 24
7771030,양곡초등학교,경기도교육청,김포시,J10,경기도 김포시 양촌읍 양곡로 548
7771031,옹정초등학교,경기도교육청,김포시,J10,경기도 김포시 통진읍 옹정로185번길 26
7771032,유현초등학교,경기도교육청,김포시,J10,경기도 김포시 유현로33번길 50
7771033,월곶초등학교,경기도교육청,김포시,J10,경기도 김포시 월곶면 군하로276번길 28
7771034,풍무초등학교,경기도교육청,김포시,J10,경기도 김포시 풍무로96번길 71
7771035,하성초등학교,경기도교육청,김포시,J10,경기도 김포시 하성면 애기봉로 857
7771036,학운초등학교,경기도교육청,김포시,J10,경기도 김포시 양촌읍 황금로70번길 13
7771037,사우초등학교,경기도교육청,김포시,J10,경기도 김포시 사우로 20
7771038,금파초등학교,경기도교육청,김포시,J10,경기도 김포시 김포대로926번길 74
7771039,감정초등학교,경기도교육청,김포시,J10,경기도 김포시 중봉로 11
7771040,운양초등학교,경기도교육청,김포시,J10,경기도 김포시 전원로 38번길 99
7771041,양도초등학교,경기도교육청,김포시,J10,경기도 김포시 풍무로93번길 31
7771071,신곡초등학교,경기도교육청,김포시,J10,경기도 김포시 고촌읍 수기로 67-30
7771072,장기초등학교,경기도교육청,김포시,J10,경기도 김포시 김포한강2로 173
7771101,마송중앙초등학교,경기도교육청,김포시,J10,경기도 김포시 통진읍 마송1로 140
7771102,신양초등학교,경기도교육청,김포시,J10,경기도 김포시 양촌읍 양곡3로 47
7771107,걸포초등학교,경기도교육청,김포시,J10,경기도 김포시 걸포로 22
7771115,가현초등학교,경기도교육청,김포시,J10,경기도 김포시 김포한강2로 83
7771118,김포한가람초등학교,경기도교육청,김포시,J10,경기도 김포시 김포한강9로 115번길 57
7771119,솔터초등학교,경기도교육청,김포시,J10,경기도 김포시 김포한강7로22번길 61
7771120,운유초등학교,경기도교육청,김포시,J10,경기도 김포시 김포한강2로 239
7771121,푸른솔초등학교,경기도교육청,김포시,J10,경기도 김포시 김포한강2로 306
7771136,김포호수초등학교,경기도교육청,김포시,J10,경기도 김포시 김포한강4로420번길 87
7771137,하늘빛초등학교,경기도교육청,김포시,J10,경기도 김포시 김포한강11로 374
7771146,청수초등학교,경기도교육청,김포시,J10,경기도 김포시 김포한강11로 256
7771153,나비초등학교,경기도교육청,김포시,J10,경기도 김포시 김포한강10로134번길 70
7771172,김포금빛초등학교,경기도교육청,김포시,J10,경기도 김포시 태장로 821
7771178,은여울초등학교,경기도교육청,김포시,J10,경기도 김포시 김포한강8로 173-38
7771182,보름초등학교,경기도교육청,김포시,J10,경기도 김포시 고촌읍 태리로 267
7771185,김포구래초등학교,경기도교육청,김포시,J10,경기도 김포시 김포한강9로 12번길 77
7771187,김포나진초등학교,경기도교육청,김포시,J10,경기도 김포시 걸포2로 58
7771189,향산초등학교,경기도교육청,김포시,J10,경기도 김포시 고촌읍 상미1로 26
7771207,모담초등학교,경기도교육청,김포시,J10,경기도 김포시 운양로 158
7781015,소래초등학교,경기도교육청,시흥시,J10,경기도 시흥시 호현로 27번길
7781016,도창초등학교,경기도교육청,시흥시,J10,경기도 시흥시 수인로2793번길 6
7781017,포리초등학교,경기도교육청,시흥시,J10,경기도 시흥시 신현로202번길 31
7781018,계수초등학교,경기도교육청,시흥시,J10,경기도 시흥시 계수로 203
7781019,연성초등학교,경기도교육청,시흥시,J10,경기도 시흥시 나분들길 44
7781020,군자초등학교,경기도교육청,시흥시,J10,경기도 시흥시 군자로 539
7781021,군서초등학교,경기도교육청,시흥시,J10,경기도 시흥시 정왕천로427번길 30
7781022,장곡초등학교,경기도교육청,시흥시,J10,경기도 시흥시 장곡로70번길 12
7781023,옥터초등학교,경기도교육청,시흥시,J10,경기도 시흥시 옥터로 33
7781024,시흥신일초등학교,경기도교육청,시흥시,J10,경기도 시흥시 신천로7번길 12
7781025,대야초등학교,경기도교육청,시흥시,J10,경기도 시흥시 대골안길 31
7781026,시흥은행초등학교,경기도교육청,시흥시,J10,경기도 시흥시 대은로104번길 29-10
7781027,서해초등학교,경기도교육청,시흥시,J10,경기도 시흥시 정왕대로53번길 14
7781028,정왕초등학교,경기도교육청,시흥시,J10,경기도 시흥시 중심상가로 257
7781029,냉정초등학교,경기도교육청,시흥시,J10,경기도 시흥시 역전로 369
7781030,목감초등학교,경기도교육청,시흥시,J10,경기도 시흥시 목감초등길 49
7781031,은계초등학교,경기도교육청,시흥시,J10,경기도 시흥시 대은로103번길 24
7781032,함현초등학교,경기도교육청,시흥시,J10,경기도 시흥시 역전로 455
7781033,송운초등학교,경기도교육청,시흥시,J10,경기도 시흥시 옥구천동로 433-25
7781034,시흥초등학교,경기도교육청,시흥시,J10,경기도 시흥시 정왕대로143번길 15
7781035,시화초등학교,경기도교육청,시흥시,J10,경기도 시흥시 큰솔로7번길 10
7781036,신천초등학교,경기도교육청,시흥시,J10,경기도 시흥시 포도원로 88
7781037,하중초등학교,경기도교육청,시흥시,J10,경기도 시흥시 하중로209번길 10
7781038,진말초등학교,경기도교육청,시흥시,J10,경기도 시흥시 황고개로 567
7781039,금모래초등학교,경기도교육청,시흥시,J10,경기도 시흥시 대은로 16-29
7781040,도일초등학교,경기도교육청,시흥시,J10,경기도 시흥시 군자로465번길 7
7781041,시흥월곶초등학교,경기도교육청,시흥시,J10,경기도 시흥시 월곶해안로 69
7781042,시흥도원초등학교,경기도교육청,시흥시,J10,경기도 시흥시 수인로3413번길 34
7781043,시흥장현초등학교,경기도교육청,시흥시,J10,경기도 시흥시 시청로80번길 5
7781044,검바위초등학교,경기도교육청,시흥시,J10,경기도 시흥시 수인로3247번길 59
7781045,시흥매화초등학교,경기도교육청,시흥시,J10,경기도 시흥시 매화1로 62
7781088,웃터골초등학교,경기도교육청,시흥시,J10,경기도 시흥시 은행고길 18
7781089,서촌초등학교,경기도교육청,시흥시,J10,경기도 시흥시 정왕대로118번길 27
7781090,월포초등학교,경기도교육청,시흥시,J10,경기도 시흥시 월곶중앙로 18
7781101,시흥능곡초등학교,경기도교육청,시흥시,J10,경기도 시흥시 능곡중앙로 22
7781107,승지초등학교,경기도교육청,시흥시,J10,경기도 시흥시 승지로 110
7781132,생금초등학교,경기도교육청,시흥시,J10,"경기도 시흥시 죽율로 45-42(45-42, Jugyul-ro, Siheung-si, Gyeonggi-do, Korea)"
7781137,배곧초등학교,경기도교육청,시흥시,J10,경기도 시흥시 배곧4로 44-5
7781145,운흥초등학교,경기도교육청,시흥시,J10,경기도 시흥시 목감둘레로 109
7781146,조남초등학교,경기도교육청,시흥시,J10,경기도 시흥시 목감둘레로 229-9
7781148,배곧한울초등학교,경기도교육청,시흥시,J10,경기도 시흥시 배곧1로 28-25
7781150,배곧라온초등학교,경기도교육청,시흥시,J10,경기도 시흥시 배곧4로 94-39
7781151,배곧해솔초등학교,경기도교육청,시흥시,J10,경기도 시흥시 서울대학로 150-17
7781152,산현초등학교,경기도교육청,시흥시,J10,경기도 시흥시 목감남서로 68
7781158,배곧누리초등학교,경기도교육청,시흥시,J10,경기도 시흥시 해송십리로 472-30
7781159,은빛초등학교,경기도교육청,시흥시,J10,경기도 시흥시 은계로142번길 6
7781164,시흥가온초등학교,경기도교육청,시흥시,J10,경기도 시흥시 장현능곡로 33
7781172,한여울초등학교,경기도교육청,시흥시,J10,경기도 시흥시 능곡군자로 2
7781190,시화나래초등학교,경기도교육청,시흥시,J10,경기도 시흥시 거북섬남로 70
7781192,배곧라라초등학교,경기도교육청,시흥시,J10,경기도 시흥시 서울대학로 249
7811021,광판초등학교,강원특별자치도교육청,춘천시,K10,강원도 춘천시 남산면 김유정로 159-12
7811043,오동초등학교,강원특별자치도교육청,춘천시,K10,강원도 춘천시 신북읍 장본길 74
7811048,추곡초등학교,강원특별자치도교육청,춘천시,K10,강원도 춘천시 북산면 북산로 34
7811049,춘천초등학교,강원특별자치도교육청,춘천시,K10,강원도 춘천시 방송길7번길 14-5
7811054,우석초등학교,강원특별자치도교육청,춘천시,K10,강원도 춘천시 애막골길16번길 6
7811057,춘천삼육초등학교,강원특별자치도교육청,춘천시,K10,강원도 춘천시 동면 방죽길 56-10
7812050,가산초등학교,강원특별자치도교육청,춘천시,K10,강원특별자치도 춘천시 동면 가산로 52
7812052,교동초등학교,강원특별자치도교육청,춘천시,K10,강원특별자치도 춘천시 교동길 29
7812053,근화초등학교,강원특별자치도교육청,춘천시,K10,강원특별자치도 춘천시 소양로163번길 23
7812054,금병초등학교,강원특별자치도교육청,춘천시,K10,강원특별자치도 춘천시 신동면 김유정로 1394
7812055,금산초등학교,강원특별자치도교육청,춘천시,K10,강원특별자치도 춘천시 서면 금산2길 21
7812056,남부초등학교,강원특별자치도교육청,춘천시,K10,강원도 춘천시 춘주로 159
7812057,남산초등학교,강원특별자치도교육청,춘천시,K10,강원특별자치도 춘천시 남산면 한치로 59
7812058,남춘천초등학교,강원특별자치도교육청,춘천시,K10,강원특별자치도 춘천시 충혼길 33
7812059,당림초등학교,강원특별자치도교육청,춘천시,K10,강원특별자치도 춘천시 서면 당숲안길 81
7812060,동내초등학교,강원특별자치도교육청,춘천시,K10,강원도 춘천시 동내면 동내로 131
7812061,동부초등학교,강원특별자치도교육청,춘천시,K10,강원특별자치도 춘천시 서부대성로 339
7812062,동춘천초등학교,강원특별자치도교육청,춘천시,K10,강원특별자치도 춘천시 성심로 77
7812063,만천초등학교,강원특별자치도교육청,춘천시,K10,강원특별자치도 춘천시 동면 후석로326번길 89
7812064,봄내초등학교,강원특별자치도교육청,춘천시,K10,강원특별자치도 춘천시 퇴계로 220-10
7812065,봉의초등학교,강원특별자치도교육청,춘천시,K10,강원특별자치도 춘천시 춘천로 141
7812066,부안초등학교,강원특별자치도교육청,춘천시,K10,강원특별자치도 춘천시 서부대성로239번길 70
7812067,상천초등학교,강원특별자치도교육청,춘천시,K10,강원특별자치도 춘천시 신북읍 상천2길 19
7812068,서상초등학교,강원특별자치도교육청,춘천시,K10,강원특별자치도 춘천시 서면 박사로 1348
7812069,석사초등학교,강원특별자치도교육청,춘천시,K10,강원특별자치도 춘천시 공지로 108-17
7812070,성림초등학교,강원특별자치도교육청,춘천시,K10,강원특별자치도 춘천시 지석로 47
7812071,성원초등학교,강원특별자치도교육청,춘천시,K10,강원특별자치도 춘천시 승지골길16번길 36
7812072,소양초등학교,강원특별자치도교육청,춘천시,K10,강원특별자치도 춘천시 충열로 134
7812073,송화초등학교,강원특별자치도교육청,춘천시,K10,강원특별자치도 춘천시 사북면 춘화로 510-5
7812074,신남초등학교,강원특별자치도교육청,춘천시,K10,강원특별자치도 춘천시 칠전서길 37
7812075,신동초등학교,강원특별자치도교육청,춘천시,K10,강원특별자치도 춘천시 우두로 100
7812078,조양초등학교,강원특별자치도교육청,춘천시,K10,강원특별자치도 춘천시 동산면 조양길 257
7812079,중앙초등학교,강원특별자치도교육청,춘천시,K10,강원특별자치도 춘천시 중앙로88번길 14
7812080,지촌초등학교,강원특별자치도교육청,춘천시,K10,강원특별자치도 춘천시 사북면 지촌길 130
7812081,천전초등학교,강원특별자치도교육청,춘천시,K10,강원특별자치도 춘천시 신북읍 율문1길 16-9
7812084,퇴계초등학교,강원특별자치도교육청,춘천시,K10,강원특별자치도 춘천시 안마산로 123
7812085,호반초등학교,강원특별자치도교육청,춘천시,K10,강원특별자치도 춘천시 후만로126번길 35
7812086,효제초등학교,강원특별자치도교육청,춘천시,K10,강원특별자치도 춘천시 효제길 40
7812087,후평초등학교,강원특별자치도교육청,춘천시,K10,강원특별자치도 춘천시 춘천로295번길 17
7812089,장학초등학교,강원특별자치도교육청,춘천시,K10,강원특별자치도 춘천시 동면 춘천로449번길 33
7812091,지촌초등학교지암분교장,강원특별자치도교육청,춘천시,K10,강원특별자치도 춘천시 사북면 화악지암길 431
7821042,비두초등학교,강원특별자치도교육청,원주시,K10,강원도 원주시 문막읍 귀문로 1070
7822077,버들초등학교,강원특별자치도교육청,원주시,K10,강원특별자치도 원주시 건강로 80
7822078,섬강초등학교,강원특별자치도교육청,원주시,K10,강원특별자치도 원주시 지정면 가곡로 91
7822079,고산초등학교,강원특별자치도교육청,원주시,K10,강원특별자치도 원주시 호저면 호저로 873
7822080,관설초등학교,강원특별자치도교육청,원주시,K10,강원특별자치도 원주시 치악로 1355
7822081,교동초등학교,강원특별자치도교육청,원주시,K10,강원특별자치도 원주시 명륜로 9
7822082,교학초등학교,강원특별자치도교육청,원주시,K10,강원특별자치도 원주시 소초면 토동길 20
7822083,구곡초등학교,강원특별자치도교육청,원주시,K10,강원특별자치도 원주시 늘품로 64
7822084,귀래초등학교,강원특별자치도교육청,원주시,K10,강원특별자치도 원주시 귀래면 북원로 89
7822085,금대초등학교,강원특별자치도교육청,원주시,K10,강원특별자치도 원주시 판부면 금대길 10
7822086,남원주초등학교,강원특별자치도교육청,원주시,K10,강원특별자치도 원주시 늘품로 28
7822087,단계초등학교,강원특별자치도교육청,원주시,K10,강원특별자치도 원주시 북원로 2387
7822088,단관초등학교,강원특별자치도교육청,원주시,K10,강원특별자치도 원주시 단관초교길 14
7822089,단구초등학교,강원특별자치도교육청,원주시,K10,강원특별자치도 원주시 단구초교길 5
7822090,동화초등학교,강원특별자치도교육청,원주시,K10,강원특별자치도 원주시 문막읍 왕건로 83
7822091,둔둔초등학교,강원특별자치도교육청,원주시,K10,강원특별자치도 원주시 소초면 버덩마을길 7
7822092,만대초등학교,강원특별자치도교육청,원주시,K10,강원특별자치도 원주시 만대로 65
7822093,만종초등학교,강원특별자치도교육청,원주시,K10,강원특별자치도 원주시 호저면 원문로 599
7822094,매지초등학교,강원특별자치도교육청,원주시,K10,강원특별자치도 원주시 흥업면 북원로 1324
7822095,명륜초등학교,강원특별자치도교육청,원주시,K10,강원특별자치도 원주시 행구로 25
7822096,무실초등학교,강원특별자치도교육청,원주시,K10,강원특별자치도 원주시 만대로 155
7822097,문막초등학교,강원특별자치도교육청,원주시,K10,강원특별자치도 원주시 문막읍 건등로 28-11
7822098,반계초등학교,강원특별자치도교육청,원주시,K10,강원특별자치도 원주시 문막읍 원문로 2265
7822099,반곡초등학교,강원특별자치도교육청,원주시,K10,강원특별자치도 원주시 동부순환로 247
7822100,봉대초등학교,강원특별자치도교육청,원주시,K10,강원특별자치도 원주시 혁신로 300
7822101,부론초등학교,강원특별자치도교육청,원주시,K10,강원특별자치도 원주시 부론면 법천시장길 58
7822102,북원초등학교,강원특별자치도교육청,원주시,K10,강원특별자치도 원주시 단구로 60
7822104,산현초등학교,강원특별자치도교육청,원주시,K10,강원도 원주시 호저면 칠봉로 347
7822105,샘마루초등학교,강원특별자치도교육청,원주시,K10,강원특별자치도 원주시 지정면 신지정로 264
7822106,서곡초등학교,강원특별자치도교육청,원주시,K10,강원특별자치도 원주시 판부면 용수골길 159
7822107,서원주초등학교,강원특별자치도교육청,원주시,K10,강원특별자치도 원주시 남원로469번길 61
7822108,소초초등학교,강원특별자치도교육청,원주시,K10,강원특별자치도 원주시 소초면 평장안골1길 15
7822109,솔샘초등학교,강원특별자치도교육청,원주시,K10,강원특별자치도 원주시 무실로 381
7822110,신림초등학교,강원특별자치도교육청,원주시,K10,강원특별자치도 원주시 신림면 치악로 34
7822111,신평초등학교,강원특별자치도교육청,원주시,K10,강원특별자치도 원주시 지정면
7822112,우산초등학교,강원특별자치도교육청,원주시,K10,강원특별자치도 원주시 우산초교길 84
7822113,원주초등학교,강원특별자치도교육청,원주시,K10,강원특별자치도 원주시 봉산로 15
7822114,일산초등학교,강원특별자치도교육청,원주시,K10,강원특별자치도 원주시 일산초교길 1
7822115,장양초등학교,강원특별자치도교육청,원주시,K10,강원특별자치도 원주시 북원로 2868
7822116,중앙초등학교,강원특별자치도교육청,원주시,K10,강원특별자치도 원주시 남산로 181
7822117,지정초등학교,강원특별자치도교육청,원주시,K10,강원도 원주시 지정면 지정로 103
7822118,치악초등학교,강원특별자치도교육청,원주시,K10,강원특별자치도 원주시 한지공원길 77
7822119,태봉초등학교,강원특별자치도교육청,원주시,K10,강원특별자치도 원주시 흥양로51번길 113
7822120,태장초등학교,강원특별자치도교육청,원주시,K10,강원특별자치도 원주시 현충로 260
7822121,평원초등학교,강원특별자치도교육청,원주시,K10,강원특별자치도 원주시 금불2길 20
7822122,학성초등학교,강원특별자치도교육청,원주시,K10,강원특별자치도 원주시 치악로 2009-9
7822123,호저초등학교,강원특별자치도교육청,원주시,K10,강원특별자치도 원주시 호저면 호저로 428
7822124,황둔초등학교,강원특별자치도교육청,원주시,K10,강원특별자치도 원주시 신림면 신림황둔로 1185
7822125,흥양초등학교,강원특별자치도교육청,원주시,K10,강원도 원주시 소초면 하초구길 6
7822126,흥업초등학교,강원특별자치도교육청,원주시,K10,강원특별자치도 원주시 흥업면 사제로 101
7822127,원주삼육초등학교,강원특별자치도교육청,원주시,K10,강원도 원주시 북원로 1996
7832043,주문진초등학교,강원특별자치도교육청,강릉시,K10,강원특별자치도 강릉시 주문진읍 주문로 26
7832044,강동초등학교,강원특별자치도교육청,강릉시,K10,강원특별자치도 강릉시 강동면 단경로 20
7832045,강릉초등학교,강원특별자치도교육청,강릉시,K10,강원특별자치도 강릉시 토성로 103
7832046,경포대초등학교,강원특별자치도교육청,강릉시,K10,강원특별자치도 강릉시 경포로475번길 23-11
7832047,경포초등학교,강원특별자치도교육청,강릉시,K10,강원특별자치도 강릉시 솔올로 90
7832048,교동초등학교,강원특별자치도교육청,강릉시,K10,강원특별자치도 강릉시 율곡로2968번길 10
7832049,구정초등학교,강원특별자치도교육청,강릉시,K10,강원특별자치도 강릉시 구정면 범일로 266-14
7832050,금광초등학교,강원특별자치도교육청,강릉시,K10,강원특별자치도 강릉시 구정면 금평로 575
7832051,남강초등학교,강원특별자치도교육청,강릉시,K10,강원특별자치도 강릉시 경강로2310번길 7
7832052,남산초등학교,강원특별자치도교육청,강릉시,K10,강원도 강릉시 남산초교길 33
7832053,노암초등학교,강원특별자치도교육청,강릉시,K10,강원특별자치도 강릉시 노암등길 71
7832054,동명초등학교,강원특별자치도교육청,강릉시,K10,강원특별자치도 강릉시 경강로 2473
7832055,명주초등학교,강원특별자치도교육청,강릉시,K10,강원특별자치도 강릉시 강변로 86-1
7832056,모산초등학교,강원특별자치도교육청,강릉시,K10,강원특별자치도 강릉시 모산로224번길 3
7832057,사천초등학교,강원특별자치도교육청,강릉시,K10,강원특별자치도 강릉시 사천면 미노길 46
7832058,성덕초등학교,강원특별자치도교육청,강릉시,K10,강원특별자치도 강릉시 용지로 60
7832059,성산초등학교,강원특별자치도교육청,강릉시,K10,강원특별자치도 강릉시 성산면 구산길 15
7832060,송양초등학교,강원특별자치도교육청,강릉시,K10,강원특별자치도 강릉시 성산면 위촌길 198
7832061,신영초등학교,강원특별자치도교육청,강릉시,K10,강원특별자치도 강릉시 주문진읍 주문북로 160
7832062,신왕초등학교,강원특별자치도교육청,강릉시,K10,강원특별자치도 강릉시 연곡면 진고개로 2265-11
7832063,연곡초등학교,강원특별자치도교육청,강릉시,K10,강원특별자치도 강릉시 연곡면 진고개로 2656
7832064,영동초등학교,강원특별자치도교육청,강릉시,K10,강원특별자치도 강릉시 화부산로 28
7832065,옥계초등학교,강원특별자치도교육청,강릉시,K10,강원특별자치도 강릉시 옥계면 옥계로 1074
7832066,옥천초등학교,강원특별자치도교육청,강릉시,K10,강원특별자치도 강릉시 수문길 25
7832067,왕산초등학교,강원특별자치도교육청,강릉시,K10,강원특별자치도 강릉시 왕산면 백두대간로 2011-8
7832068,운산초등학교,강원특별자치도교육청,강릉시,K10,강원특별자치도 강릉시 운산길 79-15
7832069,운양초등학교,강원특별자치도교육청,강릉시,K10,강원특별자치도 강릉시 사천면 이설당1길 36
7832070,유천초등학교,강원특별자치도교육청,강릉시,K10,강원특별자치도 강릉시 선수촌로 100
7832071,율곡초등학교,강원특별자치도교육청,강릉시,K10,강원특별자치도 강릉시 원대로 129
7832073,정동초등학교,강원특별자치도교육청,강릉시,K10,강원특별자치도 강릉시 강동면 헌화로 1055
7832074,주영초등학교,강원특별자치도교육청,강릉시,K10,강원특별자치도 강릉시 주문진읍 약수동길 15-12
7832075,중앙초등학교,강원특별자치도교육청,강릉시,K10,강원특별자치도 강릉시 성덕포남로 18
7832076,초당초등학교,강원특별자치도교육청,강릉시,K10,강원특별자치도 강릉시 연당길 35-11
7832077,포남초등학교,강원특별자치도교육청,강릉시,K10,강원특별자치도 강릉시 가작로287번길 20
7832078,한솔초등학교,강원특별자치도교육청,강릉시,K10,강원특별자치도 강릉시 하평2길 45
7832079,옥계초등학교금진분교장,강원특별자치도교육청,강릉시,K10,강원특별자치도 강릉시 옥계면 금진안길 2
7832094,숲실초등학교,강원특별자치도교육청,강릉시,K10,강원특별자치도 강릉시 강동면 임곡로 890-14
7842018,남호초등학교,강원특별자치도교육청,동해시,K10,강원특별자치도 동해시 평원로 120
7842019,동해삼육초등학교,강원특별자치도교육청,동해시,K10,강원특별자치도 동해시 동해대로 5367
7842020,동해중앙초등학교,강원특별자치도교육청,동해시,K10,강원특별자치도 동해시 천곡로 35
7842021,동해초등학교,강원특별자치도교육청,동해시,K10,강원특별자치도 동해시 봉오주택길 22
7842022,동호초등학교,강원특별자치도교육청,동해시,K10,강원특별자치도 동해시 발한로 123
7842023,망상초등학교,강원특별자치도교육청,동해시,K10,강원특별자치도 동해시 동해대로 6251
7842024,묵호초등학교,강원특별자치도교육청,동해시,K10,강원특별자치도 동해시 발한천길 30
7842025,북삼초등학교,강원특별자치도교육청,동해시,K10,강원특별자치도 동해시 지양길 77
7842026,북평초등학교,강원특별자치도교육청,동해시,K10,강원특별자치도 동해시 오일장1길 22
7842027,삼화초등학교,강원특별자치도교육청,동해시,K10,강원특별자치도 동해시 파수길 38
7842028,송정초등학교,강원특별자치도교육청,동해시,K10,강원특별자치도 동해시 동해역길 25
7842029,창호초등학교,강원특별자치도교육청,동해시,K10,강원특별자치도 동해시 해맞이길 183
7842030,천곡초등학교,강원특별자치도교육청,동해시,K10,강원특별자치도 동해시 동굴로 33
7842031,청운초등학교,강원특별자치도교육청,동해시,K10,강원특별자치도 동해시 청운로 60
7852012,동점초등학교,강원특별자치도교육청,태백시,K10,강원특별자치도 태백시 방터골1길 59
7852013,미동초등학교,강원특별자치도교육청,태백시,K10,강원특별자치도 태백시 역둔원동로 1405
7852014,삼성초등학교,강원특별자치도교육청,태백시,K10,강원특별자치도 태백시 평화길 44
7852015,상장초등학교,강원특별자치도교육청,태백시,K10,강원특별자치도 태백시 태백로 1223
7852016,장성초등학교,강원특별자치도교육청,태백시,K10,강원특별자치도 태백시 보드미길 26
7852017,철암초등학교,강원특별자치도교육청,태백시,K10,강원특별자치도 태백시 동태백로 584
7852018,태백초등학교,강원특별자치도교육청,태백시,K10,강원특별자치도 태백시 태백로 1811
7852019,태서초등학교,강원특별자치도교육청,태백시,K10,강원특별자치도 태백시 태백로 802
7852020,통리초등학교,강원특별자치도교육청,태백시,K10,강원특별자치도 태백시 통골2길 9
7852021,함태초등학교,강원특별자치도교육청,태백시,K10,강원특별자치도 태백시 소도길 69
7852022,황지중앙초등학교,강원특별자치도교육청,태백시,K10,강원특별자치도 태백시 태백로 810
7852023,황지초등학교,강원특별자치도교육청,태백시,K10,강원특별자치도 태백시 황지로 63
7862022,속초초등학교,강원특별자치도교육청,속초시,K10,강원도 속초시 수복로 117
7862040,상평초등학교공수전분교장,강원특별자치도교육청,양양군,K10,강원도 양양군 서면 구룡령로 2855
7862070,청봉초등학교,강원특별자치도교육청,속초시,K10,강원도 속초시 조양로118번길 9
7863026,강현초등학교,강원특별자치도교육청,양양군,K10,강원특별자치도 양양군 강현면 진미로12번길 22
7863027,광정초등학교,강원특별자치도교육청,양양군,K10,강원특별자치도 양양군 현북면 하조대1길 38
7863028,교동초등학교,강원특별자치도교육청,속초시,K10,강원특별자치도 속초시 만천1길 67
7863029,남애초등학교,강원특별자치도교육청,양양군,K10,강원특별자치도 양양군 현남면 갯마을길 10
7863030,대포초등학교,강원특별자치도교육청,속초시,K10,강원특별자치도 속초시 동해대로 3797
7863031,상평초등학교,강원특별자치도교육청,양양군,K10,강원도 양양군 서면 물윗구미길 25
7863032,설악초등학교,강원특별자치도교육청,속초시,K10,강원특별자치도 속초시 청봉로 51
7863033,소야초등학교,강원특별자치도교육청,속초시,K10,강원특별자치도 속초시 배움터길 42
7863035,손양초등학교,강원특별자치도교육청,양양군,K10,강원특별자치도 양양군 손양면 손중로 202
7863036,송포초등학교,강원특별자치도교육청,양양군,K10,강원특별자치도 양양군 손양면 동명로 321-11
7863037,양양초등학교,강원특별자치도교육청,양양군,K10,강원특별자치도 양양군 양양읍 군청길 39
7863038,영랑초등학교,강원특별자치도교육청,속초시,K10,강원특별자치도 속초시 중앙로 331
7863039,온정초등학교,강원특별자치도교육청,속초시,K10,강원특별자치도 속초시 온천로 107
7863040,인구초등학교,강원특별자치도교육청,양양군,K10,강원특별자치도 양양군 현남면 해송천로 10
7863041,조산초등학교,강원특별자치도교육청,양양군,K10,강원특별자치도 양양군 양양읍 동해대로 3020
7863042,조양초등학교,강원특별자치도교육청,속초시,K10,강원특별자치도 속초시 동해대로 3965
7863043,중앙초등학교,강원특별자치도교육청,속초시,K10,강원특별자치도 속초시 번영로105번길 11
7863044,청대초등학교,강원특별자치도교육청,속초시,K10,강원특별자치도 속초시 소평로 175
7863046,청호초등학교,강원특별자치도교육청,속초시,K10,강원특별자치도 속초시 청호로 60
7863047,한남초등학교,강원특별자치도교육청,양양군,K10,강원특별자치도 양양군 서면 남대천로 218
7863048,현북초등학교,강원특별자치도교육청,양양군,K10,강원특별자치도 양양군 현북면 송이로 222
7863049,현성초등학교,강원특별자치도교육청,양양군,K10,강원특별자치도 양양군 현북면 어성전길 114
7863050,회룡초등학교,강원특별자치도교육청,양양군,K10,강원특별자치도 양양군 강현면 회룡1길 161
7863052,상평초등학교오색분교장,강원특별자치도교육청,양양군,K10,강원특별자치도 양양군 서면 설악로 1173
7872019,근덕초등학교,강원특별자치도교육청,삼척시,K10,강원도 삼척시 근덕면 삼척로 3653
7872020,도계초등학교,강원특별자치도교육청,삼척시,K10,강원특별자치도 삼척시 도계읍 도계로 265
7872021,맹방초등학교,강원특별자치도교육청,삼척시,K10,강원특별자치도 삼척시 근덕면 삼척로 3884-4
7872022,미로초등학교,강원특별자치도교육청,삼척시,K10,강원특별자치도 삼척시 미로면 미로강변로1길 10-11
7872023,삼척남초등학교,강원특별자치도교육청,삼척시,K10,강원특별자치도 삼척시 동해대로 3783-22
7872024,삼척중앙초등학교,강원특별자치도교육청,삼척시,K10,강원특별자치도 삼척시 새천년도로 630-121
7872025,삼척초등학교,강원특별자치도교육청,삼척시,K10,강원특별자치도 삼척시 교동로 43
7872026,서부초등학교,강원특별자치도교육청,삼척시,K10,강원특별자치도 삼척시 오십천로 279
7872027,신동초등학교,강원특별자치도교육청,삼척시,K10,강원도 삼척시 신기면 강원남부로 2997
7872028,오저초등학교,강원특별자치도교육청,삼척시,K10,강원특별자치도 삼척시 가곡면 가곡천로 1430
7872029,임원초등학교,강원특별자치도교육청,삼척시,K10,강원특별자치도 삼척시 원덕읍 삼척로 1246
7872030,장원초등학교,강원특별자치도교육청,삼척시,K10,강원특별자치도 삼척시 도계읍 장원길 25
7872031,장호초등학교,강원특별자치도교육청,삼척시,K10,강원특별자치도 삼척시 근덕면 용화안길 24
7872032,정라초등학교,강원특별자치도교육청,삼척시,K10,강원특별자치도 삼척시 정상로3길 5
7872033,진주초등학교,강원특별자치도교육청,삼척시,K10,강원특별자치도 삼척시 사직로1길 23
7872034,하장초등학교,강원특별자치도교육청,삼척시,K10,강원특별자치도 삼척시 하장면 하장길 84
7872035,호산초등학교,강원특별자치도교육청,삼척시,K10,강원특별자치도 삼척시 원덕읍 삼척로 462-12
7872036,흥전초등학교,강원특별자치도교육청,삼척시,K10,강원특별자치도 삼척시 도계읍 흥전안길 137
7881025,반곡초등학교,강원특별자치도교육청,홍천군,K10,강원도 홍천군 서면 팔봉산로 639
7881029,석화초등학교,강원특별자치도교육청,홍천군,K10,강원도 홍천군 홍천읍 석화안길1길 12
7881030,속초초등학교,강원특별자치도교육청,홍천군,K10,강원도 홍천군 영귀미면 속초길 14
7881034,주봉초등학교,강원특별자치도교육청,홍천군,K10,강원도 홍천군 홍천읍 두루봉1길 16
7881035,창촌초등학교,강원특별자치도교육청,홍천군,K10,강원도 홍천군 내면 구룡령로 5198
7881041,화촌초등학교,강원특별자치도교육청,홍천군,K10,강원도 홍천군 화촌면 성산로147번길 8
7882029,구송초등학교,강원특별자치도교육청,홍천군,K10,강원특별자치도 홍천군 화촌면 홍천로 1105
7882030,남산초등학교,강원특별자치도교육청,홍천군,K10,강원특별자치도 홍천군 홍천읍 연봉로 17-9
7882031,내촌초등학교,강원특별자치도교육청,홍천군,K10,강원특별자치도 홍천군 내촌면 내촌길 21
7882032,대곡초등학교,강원특별자치도교육청,홍천군,K10,강원특별자치도 홍천군 서면 한서로 1843
7882033,두촌초등학교,강원특별자치도교육청,홍천군,K10,강원특별자치도 홍천군 두촌면 자은로 329
7882034,매산초등학교,강원특별자치도교육청,홍천군,K10,강원특별자치도 홍천군 남면 시동안로 351
7882035,명덕초등학교,강원특별자치도교육청,홍천군,K10,강원특별자치도 홍천군 남면 양덕원로 117
7882036,모곡초등학교,강원특별자치도교육청,홍천군,K10,강원특별자치도 홍천군 서면 설밀길 76
7882038,삼생초등학교,강원특별자치도교육청,홍천군,K10,강원특별자치도 홍천군 서석면 구룡령로 2933
7882039,삼포초등학교,강원특별자치도교육청,홍천군,K10,강원특별자치도 홍천군 화촌면 구룡령로 339
7882040,서석초등학교,강원특별자치도교육청,홍천군,K10,강원특별자치도 홍천군 서석면 풍암길 58
7882043,오안초등학교,강원특별자치도교육청,홍천군,K10,강원특별자치도 홍천군 홍천읍 오안로 12
7882044,원당초등학교,강원특별자치도교육청,홍천군,K10,강원특별자치도 홍천군 내면 구룡령로 5931
7882045,율전초등학교,강원특별자치도교육청,홍천군,K10,강원특별자치도 홍천군 내면 방내로 12
7882048,한서초등학교,강원특별자치도교육청,홍천군,K10,강원특별자치도 홍천군 서면 밤벌길2번길 12
7882049,협신초등학교,강원특별자치도교육청,홍천군,K10,강원특별자치도 홍천군 남면 시동안로 89
7882050,홍천초등학교,강원특별자치도교육청,홍천군,K10,강원특별자치도 홍천군 홍천읍 희망로4길 12
7882051,화계초등학교,강원특별자치도교육청,홍천군,K10,강원특별자치도 홍천군 북방면 능평길 10
7882053,서석초등학교청량분교장,강원특별자치도교육청,홍천군,K10,강원특별자치도 홍천군 서석면 청량로 25
7892017,갑천초등학교,강원특별자치도교육청,횡성군,K10,강원특별자치도 횡성군 갑천면 청정로 262
7892018,강림초등학교,강원특별자치도교육청,횡성군,K10,강원특별자치도 횡성군 강림면 태종로강림4길 11
7892019,공근초등학교,강원특별자치도교육청,횡성군,K10,강원특별자치도 횡성군 공근면 영서로 207
7892020,둔내초등학교,강원특별자치도교육청,횡성군,K10,강원특별자치도 횡성군 둔내면 둔내로 47
7892021,서원초등학교,강원특별자치도교육청,횡성군,K10,강원도 횡성군 서원면 서원로 173
7892022,성남초등학교,강원특별자치도교육청,횡성군,K10,강원특별자치도 횡성군 횡성읍 횡성로 109
7892023,성북초등학교,강원특별자치도교육청,횡성군,K10,강원특별자치도 횡성군 횡성읍 성북로 10
7892024,수백초등학교,강원특별자치도교육청,횡성군,K10,강원특별자치도 횡성군 공근면 공근남로 446
7892025,안흥초등학교,강원특별자치도교육청,횡성군,K10,강원특별자치도 횡성군 안흥면 서동로 1257
7892026,우천초등학교,강원특별자치도교육청,횡성군,K10,강원특별자치도 횡성군 우천면 수남로 319
7892027,유현초등학교,강원특별자치도교육청,횡성군,K10,강원특별자치도 횡성군 서원면 경강로 711
7892028,정금초등학교,강원특별자치도교육청,횡성군,K10,강원특별자치도 횡성군 우천면 경강로 3276
7892029,창림초등학교,강원특별자치도교육청,횡성군,K10,강원특별자치도 횡성군 횡성읍 한우로 789
7892030,청일초등학교,강원특별자치도교육청,횡성군,K10,강원특별자치도 횡성군 청일면 청정로 795
7892031,춘당초등학교,강원특별자치도교육청,횡성군,K10,강원특별자치도 횡성군 청일면 청정로 1461
7892032,횡성초등학교,강원특별자치도교육청,횡성군,K10,강원특별자치도 횡성군 횡성읍 교항북로 35
7892033,안흥초등학교덕천분교장,강원특별자치도교육청,횡성군,K10,강원특별자치도 횡성군 안흥면 덕송로 23
7902017,구래초등학교,강원특별자치도교육청,영월군,K10,강원특별자치도 영월군 상동읍 교촌길 20
7902018,내성초등학교,강원특별자치도교육청,영월군,K10,강원특별자치도 영월군 영월읍 내성안길 9
7902019,녹전초등학교,강원특별자치도교육청,영월군,K10,강원특별자치도 영월군 산솔면 유전길 3-2
7902020,마차초등학교,강원특별자치도교육청,영월군,K10,강원특별자치도 영월군 북면 밤재로 221
7902021,무릉초등학교,강원특별자치도교육청,영월군,K10,강원특별자치도 영월군 무릉도원면 중방안길 68
7902022,봉래초등학교,강원특별자치도교육청,영월군,K10,강원특별자치도 영월군 영월읍 중앙로 168-17
7902023,신천초등학교,강원특별자치도교육청,영월군,K10,강원특별자치도 영월군 한반도면 신천길 4
7902024,쌍룡초등학교,강원특별자치도교육청,영월군,K10,강원특별자치도 영월군 한반도면 무동길 50
7902025,연당초등학교,강원특별자치도교육청,영월군,K10,강원특별자치도 영월군 남면 연당로 17
7902026,영월초등학교,강원특별자치도교육청,영월군,K10,강원특별자치도 영월군 영월읍 하송안길 100
7902027,옥동초등학교,강원특별자치도교육청,영월군,K10,강원특별자치도 영월군 김삿갓면 영월동로 1679
7902028,주천초등학교,강원특별자치도교육청,영월군,K10,강원특별자치도 영월군 주천면 주천로89번길 14
7902029,청령포초등학교,강원특별자치도교육청,영월군,K10,강원특별자치도 영월군 영월읍 청령포로 191
7911026,장평초등학교,강원특별자치도교육청,평창군,K10,강원도 평창군 용평면 갈정지길 35-43
7912020,대관령초등학교,강원특별자치도교육청,평창군,K10,강원특별자치도 평창군 대관령면 도암새싹길 11
7912021,거문초등학교,강원특별자치도교육청,평창군,K10,강원특별자치도 평창군 진부면 거문길 24
7912022,계촌초등학교,강원특별자치도교육청,평창군,K10,강원특별자치도 평창군 방림면 계촌길 63
7912023,대화초등학교,강원특별자치도교육청,평창군,K10,강원특별자치도 평창군 대화면 대화중앙로 92-9
7912024,도성초등학교,강원특별자치도교육청,평창군,K10,강원특별자치도 평창군 대관령면 경강로 4177-6
7912025,면온초등학교,강원특별자치도교육청,평창군,K10,강원특별자치도 평창군 봉평면 태기로 493-11
7912026,미탄초등학교,강원특별자치도교육청,평창군,K10,강원특별자치도 평창군 미탄면 미탄중앙로 49
7912027,방림초등학교,강원특별자치도교육청,평창군,K10,강원특별자치도 평창군 방림면 방림1길 9
7912028,봉평초등학교,강원특별자치도교육청,평창군,K10,강원특별자치도 평창군 봉평면 기풍8길 22
7912029,속사초등학교,강원특별자치도교육청,평창군,K10,강원특별자치도 평창군 용평면 운두령로 100
7912030,신리초등학교,강원특별자치도교육청,평창군,K10,강원특별자치도 평창군 대화면 하송빈1길 23
7912031,안미초등학교,강원특별자치도교육청,평창군,K10,강원특별자치도 평창군 대화면 하안미길 11-8
7912033,주진초등학교,강원특별자치도교육청,평창군,K10,강원도 평창군 평창읍 서동로 2051-11
7912034,진부초등학교,강원특별자치도교육청,평창군,K10,강원특별자치도 평창군 진부면 진부새싹길 52
7912035,평창초등학교,강원특별자치도교육청,평창군,K10,강원특별자치도 평창군 평창읍 송학로 71
7912036,호명초등학교,강원특별자치도교육청,평창군,K10,강원특별자치도 평창군 진부면 약수동길 11
7912037,횡계초등학교,강원특별자치도교육청,평창군,K10,강원특별자치도 평창군 대관령면 꽃밭양지길 16-3
7922018,갈래초등학교,강원특별자치도교육청,정선군,K10,강원특별자치도 정선군 고한읍 고한로 300
7922019,고한초등학교,강원특별자치도교육청,정선군,K10,강원특별자치도 정선군 고한읍 고한4길 11
7922020,남선초등학교,강원특별자치도교육청,정선군,K10,강원특별자치도 정선군 남면 칠현로 70
7922021,남평초등학교,강원특별자치도교육청,정선군,K10,강원특별자치도 정선군 북평면 송석길 137
7922022,백전초등학교,강원특별자치도교육청,정선군,K10,강원특별자치도 정선군 화암면 대지산길 22
7922023,벽탄초등학교,강원특별자치도교육청,정선군,K10,강원특별자치도 정선군 정선읍 벽탄길 32
7922024,봉양초등학교,강원특별자치도교육청,정선군,K10,강원특별자치도 정선군 정선읍 녹송7길 1
7922025,북평초등학교,강원특별자치도교육청,정선군,K10,강원특별자치도 정선군 북평면 서동로 2170
7922026,사북초등학교,강원특별자치도교육청,정선군,K10,강원특별자치도 정선군 사북읍 소금강로 3561
7922027,여량초등학교,강원특별자치도교육청,정선군,K10,강원특별자치도 정선군 여량면 서동로 2950
7922028,예미초등학교,강원특별자치도교육청,정선군,K10,강원특별자치도 정선군 신동읍 의림로 327
7922029,임계초등학교,강원특별자치도교육청,정선군,K10,강원특별자치도 정선군 임계면 송계1길 7
7922030,정선초등학교,강원특별자치도교육청,정선군,K10,강원특별자치도 정선군 정선읍 비봉로 15
7922031,증산초등학교,강원특별자치도교육청,정선군,K10,강원특별자치도 정선군 남면 민둥산로 12
7922032,함백초등학교,강원특별자치도교육청,정선군,K10,강원특별자치도 정선군 신동읍 조동6길 17-12
7922033,화동초등학교,강원특별자치도교육청,정선군,K10,강원특별자치도 정선군 화암면 그림바위길 66-20
7922036,정선초등학교가수분교장,강원특별자치도교육청,정선군,K10,강원특별자치도 정선군 정선읍 수미길 7
7932014,근남초등학교,강원특별자치도교육청,철원군,K10,강원특별자치도 철원군 근남면 육단2길 34
7932015,김화초등학교,강원특별자치도교육청,철원군,K10,강원특별자치도 철원군 김화읍 김화로 551
7932016,내대초등학교,강원특별자치도교육청,철원군,K10,강원특별자치도 철원군 갈말읍 두루미로 422-21
7932017,도창초등학교,강원특별자치도교육청,철원군,K10,강원도 철원군 김화읍 도창2길 7-2
7932018,동송초등학교,강원특별자치도교육청,철원군,K10,강원특별자치도 철원군 동송읍 금학로187번길 16-13
7932019,묘장초등학교,강원특별자치도교육청,철원군,K10,강원도 철원군 철원읍 묘장로 344
7932020,문혜초등학교,강원특별자치도교육청,철원군,K10,강원특별자치도 철원군 갈말읍 태봉로 1556
7932021,서면초등학교,강원특별자치도교육청,철원군,K10,강원특별자치도 철원군 서면 자등로 634
7932022,신철원초등학교,강원특별자치도교육청,철원군,K10,강원특별자치도 철원군 갈말읍 명성로139번안길 45
7932023,오덕초등학교,강원특별자치도교육청,철원군,K10,강원특별자치도 철원군 동송읍 오덕로 159
7932024,와수초등학교,강원특별자치도교육청,철원군,K10,강원특별자치도 철원군 서면 와수로 119
7932025,용정초등학교,강원특별자치도교육청,철원군,K10,강원도 철원군 동송읍 상노2길 11
7932026,장흥초등학교,강원특별자치도교육청,철원군,K10,강원특별자치도 철원군 동송읍 태봉로 2017
7932027,철원초등학교,강원특별자치도교육청,철원군,K10,강원특별자치도 철원군 철원읍 금학로 297-18
7932028,청양초등학교,강원특별자치도교육청,철원군,K10,강원특별자치도 철원군 김화읍 청양로 381-19
7932029,토성초등학교,강원특별자치도교육청,철원군,K10,강원특별자치도 철원군 갈말읍 토성길 43
7942016,광덕초등학교,강원특별자치도교육청,화천군,K10,강원특별자치도 화천군 사내면 포화로 817
7942017,다목초등학교,강원특별자치도교육청,화천군,K10,강원도 화천군 상서면 다파로 9-4
7942019,사내초등학교,강원특별자치도교육청,화천군,K10,강원특별자치도 화천군 사내면 사내로3길 13
7942020,산양초등학교,강원특별자치도교육청,화천군,K10,강원특별자치도 화천군 상서면 영서로 7778
7942021,상승초등학교,강원특별자치도교육청,화천군,K10,강원특별자치도 화천군 상서면 평촌길 126-30
7942022,실내초등학교,강원특별자치도교육청,화천군,K10,강원특별자치도 화천군 사내면 실내길 26
7942024,용암초등학교,강원특별자치도교육청,화천군,K10,강원도 화천군 하남면 용화산로 1325
7942025,원천초등학교,강원특별자치도교육청,화천군,K10,강원도 화천군 하남면 원천새싹길 16
7942026,유촌초등학교,강원특별자치도교육청,화천군,K10,강원특별자치도 화천군 간동면 파로호로 935-9
7942027,풍산초등학교,강원특별자치도교육청,화천군,K10,강원특별자치도 화천군 화천읍 평화로 1284
7942028,화천초등학교,강원특별자치도교육청,화천군,K10,강원도 화천군 화천읍 화천새싹길 57
7952013,도촌초등학교,강원특별자치도교육청,양구군,K10,강원도 양구군 국토정중앙면 정중앙로 259
7952014,방산초등학교,강원특별자치도교육청,양구군,K10,강원특별자치도 양구군 방산면 평화로 5121-7
7952015,비봉초등학교,강원특별자치도교육청,양구군,K10,강원특별자치도 양구군 양구읍 관공서로 56
7952016,양구초등학교,강원특별자치도교육청,양구군,K10,강원특별자치도 양구군 양구읍 양구새싹로 48
7952017,용하초등학교,강원특별자치도교육청,양구군,K10,강원특별자치도 양구군 국토정중앙면 정중앙로 624-7
7952018,원당초등학교,강원특별자치도교육청,양구군,K10,강원특별자치도 양구군 동면 원당길52번길 9-17
7952019,임당초등학교,강원특별자치도교육청,양구군,K10,강원특별자치도 양구군 동면 금강산로 1673
7952020,죽리초등학교,강원특별자치도교육청,양구군,K10,강원도 양구군 국토정중앙면 춘양로 2726
7952021,한전초등학교,강원특별자치도교육청,양구군,K10,강원특별자치도 양구군 양구읍 금강산로 858
7952022,해안초등학교,강원특별자치도교육청,양구군,K10,강원특별자치도 양구군 해안면 펀치볼로 1341-33
7961011,기린초등학교,강원특별자치도교육청,인제군,K10,강원도 인제군 기린면 기린로 76
7961022,하남초등학교,강원특별자치도교육청,인제군,K10,강원도 인제군 상남면 내린천로 3195
7961023,한계초등학교,강원특별자치도교육청,인제군,K10,강원도 인제군 북면 한계1길 33
7962015,귀둔초등학교,강원특별자치도교육청,인제군,K10,강원특별자치도 인제군 인제읍 점봉산로 51
7962017,부평초등학교,강원특별자치도교육청,인제군,K10,강원특별자치도 인제군 남면 신남로94번길 7
7962018,상남초등학교,강원특별자치도교육청,인제군,K10,강원특별자치도 인제군 상남면 내린천로 2548
7962019,서화초등학교,강원특별자치도교육청,인제군,K10,강원특별자치도 인제군 서화면 금강로 1490
7962020,어론초등학교,강원특별자치도교육청,인제군,K10,강원특별자치도 인제군 남면 설악로 198
7962021,용대초등학교,강원특별자치도교육청,인제군,K10,강원특별자치도 인제군 북면 미시령로 1031
7962022,원통초등학교,강원특별자치도교육청,인제군,K10,강원특별자치도 인제군 북면 원통로 129
7962023,월학초등학교,강원특별자치도교육청,인제군,K10,강원특별자치도 인제군 북면 금강로 732
7962024,인제남초등학교,강원특별자치도교육청,인제군,K10,강원도 인제군 인제읍 인제로156번길 34
7962025,인제초등학교,강원특별자치도교육청,인제군,K10,강원특별자치도 인제군 인제읍 인제로277번길 20
7962028,기린초등학교진동분교장,강원특별자치도교육청,인제군,K10,강원도 인제군 기린면 설피밭길 432
7972013,간성초등학교,강원특별자치도교육청,고성군,K10,강원특별자치도 고성군 간성읍 간성로39번길20
7972014,거성초등학교,강원특별자치도교육청,고성군,K10,강원특별자치도 고성군 거진읍 거성길 38
7972015,거진초등학교,강원특별자치도교육청,고성군,K10,강원특별자치도 고성군 거진읍 자산길 19
7972016,공현진초등학교,강원특별자치도교육청,고성군,K10,강원특별자치도 고성군 죽왕면 공현진한옥길 49
7972017,광산초등학교,강원특별자치도교육청,고성군,K10,강원특별자치도 고성군 간성읍 진부령로 2427
7972018,대진초등학교,강원특별자치도교육청,고성군,K10,강원특별자치도 고성군 현내면 대진3길 15
7972019,도학초등학교,강원특별자치도교육청,고성군,K10,강원특별자치도 고성군 토성면 무릉도원로 486
7972020,동광초등학교,강원특별자치도교육청,고성군,K10,강원특별자치도 고성군 토성면 교암1길 15
7972021,아야진초등학교,강원특별자치도교육청,고성군,K10,강원특별자치도 고성군 토성면 아야진길 15
7972022,오호초등학교,강원특별자치도교육청,고성군,K10,강원특별자치도 고성군 죽왕면 황포길 28
7972023,인흥초등학교,강원특별자치도교육청,고성군,K10,강원특별자치도 고성군 토성면 인흥1길 26
7972024,죽왕초등학교,강원특별자치도교육청,고성군,K10,강원특별자치도 고성군 죽왕면 송지호로 6
7972025,천진초등학교,강원특별자치도교육청,고성군,K10,강원특별자치도 고성군 토성면 천진1길 14
8011125,서현초등학교,충청북도교육청,청주시,M10,충청북도 청주시 흥덕구 서현중로 7
8011128,직지초등학교,충청북도교육청,청주시,M10,충청북도 청주시 흥덕구 공단로99번길 22
8011143,솔밭초등학교,충청북도교육청,청주시,M10,충청북도 청주시 흥덕구 대농로 42
8011158,산성초등학교,충청북도교육청,청주시,M10,충청북도 청주시 상당구 호미로 306
8011159,서경초등학교,충청북도교육청,청주시,M10,충청북도 청주시 흥덕구 서경로 19
8011160,주중초등학교,충청북도교육청,청주시,M10,충청북도 청주시 청원구 주성로 223
8011161,봉덕초등학교,충청북도교육청,청주시,M10,충청북도 청주시 흥덕구 덕암로68번길 9
8011162,중앙초등학교,충청북도교육청,청주시,M10,충청북도 청주시 청원구 율봉로 287
8011163,가경초등학교,충청북도교육청,청주시,M10,충청북도 청주시 흥덕구 장구봉로 93
8011164,강서초등학교,충청북도교육청,청주시,M10,충청북도 청주시 흥덕구 비하로9번길 38
8011165,개신초등학교,충청북도교육청,청주시,M10,충청북도 청주시 서원구 신율로 20
8011166,경산초등학교,충청북도교육청,청주시,M10,충청북도 청주시 흥덕구 경산로 82-12
8011167,교동초등학교,충청북도교육청,청주시,M10,충청북도 청주시 상당구 용암로 6
8011168,금천초등학교,충청북도교육청,청주시,M10,충청북도 청주시 상당구 수영로 248
8011169,남성초등학교,충청북도교육청,청주시,M10,충청북도 청주시 서원구 청남로 1964
8011171,동주초등학교,충청북도교육청,청주시,M10,충청북도 청주시 상당구 호미로 269
8011172,덕벌초등학교,충청북도교육청,청주시,M10,충청북도 청주시 청원구 1순환로339번길 86
8011173,덕성초등학교,충청북도교육청,청주시,M10,충청북도 청주시 청원구 공항로 113
8011174,모충초등학교,충청북도교육청,청주시,M10,충청북도 청주시 서원구 쌍샘로 49
8011175,복대초등학교,충청북도교육청,청주시,M10,충청북도 청주시 흥덕구 홍골로 58
8011176,봉명초등학교,충청북도교육청,청주시,M10,충청북도 청주시 흥덕구 봉명로141번길 3
8011177,봉정초등학교,충청북도교육청,청주시,M10,충청북도 청주시 흥덕구 월명로140번길 37
8011178,북일초등학교,충청북도교육청,청주시,M10,충청북도 청주시 청원구 주중로 13-19
8011179,분평초등학교,충청북도교육청,청주시,M10,충청북도 청주시 서원구 무심서로 205
8011180,사직초등학교,충청북도교육청,청주시,M10,충청북도 청주시 서원구 남사로 25
8011181,사천초등학교,충청북도교육청,청주시,M10,충청북도 청주시 청원구 주성로 121
8011182,산남초등학교,충청북도교육청,청주시,M10,충청북도 청주시 서원구 산남로 102
8011183,상당초등학교,충청북도교육청,청주시,M10,충청북도 청주시 상당구 동남로 151
8011184,새터초등학교,충청북도교육청,청주시,M10,충청북도 청주시 청원구 새터로 224
8011185,샛별초등학교,충청북도교육청,청주시,M10,충청북도 청주시 서원구 원흥로 24
8011186,서원초등학교,충청북도교육청,청주시,M10,충청북도 청주시 흥덕구 가로수로 1340-6
8011187,서촌초등학교,충청북도교육청,청주시,M10,충청북도 청주시 흥덕구 동촌로 126
8011188,석교초등학교,충청북도교육청,청주시,M10,충청북도 청주시 상당구 대성로 14
8011189,성화초등학교,충청북도교육청,청주시,M10,충청북도 청주시 서원구 신화로 22
8011190,수곡초등학교,충청북도교육청,청주시,M10,충청북도 청주시 서원구 수곡로 73
8011191,용담초등학교,충청북도교육청,청주시,M10,충청북도 청주시 상당구 용담로105번길 32
8011192,용성초등학교,충청북도교육청,청주시,M10,충청북도 청주시 상당구 호미로 167
8011193,용암초등학교,충청북도교육청,청주시,M10,충청북도 청주시 상당구 원봉로 55
8011194,우암초등학교,충청북도교육청,청주시,M10,충청북도 청주시 청원구 상당로 204
8011195,운동초등학교,충청북도교육청,청주시,M10,충청북도 청주시 상당구 운동로 31
8011196,운천초등학교,충청북도교육청,청주시,M10,충청북도 청주시 흥덕구 무심서로 721
8011197,원봉초등학교,충청북도교육청,청주시,M10,충청북도 청주시 상당구 월평로 153번길 25
8011198,원평초등학교,충청북도교육청,청주시,M10,충청북도 청주시 서원구 원마루로 32
8011199,율량초등학교,충청북도교육청,청주시,M10,충청북도 청주시 청원구 율봉로212번길 14
8011200,주성초등학교,충청북도교육청,청주시,M10,충청북도 청주시 상당구 교서로 45
8011201,죽림초등학교,충청북도교육청,청주시,M10,충청북도 청주시 서원구 대림로 473
8011202,증안초등학교,충청북도교육청,청주시,M10,충청북도 청주시 흥덕구 진재로47번길 45
8011203,창신초등학교,충청북도교육청,청주시,M10,충청북도 청주시 서원구 1순환로709번길 44
8011204,청남초등학교,충청북도교육청,청주시,M10,충청북도 청주시 상당구 단재로 109
8011205,청주내덕초등학교,충청북도교육청,청주시,M10,충청북도 청주시 청원구 안덕벌로52번길 22-1
8011206,풍광초등학교,충청북도교육청,청주시,M10,충청북도 청주시 흥덕구 풍산로47번길 58
8011207,한벌초등학교,충청북도교육청,청주시,M10,충청북도 청주시 서원구 흥덕로 16
8011208,한솔초등학교,충청북도교육청,청주시,M10,충청북도 청주시 서원구 구룡산로 291
8011209,흥덕초등학교,충청북도교육청,청주시,M10,충청북도 청주시 흥덕구 흥덕로 121
8011211,경덕초등학교,충청북도교육청,청주시,M10,충청북도 청주시 흥덕구 장구봉로 36
8011212,진흥초등학교,충청북도교육청,청주시,M10,충청북도 청주시 흥덕구 증안로 107
8011213,남평초등학교,충청북도교육청,청주시,M10,충청북도 청주시 서원구 월평로 35
8011218,용담초등학교현양원분교장,충청북도교육청,청주시,M10,충청북도 청주시 상당구 산성로658번길 301
8011235,청주대성초등학교,충청북도교육청,청주시,M10,충청북도 청주시 청원구 대성로300번길 34
8011289,가덕초등학교,충청북도교육청,청주시,M10,충청북도 청주시 상당구 가덕면 단재로 1448
8011290,각리초등학교,충청북도교육청,청주시,M10,충청북도 청주시 청원구 오창읍 오창중앙로 47-8
8011291,갈원초등학교,충청북도교육청,청주시,M10,충청북도 청주시 서원구 남이면 저산척북로 375
8011292,강내초등학교,충청북도교육청,청주시,M10,충청북도 청주시 흥덕구 강내면 태성탑연로 117
8011294,남이초등학교,충청북도교육청,청주시,M10,충청북도 청주시 서원구 남이면 대련길 61
8011295,남일초등학교,충청북도교육청,청주시,M10,충청북도 청주시 상당구 남일면 단재로 630
8011296,낭성초등학교,충청북도교육청,청주시,M10,충청북도 청주시 상당구 낭성면 낭성시내길 5
8011297,내수초등학교,충청북도교육청,청주시,M10,충청북도 청주시 청원구 내수읍 마산1길 114-1
8011298,대길초등학교,충청북도교육청,청주시,M10,충청북도 청주시 청원구 북이면 대길길 28-24
8011299,동화초등학교,충청북도교육청,청주시,M10,충청북도 청주시 상당구 남일면 척산화당로 539
8011300,만수초등학교,충청북도교육청,청주시,M10,충청북도 청주시 흥덕구 오송읍 만수2길 11
8011301,비봉초등학교,충청북도교육청,청주시,M10,충청북도 청주시 청원구 오창읍 구룡2길 10
8011302,문의초등학교,충청북도교육청,청주시,M10,충청북도 청주시 상당구 문의면 문의시내1길 28-23
8011303,문의초등학교도원분교장,충청북도교육청,청주시,M10,충청북도 청주시 상당구 문의면 두모1길 13-14
8011304,미원초등학교,충청북도교육청,청주시,M10,충청북도 청주시 상당구 미원면 단재로 2482
8011305,미원초등학교금관분교장,충청북도교육청,청주시,M10,충청북도 청주시 상당구 미원면 운암계원로 601
8011306,북이초등학교,충청북도교육청,청주시,M10,충청북도 청주시 청원구 북이면 의암로 342
8011307,비상초등학교,충청북도교육청,청주시,M10,충청북도 청주시 청원구 내수읍 세교초정로 171
8011308,상봉초등학교,충청북도교육청,청주시,M10,충청북도 청주시 흥덕구 오송읍 상봉길 9
8011309,석성초등학교,충청북도교육청,청주시,M10,충청북도 청주시 청원구 북이면 화상석성로 505
8011310,수성초등학교,충청북도교육청,청주시,M10,충청북도 청주시 청원구 내수읍 내수로 601
8011311,수성초등학교구성분교장,충청북도교육청,청주시,M10,충청북도 청주시 청원구 내수읍 충청대로 452
8011312,신송초등학교,충청북도교육청,청주시,M10,충청북도 청주시 상당구 남일면 신송2길 46
8011313,오창초등학교,충청북도교육청,청주시,M10,충청북도 청주시 청원구 오창읍 팔결로 690
8011316,옥산초등학교,충청북도교육청,청주시,M10,충청북도 청주시 흥덕구 옥산면 옥산시내1길 19
8011318,옥포초등학교,충청북도교육청,청주시,M10,충청북도 청주시 서원구 현도면 죽전1길 45-7
8011319,행정초등학교,충청북도교육청,청주시,M10,충청북도 청주시 상당구 가덕면 상장인차로 277
8011320,현도초등학교,충청북도교육청,청주시,M10,충청북도 청주시 서원구 현도면 청남로 248
8011321,청원초등학교,충청북도교육청,청주시,M10,충청북도 청주시 청원구 오창읍 과학산업3로 228
8011335,창리초등학교,충청북도교육청,청주시,M10,충청북도 청주시 청원구 2산단2로 32
8011337,오송초등학교,충청북도교육청,청주시,M10,충청북도 청주시 흥덕구 오송읍 오송2길 26
8011348,단재초등학교,충청북도교육청,청주시,M10,충청북도 청주시 상당구 단재로 350
8011349,양청초등학교,충청북도교육청,청주시,M10,충청북도 청주시 청원구 오창읍 양청택지3길 15
8011350,청주내곡초등학교,충청북도교육청,청주시,M10,충청북도 청주시 흥덕구 송화로214번길 30
8011351,청주소로초등학교,충청북도교육청,청주시,M10,충청북도 청주시 흥덕구 옥산면 오송가락로 1020
8011371,용아초등학교,충청북도교육청,청주시,M10,충청북도 청주시 상당구 중고개로142번길 32-15
8011372,생명초등학교,충청북도교육청,청주시,M10,충청북도 청주시 청원구 오창읍 중부로 772
8011389,오송솔미초등학교,충청북도교육청,청주시,M10,충청북도 청주시 흥덕구 오송읍 오송생명12로 83
8011393,솔강초등학교,충청북도교육청,청주시,M10,충청북도 청주시 흥덕구 오송읍 오송생명8로 95
8021006,충주금릉초등학교,충청북도교육청,충주시,M10,충청북도 충주시 금봉대로 792
8021028,국원초등학교,충청북도교육청,충주시,M10,충청북도 충주시 국원초1길 47
8021046,가흥초등학교,충청북도교육청,충주시,M10,충청북도 충주시 중앙탑면 가곡로 2037
8021048,금가초등학교,충청북도교육청,충주시,M10,충청북도 충주시 금가면 가마골길 16
8021050,노은초등학교,충청북도교육청,충주시,M10,충청북도 충주시 노은면 연하중앙길 27
8021051,단월초등학교,충청북도교육청,충주시,M10,충청북도 충주시 신대2길 12
8021052,달천초등학교,충청북도교육청,충주시,M10,충청북도 충주시 중원대로 3846
8021053,대미초등학교,충청북도교육청,충주시,M10,충청북도 충주시 동량면 대미길 62
8021055,덕신초등학교,충청북도교육청,충주시,M10,충청북도 충주시 주덕읍 매남구술길 12
8021057,동량초등학교,충청북도교육청,충주시,M10,충청북도 충주시 동량면 대전조돈길 395
8021058,목행초등학교,충청북도교육청,충주시,M10,충청북도 충주시 목행초길 16
8021059,산척초등학교,충청북도교육청,충주시,M10,충청북도 충주시 산척면 천등박달로 134
8021060,세성초등학교,충청북도교육청,충주시,M10,충청북도 충주시 살미면 매남이길 31
8021061,소태초등학교,충청북도교육청,충주시,M10,충청북도 충주시 소태면 쟁골2길 1
8021062,수안보초등학교,충청북도교육청,충주시,M10,충청북도 충주시 수안보면 동진이1길 24
8021063,수회초등학교,충청북도교육청,충주시,M10,충청북도 충주시 수안보면 수회리로 88
8021064,앙성초등학교,충청북도교육청,충주시,M10,충청북도 충주시 앙성면 내용2길 38
8021066,엄정초등학교,충청북도교육청,충주시,M10,충청북도 충주시 엄정면 내창로 199-5
8021067,연수초등학교,충청북도교육청,충주시,M10,충청북도 충주시 번영대로 181
8021068,오석초등학교,충청북도교육청,충주시,M10,충청북도 충주시 금가면 김생로 456
8021069,용원초등학교,충청북도교육청,충주시,M10,충청북도 충주시 신니면 안용원로 6
8021070,주덕초등학교,충청북도교육청,충주시,M10,충청북도 충주시 주덕읍 신중신촌2길 10
8021071,충주교현초등학교,충청북도교육청,충주시,M10,충청북도 충주시 교동2길 15
8021072,충주남산초등학교,충청북도교육청,충주시,M10,충청북도 충주시 거룡2길 31
8021073,충주대림초등학교,충청북도교육청,충주시,M10,충청북도 충주시 대림1길 28
8021074,충주삼원초등학교,충청북도교육청,충주시,M10,충청북도 충주시 삼원로 128
8021075,충주성남초등학교,충청북도교육청,충주시,M10,충청북도 충주시 염밭로 101
8021076,충주예성초등학교,충청북도교육청,충주시,M10,충청북도 충주시 주봉1길 25
8021077,충주용산초등학교,충청북도교육청,충주시,M10,충청북도 충주시 남산로 109
8021078,충주중앙초등학교,충청북도교육청,충주시,M10,충청북도 충주시 연원5길 19
8021079,칠금초등학교,충청북도교육청,충주시,M10,충청북도 충주시 칠금18길 21
8021080,탄금초등학교,충청북도교육청,충주시,M10,충청북도 충주시 우륵로 55
8021082,달천초등학교매현분교장,충청북도교육청,충주시,M10,충청북도 충주시 대소원면 매현새터2길 10
8021134,충주중앙탑초등학교,충청북도교육청,충주시,M10,충청북도 충주시 중앙탑면 원앙4길 52
8021142,충주남한강초등학교,충청북도교육청,충주시,M10,충청북도 충주시 호암수청2로 55
8021144,충주대소원초등학교,충청북도교육청,충주시,M10,충청북도 충주시 대소원면 첨단산업4로 48
8021148,용원초등학교동락분교장,충청북도교육청,충주시,M10,충청북도 충주시 신니면 신덕로 301
8021152,주덕화곡초등학교,충청북도교육청,충주시,M10,충청북도 충주시 주덕읍 화개4길 63
8031018,금성초등학교,충청북도교육청,제천시,M10,충청북도 제천시 금성면 국사봉로 1615
8031019,남당초등학교,충청북도교육청,제천시,M10,충청북도 제천시 청풍호로2길 4-5
8031020,남천초등학교,충청북도교육청,제천시,M10,충청북도 제천시 풍양로21안길 25
8031021,내토초등학교,충청북도교육청,제천시,M10,충청북도 제천시 관전로 99
8031022,동명초등학교,충청북도교육청,제천시,M10,충청북도 제천시 원뜰로 35
8031023,두학초등학교,충청북도교육청,제천시,M10,충청북도 제천시 의병대로 415
8031024,명지초등학교,충청북도교육청,제천시,M10,충청북도 제천시 강명길 21
8031025,백운초등학교,충청북도교육청,제천시,M10,충청북도 제천시 백운면 구학산로 45
8031026,봉양초등학교,충청북도교육청,제천시,M10,충청북도 제천시 봉양읍 팔송로 59
8031027,송학초등학교,충청북도교육청,제천시,M10,충청북도 제천시 송학면 시곡포전로 7
8031028,수산초등학교,충청북도교육청,제천시,M10,충청북도 제천시 수산면 지곡로 12
8031029,신백초등학교,충청북도교육청,제천시,M10,충청북도 제천시 관전로1길 28
8031030,왕미초등학교,충청북도교육청,제천시,M10,충청북도 제천시 봉양읍 용두대로 575
8031031,용두초등학교,충청북도교육청,제천시,M10,충청북도 제천시 용두대로21길 36
8031032,의림초등학교,충청북도교육청,제천시,M10,충청북도 제천시 독순로 33
8031034,장락초등학교,충청북도교육청,제천시,M10,충청북도 제천시 죽하로 25
8031035,제천덕산초등학교,충청북도교육청,제천시,M10,충청북도 제천시 덕산면 약초로 133
8031036,제천중앙초등학교,충청북도교육청,제천시,M10,충청북도 제천시 고암로 7
8031037,청풍초등학교,충청북도교육청,제천시,M10,충청북도 제천시 청풍면 청풍호로 2194
8031038,한송초등학교,충청북도교육청,제천시,M10,충청북도 제천시 한수면 미륵송계로6길 12
8031039,홍광초등학교,충청북도교육청,제천시,M10,충청북도 제천시 의림대로44길 51
8031040,화당초등학교,충청북도교육청,제천시,M10,충청북도 제천시 백운면 화당로 33
8031041,화산초등학교,충청북도교육청,제천시,M10,충청북도 제천시 내토로41길 18
8051011,관기초등학교,충청북도교육청,보은군,M10,충청북도 보은군 마로면 관기송현로 109
8051012,내북초등학교,충청북도교육청,보은군,M10,충청북도 보은군 내북면 화전길 20
8051013,동광초등학교,충청북도교육청,보은군,M10,충청북도 보은군 보은읍 동광길 26
8051016,세중초등학교,충청북도교육청,보은군,M10,충청북도 보은군 마로면 세중1길 2
8051017,속리초등학교,충청북도교육청,보은군,M10,충청북도 보은군 장안면 장안2길 2
8051019,수정초등학교,충청북도교육청,보은군,M10,충청북도 보은군 속리산면 사내1길 125
8051020,수한초등학교,충청북도교육청,보은군,M10,충청북도 보은군 수한면 안내보은로 1022
8051021,종곡초등학교,충청북도교육청,보은군,M10,충청북도 보은군 보은읍 강신1길 12-7
8051022,탄부초등학교,충청북도교육청,보은군,M10,충청북도 보은군 탄부면 덕동벽지길 13
8051023,판동초등학교,충청북도교육청,보은군,M10,충청북도 보은군 삼승면 삼승탄부로 78-15
8051024,회남초등학교,충청북도교육청,보은군,M10,충청북도 보은군 회남면 회남로 1901-1
8051025,회인초등학교,충청북도교육청,보은군,M10,충청북도 보은군 회인면 회인로1길 10-8
8051046,보은삼산초등학교,충청북도교육청,보은군,M10,충청북도 보은군 보은읍 보은로 109-6
8051056,판동초등학교송죽분교장,충청북도교육청,보은군,M10,충청북도 보은군 삼승면 남부로 3927
8061010,군남초등학교,충청북도교육청,옥천군,M10,충청북도 옥천군 옥천읍 서대구일로 10
8061011,군서초등학교,충청북도교육청,옥천군,M10,충청북도 옥천군 군서면 성왕로 517
8061013,동이초등학교,충청북도교육청,옥천군,M10,충청북도 옥천군 동이면 평산길 6
8061014,삼양초등학교,충청북도교육청,옥천군,M10,충청북도 옥천군 옥천읍 성암1길 9
8061015,안남초등학교,충청북도교육청,옥천군,M10,충청북도 옥천군 안남면 연주길 60
8061016,안내초등학교,충청북도교육청,옥천군,M10,충청북도 옥천군 안내면 현리길 74
8061017,이원초등학교,충청북도교육청,옥천군,M10,충청북도 옥천군 이원면 신흥길 25
8061018,죽향초등학교,충청북도교육청,옥천군,M10,충청북도 옥천군 옥천읍 향수1길 26
8061019,증약초등학교,충청북도교육청,옥천군,M10,충청북도 옥천군 군북면 옥천로 1006-22
8061020,청산초등학교,충청북도교육청,옥천군,M10,충청북도 옥천군 청산면 지전길 36-19
8061021,청성초등학교,충청북도교육청,옥천군,M10,충청북도 옥천군 청성면 산계길 63
8061022,동이초등학교우산분교장,충청북도교육청,옥천군,M10,충청북도 옥천군 동이면 우산로2길 23
8061024,증약초등학교대정분교장,충청북도교육청,옥천군,M10,충청북도 옥천군 군북면 방아실길 3-2
8061046,장야초등학교,충청북도교육청,옥천군,M10,충청북도 옥천군 옥천읍 장야3길 25
8071014,구룡초등학교,충청북도교육청,영동군,M10,충청북도 영동군 용산면 용산로 366
8071015,매곡초등학교,충청북도교육청,영동군,M10,충청북도 영동군 매곡면 민주지산로 3609
8071017,부용초등학교,충청북도교육청,영동군,M10,충청북도 영동군 영동읍 학산영동로 1155
8071018,상촌초등학교,충청북도교육청,영동군,M10,충청북도 영동군 상촌면 임산2길 20
8071019,심천초등학교,충청북도교육청,영동군,M10,충청북도 영동군 심천면 심천로 52
8071020,양강초등학교,충청북도교육청,영동군,M10,충청북도 영동군 양강면 학산영동로 817
8071021,양산초등학교,충청북도교육청,영동군,M10,충청북도 영동군 양산면 금강로 1500
8071022,영동초등학교,충청북도교육청,영동군,M10,충청북도 영동군 영동읍 영동천2길 47
8071023,용화초등학교,충청북도교육청,영동군,M10,충청북도 영동군 용화면 용화양강로 32
8071024,이수초등학교,충청북도교육청,영동군,M10,충청북도 영동군 영동읍 영산로4길 9
8071025,초강초등학교,충청북도교육청,영동군,M10,충청북도 영동군 심천면 초강로 97
8071026,추풍령초등학교,충청북도교육청,영동군,M10,충청북도 영동군 추풍령면 추풍령로2길 7
8071027,학산초등학교,충청북도교육청,영동군,M10,충청북도 영동군 학산면 서산동길 12-9
8071028,황간초등학교,충청북도교육청,영동군,M10,충청북도 영동군 황간면 남성1길 25
8081010,구정초등학교,충청북도교육청,진천군,M10,충청북도 진천군 초평면 원댕이길 3
8081011,금구초등학교,충청북도교육청,진천군,M10,충청북도 진천군 이월면 진광로 972-12
8081012,만승초등학교,충청북도교육청,진천군,M10,충청북도 진천군 광혜원면 중리길 11
8081013,문백초등학교,충청북도교육청,진천군,M10,충청북도 진천군 문백면 봉죽길 22
8081014,문상초등학교,충청북도교육청,진천군,M10,충청북도 진천군 문백면 농다리로 1232
8081015,백곡초등학교,충청북도교육청,진천군,M10,충청북도 진천군 백곡면 안구수길 20
8081017,성암초등학교,충청북도교육청,진천군,M10,충청북도 진천군 진천읍 금사로 359
8081018,옥동초등학교,충청북도교육청,진천군,M10,충청북도 진천군 덕산읍 예지로 43
8081019,이월초등학교,충청북도교육청,진천군,M10,충청북도 진천군 이월면 송림6길 26
8081020,진천삼수초등학교,충청북도교육청,진천군,M10,충청북도 진천군 진천읍 중앙서3길 6
8081021,진천상산초등학교,충청북도교육청,진천군,M10,충청북도 진천군 진천읍 상산로 35
8081022,초평초등학교,충청북도교육청,진천군,M10,충청북도 진천군 초평면 초동로 143
8081023,학성초등학교,충청북도교육청,진천군,M10,충청북도 진천군 이월면 진광로 398
8081024,한천초등학교,충청북도교육청,진천군,M10,충청북도 진천군 덕산읍 초금로 687-2
8081053,진천상신초등학교,충청북도교육청,진천군,M10,충청북도 진천군 덕산읍 대월로 107
8092019,감물초등학교,충청북도교육청,괴산군,M10,충청북도 괴산군 감물면 남양동길 38
8092020,괴산명덕초등학교,충청북도교육청,괴산군,M10,충청북도 괴산군 괴산읍 읍내로4길 53
8092021,도안초등학교,충청북도교육청,증평군,M10,충청북도 증평군 도안면 화성로 101
8092022,동인초등학교,충청북도교육청,괴산군,M10,충청북도 괴산군 괴산읍 읍내로2길 15-8
8092023,목도초등학교,충청북도교육청,괴산군,M10,충청북도 괴산군 불정면 목도로 42-1
8092024,문광초등학교,충청북도교육청,괴산군,M10,충청북도 괴산군 문광면 괴산로 3446
8092025,백봉초등학교,충청북도교육청,괴산군,M10,충청북도 괴산군 청안면 질마로 1456
8092026,보광초등학교,충청북도교육청,괴산군,M10,충청북도 괴산군 사리면 사리로 246
8092027,삼보초등학교,충청북도교육청,증평군,M10,충청북도 증평군 증평읍 삼보로 140
8092028,소수초등학교,충청북도교육청,괴산군,M10,충청북도 괴산군 소수면 소수로 131
8092029,송면초등학교,충청북도교육청,괴산군,M10,충청북도 괴산군 청천면 송면2길 13
8092030,연풍초등학교,충청북도교육청,괴산군,M10,충청북도 괴산군 연풍면 중앙로 53
8092031,장연초등학교,충청북도교육청,괴산군,M10,충청북도 괴산군 장연면 미선로오가5길 1
8092032,죽리초등학교,충청북도교육청,증평군,M10,충청북도 증평군 증평읍 남하길 233
8092033,증평초등학교,충청북도교육청,증평군,M10,충청북도 증평군 증평읍 광장로 152
8092034,청안초등학교,충청북도교육청,괴산군,M10,충청북도 괴산군 청안면 청안읍내로3길 8
8092035,청천초등학교,충청북도교육청,괴산군,M10,충청북도 괴산군 청천면 청천6길 10
8092037,칠성초등학교,충청북도교육청,괴산군,M10,충청북도 괴산군 칠성면 사평길 28
8101015,감곡초등학교,충청북도교육청,음성군,M10,충청북도 음성군 감곡면 장감로 207
8101016,남신초등학교,충청북도교육청,음성군,M10,충청북도 음성군 음성읍 설성로 33-20
8101018,대소초등학교,충청북도교육청,음성군,M10,충청북도 음성군 대소읍 오태로 110-12
8101020,맹동초등학교,충청북도교육청,음성군,M10,충청북도 음성군 맹동면 대동로 9
8101021,무극초등학교,충청북도교육청,음성군,M10,충청북도 음성군 금왕읍 금석로 64
8101022,부윤초등학교,충청북도교육청,음성군,M10,충청북도 음성군 대소읍 신내로 110
8101023,삼성초등학교,충청북도교육청,음성군,M10,충청북도 음성군 삼성면 덕정로 41
8101024,생극초등학교,충청북도교육청,음성군,M10,충청북도 음성군 생극면 음성로 1649-8
8101025,소이초등학교,충청북도교육청,음성군,M10,충청북도 음성군 소이면 한불로 564
8101026,수봉초등학교,충청북도교육청,음성군,M10,충청북도 음성군 음성읍 시장로126번길 19
8101027,쌍봉초등학교,충청북도교육청,음성군,M10,충청북도 음성군 금왕읍 금일로371번길 58-17
8101028,오갑초등학교,충청북도교육청,음성군,M10,충청북도 음성군 감곡면 가곡로 326-7
8101029,오선초등학교,충청북도교육청,음성군,M10,충청북도 음성군 금왕읍 초금로752번길 17
8101030,용천초등학교,충청북도교육청,음성군,M10,충청북도 음성군 금왕읍 덕금로 1204
8101031,원남초등학교,충청북도교육청,음성군,M10,충청북도 음성군 원남면 보천로65번길 22
8101032,원당초등학교,충청북도교육청,음성군,M10,충청북도 음성군 감곡면 음성로 2142
8101033,청룡초등학교,충청북도교육청,음성군,M10,충청북도 음성군 삼성면 대청로 255-22
8101034,평곡초등학교,충청북도교육청,음성군,M10,충청북도 음성군 음성읍 약현길 8
8101035,하당초등학교,충청북도교육청,음성군,M10,충청북도 음성군 원남면 하초로 35-4
8101069,동성초등학교,충청북도교육청,음성군,M10,충청북도 음성군 맹동면 학예로 50
8111011,가곡초등학교,충청북도교육청,단양군,M10,충청북도 단양군 가곡면 남한강로 548
8111012,가평초등학교,충청북도교육청,단양군,M10,충청북도 단양군 매포읍 가평길 58
8111013,단양초등학교,충청북도교육청,단양군,M10,충청북도 단양군 단양읍 도전2길 15
8111014,단천초등학교,충청북도교육청,단양군,M10,충청북도 단양군 단성면 북상하리길 53
8111015,대가초등학교,충청북도교육청,단양군,M10,충청북도 단양군 적성면 적성로 453
8111016,대강초등학교,충청북도교육청,단양군,M10,충청북도 단양군 대강면 대강로 6
8111017,매포초등학교,충청북도교육청,단양군,M10,충청북도 단양군 매포읍 단양로 1929
8111019,상진초등학교,충청북도교육청,단양군,M10,충청북도 단양군 단양읍 상진12길 17
8111020,어상천초등학교,충청북도교육청,단양군,M10,충청북도 단양군 어상천면 어상천로 930
8111021,영춘초등학교,충청북도교육청,단양군,M10,충청북도 단양군 영춘면 온달평강로 63-6
8111022,가곡초등학교대곡분교장,충청북도교육청,단양군,M10,충청북도 단양군 가곡면 대대길 51
8111023,가곡초등학교보발분교장,충청북도교육청,단양군,M10,충청북도 단양군 가곡면 보발본동1길 17
8111051,영춘초등학교별방분교장,충청북도교육청,단양군,M10,충청북도 단양군 영춘면 별방창원로 449
8151035,천안와촌초등학교,충청남도교육청,천안시,N10,충청남도 천안시 서북구 와촌4길 16
8151036,천안불당초등학교,충청남도교육청,천안시,N10,충청남도 천안시 서북구 불당4로 39-21
8151037,천안서당초등학교,충청남도교육청,천안시,N10,충청남도 천안시 서북구 불당11로 63
8151038,천안신대초등학교,충청남도교육청,천안시,N10,충청남도 천안시 서북구 성정두정로 130
8151039,천안두정초등학교,충청남도교육청,천안시,N10,충청남도 천안시 서북구 두정역서1길 10
8151040,천안수곡초등학교,충청남도교육청,천안시,N10,충청남도 천안시 서북구 수곡로 19-32
8151041,광덕초등학교,충청남도교육청,천안시,N10,충청남도 천안시 동남구 광덕면 신흥리3길 36
8151042,대홍초등학교,충청남도교육청,천안시,N10,충청남도 천안시 서북구 성환읍 잠실길 4
8151043,도장초등학교,충청남도교육청,천안시,N10,충청남도 천안시 동남구 목천읍 도장1길 73
8151044,도하초등학교,충청남도교육청,천안시,N10,충청남도 천안시 서북구 성환읍 연암로 382
8151045,목천초등학교,충청남도교육청,천안시,N10,충청남도 천안시 동남구 목천읍 서리2길 31
8151046,미죽초등학교,충청남도교육청,천안시,N10,충청남도 천안시 동남구 풍세면 미죽2길 7
8151047,병천초등학교,충청남도교육청,천안시,N10,충청남도 천안시 동남구 병천면 병천2로 35
8151048,보산원초등학교,충청남도교육청,천안시,N10,충청남도 천안시 동남구 광덕면 보산원2길 33
8151049,삼은초등학교,충청남도교육청,천안시,N10,충청남도 천안시 서북구 직산읍 삼은2길 11
8151050,성거초등학교,충청남도교육청,천안시,N10,충청남도 천안시 서북구 성거읍 소댕이3길 606-21
8151051,성남초등학교,충청남도교육청,천안시,N10,충청남도 천안시 동남구 성남면 대흥신덕길 95
8151052,성신초등학교,충청남도교육청,천안시,N10,충청남도 천안시 서북구 성환읍 성환12길 7
8151053,성환초등학교,충청남도교육청,천안시,N10,충청남도 천안시 서북구 성환읍 성환12길 37
8151054,수신초등학교,충청남도교육청,천안시,N10,충청남도 천안시 동남구 수신면 수신로 459
8151055,신가초등학교,충청남도교육청,천안시,N10,충청남도 천안시 서북구 성환읍 성환신흥2길 2
8151056,신계초등학교,충청남도교육청,천안시,N10,충청남도 천안시 동남구 목천읍 천정1길 243
8151057,신방초등학교,충청남도교육청,천안시,N10,충청남도 천안시 서북구 성환읍 신방로 73
8151058,신사초등학교,충청남도교육청,천안시,N10,충청남도 천안시 동남구 성남면 신사대화로 155
8151059,천안신용초등학교,충청남도교육청,천안시,N10,충청남도 천안시 동남구 새말1길 29
8151060,안서초등학교,충청남도교육청,천안시,N10,충청남도 천안시 동남구 중암3길 10
8151061,양당초등학교,충청남도교육청,천안시,N10,충청남도 천안시 서북구 직산읍 양당1길 9-12
8151062,양대초등학교,충청남도교육청,천안시,N10,충청남도 천안시 서북구 입장면 성진로 858
8151063,용정초등학교,충청남도교육청,천안시,N10,충청남도 천안시 동남구 풍세면 용정길 8-7
8151064,위례초등학교,충청남도교육청,천안시,N10,충청남도 천안시 동남구 북면 오곡2길 6-13
8151065,은석초등학교,충청남도교육청,천안시,N10,충청남도 천안시 동남구 북면 용암3길 10
8151066,입장초등학교,충청남도교육청,천안시,N10,충청남도 천안시 서북구 입장면 하장4길 19
8151067,직산초등학교,충청남도교육청,천안시,N10,충청남도 천안시 서북구 직산읍 직산안길 79
8151068,천동초등학교,충청남도교육청,천안시,N10,충청남도 천안시 동남구 동면 동산1길 59
8151069,천안초등학교,충청남도교육청,천안시,N10,충청남도 천안시 동남구 중앙로 169
8151070,천안구성초등학교,충청남도교육청,천안시,N10,충청남도 천안시 동남구 청수로 126
8151071,천안남산초등학교,충청남도교육청,천안시,N10,충청남도 천안시 동남구 버들1길 30
8151072,천안미라초등학교,충청남도교육청,천안시,N10,충청남도 천안시 서북구 미라2길 13
8151073,천안봉명초등학교,충청남도교육청,천안시,N10,충청남도 천안시 동남구 봉명2길 11
8151074,천안봉서초등학교,충청남도교육청,천안시,N10,충청남도 천안시 동남구 봉서10길 12
8151075,천안부대초등학교,충청남도교육청,천안시,N10,충청남도 천안시 서북구 공대길 37
8151076,천안서초등학교,충청남도교육청,천안시,N10,충청남도 천안시 서북구 서부16길 27
8151077,천안성정초등학교,충청남도교육청,천안시,N10,충청남도 천안시 서북구 성정7길 3
8151078,천안신부초등학교,충청남도교육청,천안시,N10,충청남도 천안시 동남구 터미널5길 30
8151079,천안신안초등학교,충청남도교육청,천안시,N10,충청남도 천안시 동남구 원성25길 21
8151080,천안신촌초등학교,충청남도교육청,천안시,N10,충청남도 천안시 동남구 신촌4로 9
8151081,천안쌍용초등학교,충청남도교육청,천안시,N10,충청남도 천안시 서북구 쌍용6길 9
8151082,천안업성초등학교,충청남도교육청,천안시,N10,충청남도 천안시 서북구 업성5길 20
8151083,천안일봉초등학교,충청남도교육청,천안시,N10,충청남도 천안시 동남구 다가2길 3
8151084,천안중앙초등학교,충청남도교육청,천안시,N10,충청남도 천안시 동남구 영성로 73
8151085,천안청수초등학교,충청남도교육청,천안시,N10,충청남도 천안시 동남구 청수로 35-3
8151086,천안부성초등학교,충청남도교육청,천안시,N10,충청남도 천안시 서북구 부성1길 16
8151087,천안부영초등학교,충청남도교육청,천안시,N10,충청남도 천안시 동남구 목천읍 삼성5길 22-14
8151088,천안용암초등학교,충청남도교육청,천안시,N10,충청남도 천안시 서북구 월봉로 147
8151089,천안월봉초등학교,충청남도교육청,천안시,N10,충청남도 천안시 서북구 월봉4로 120-8
8151090,풍세초등학교,충청남도교육청,천안시,N10,충청남도 천안시 동남구 풍세면 풍세2길 5
8151091,행정초등학교,충청남도교육청,천안시,N10,충청남도 천안시 동남구 광덕면 광덕로 534
8151092,환서초등학교,충청남도교육청,천안시,N10,충청남도 천안시 서북구 한들2로 34-41
8151093,천안용곡초등학교,충청남도교육청,천안시,N10,충청남도 천안시 동남구 새말1길 73
8151094,천안백석초등학교,충청남도교육청,천안시,N10,충청남도 천안시 서북구 백석3로 98
8151095,천안오성초등학교,충청남도교육청,천안시,N10,충청남도 천안시 서북구 오성5길 23
8151102,천안청룡초등학교,충청남도교육청,천안시,N10,충청남도 천안시 동남구 풍세로 801-28
8151103,천안용소초등학교,충청남도교육청,천안시,N10,충청남도 천안시 동남구 일봉로 82-18
8151104,소망초등학교,충청남도교육청,천안시,N10,충청남도 천안시 서북구 성거읍 역전말3길 102
8151106,신흥초등학교,충청남도교육청,천안시,N10,충청남도 천안시 동남구 목천읍 신계5길 27
8151108,천안삼거리초등학교,충청남도교육청,천안시,N10,충청남도 천안시 동남구 충절로 340
8151109,천안쌍정초등학교,충청남도교육청,천안시,N10,충청남도 천안시 서북구 충무로 5-44
8151157,천안청당초등학교,충청남도교육청,천안시,N10,충청남도 천안시 동남구 청당2길 94
8151214,천안새샘초등학교,충청남도교육청,천안시,N10,충청남도 천안시 동남구 통정9로 58
8151223,천안가온초등학교,충청남도교육청,천안시,N10,충청남도 천안시 동남구 청수14로 21
8151237,천안불무초등학교,충청남도교육청,천안시,N10,충청남도 천안시 서북구 불당23로 29
8151247,천안차암초등학교,충청남도교육청,천안시,N10,충청남도 천안시 서북구 스마일시티1로 50
8151254,천안아름초등학교,충청남도교육청,천안시,N10,충청남도 천안시 서북구 불당27길 7
8151258,천안한들초등학교,충청남도교육청,천안시,N10,충청남도 천안시 서북구 한들2로 33
8151262,천안성성초등학교,충청남도교육청,천안시,N10,충청남도 천안시 서북구 성성10길 77
8151269,천안희망초등학교,충청남도교육청,천안시,N10,충청남도 천안시 동남구 단대로 21-7
8151275,천안호수초등학교,충청남도교육청,천안시,N10,충청남도 천안시 서북구 공원로 140
8151278,천안가람초등학교,충청남도교육청,천안시,N10,충청남도 천안시 서북구 성성6로 47-11
8151280,천안능수초등학교,충청남도교육청,천안시,N10,충청남도 천안시 동남구 청당용평로 112
8161020,공주신월초등학교,충청남도교육청,공주시,N10,충청남도 공주시 번영1로 193
8161021,경천초등학교,충청남도교육청,공주시,N10,충청남도 공주시 계룡면 신원사로 112
8161022,계룡초등학교,충청남도교육청,공주시,N10,충청남도 공주시 계룡면 영규대사로 459
8161023,공주교동초등학교,충청남도교육청,공주시,N10,충청남도 공주시 용당길 69-6
8161024,공주금학초등학교,충청남도교육청,공주시,N10,충청남도 공주시 공주고담길 19
8161025,공주봉황초등학교,충청남도교육청,공주시,N10,충청남도 공주시 오거리길 5
8161026,공주중동초등학교,충청남도교육청,공주시,N10,충청남도 공주시 웅진로 146-5
8161027,구산초등학교,충청남도교육청,공주시,N10,충청남도 공주시 유구읍 유구마곡사로 61-1
8161028,귀산초등학교,충청남도교육청,공주시,N10,충청남도 공주시 우성면 귀산길 81-15
8161031,덕암초등학교,충청남도교육청,공주시,N10,충청남도 공주시 유구읍 금계산로 943
8161032,마곡초등학교,충청남도교육청,공주시,N10,충청남도 공주시 사곡면 운정길 29-10
8161033,반포초등학교,충청남도교육청,공주시,N10,충청남도 공주시 반포면 반포초교길 97
8161036,상서초등학교,충청남도교육청,공주시,N10,충청남도 공주시 우성면 우성길 137-37
8161037,석송초등학교,충청남도교육청,공주시,N10,충청남도 공주시 정안면 마래섭들길 56
8161038,수촌초등학교,충청남도교육청,공주시,N10,충청남도 공주시 의당면 윗태실길 1-8
8161039,신관초등학교,충청남도교육청,공주시,N10,충청남도 공주시 번영1로 97-13
8161040,신풍초등학교,충청남도교육청,공주시,N10,충청남도 공주시 신풍면 신풍길 50-11
8161042,우성초등학교,충청남도교육청,공주시,N10,충청남도 공주시 우성면 동대리길 33
8161044,유구초등학교,충청남도교육청,공주시,N10,충청남도 공주시 유구읍 유구초교길 12
8161045,의당초등학교,충청남도교육청,공주시,N10,충청남도 공주시 의당면 의당초교길 49
8161047,이인초등학교,충청남도교육청,공주시,N10,충청남도 공주시 이인면 은행길 56
8161049,정안초등학교,충청남도교육청,공주시,N10,충청남도 공주시 정안면 정안중앙길 79
8161052,탄천초등학교,충청남도교육청,공주시,N10,충청남도 공주시 탄천면 통산로 168
8161054,학봉초등학교,충청남도교육청,공주시,N10,충청남도 공주시 반포면 동학사1로 141-10
8161055,호계초등학교,충청남도교육청,공주시,N10,충청남도 공주시 사곡면 마곡사로 149-12
8161056,효포초등학교,충청남도교육청,공주시,N10,충청남도 공주시 전진배길 313
8171019,명천초등학교,충청남도교육청,보령시,N10,충청남도 보령시 주공로 119
8171020,개화초등학교,충청남도교육청,보령시,N10,충청남도 보령시 성주면 성주산로 735
8171022,관창초등학교,충청남도교육청,보령시,N10,충청남도 보령시 주교면 한술1길 17
8171023,광명초등학교,충청남도교육청,보령시,N10,충청남도 보령시 오천면 원산도3길 151-11
8171025,남포초등학교,충청남도교육청,보령시,N10,충청남도 보령시 남포면 읍성향교길 21
8171026,대관초등학교,충청남도교육청,보령시,N10,충청남도 보령시 대관초등길 97
8171027,대남초등학교,충청남도교육청,보령시,N10,충청남도 보령시 남대천로 22
8171029,대창초등학교,충청남도교육청,보령시,N10,충청남도 보령시 웅천읍 방축길 90-43
8171030,대천초등학교,충청남도교육청,보령시,N10,충청남도 보령시 대천로 59
8171031,대천동대초등학교,충청남도교육청,보령시,N10,충청남도 보령시 한내로터리길 137-12
8171034,성주초등학교,충청남도교육청,보령시,N10,충청남도 보령시 성주면 성주초교길 8
8171035,송학초등학교,충청남도교육청,보령시,N10,충청남도 보령시 주교면 토정로 796-52
8171036,오천초등학교,충청남도교육청,보령시,N10,충청남도 보령시 오천면 충청수영로 822
8171037,옥계초등학교,충청남도교육청,보령시,N10,충청남도 보령시 청라면 죽성로 681
8171039,웅천초등학교,충청남도교육청,보령시,N10,충청남도 보령시 웅천읍 충서로 1035
8171040,월전초등학교,충청남도교육청,보령시,N10,충청남도 보령시 남포면 곡촌길 11
8171041,주산초등학교,충청남도교육청,보령시,N10,충청남도 보령시 주산면 충서로 416
8171042,주포초등학교,충청남도교육청,보령시,N10,충청남도 보령시 주포면 보령읍성길 87-22
8171043,천북초등학교,충청남도교육청,보령시,N10,충청남도 보령시 천북면 하궁길 45
8171044,청라초등학교,충청남도교육청,보령시,N10,충청남도 보령시 청라면 원모루길 205
8171045,청룡초등학교,충청남도교육청,보령시,N10,충청남도 보령시 대해로 646
8171046,청보초등학교,충청남도교육청,보령시,N10,충청남도 보령시 청라면 대청로 759
8171047,청소초등학교,충청남도교육청,보령시,N10,충청남도 보령시 청소면 청소큰길 225
8171048,청파초등학교,충청남도교육청,보령시,N10,충청남도 보령시 대천항로 235
8171049,한내초등학교,충청남도교육청,보령시,N10,충청남도 보령시 보령남로 39
8171051,청룡초등학교장고분교장,충청남도교육청,보령시,N10,충청남도 보령시 오천면 장고도2길 18
8171054,미산초등학교,충청남도교육청,보령시,N10,충청남도 보령시 미산면 판미로 1462-7
8171094,오천초등학교삽시분교장,충청남도교육청,보령시,N10,충청남도 보령시 오천면 삽시도1길 159-34
8171103,청파초등학교외연도분교장,충청남도교육청,보령시,N10,충청남도 보령시 오천면 외연도1길 134
8181016,거산초등학교,충청남도교육청,아산시,N10,충청남도 아산시 송악면 외암로 460
8181017,온양권곡초등학교,충청남도교육청,아산시,N10,충청남도 아산시 문화로243번길 14
8181018,관대초등학교,충청남도교육청,아산시,N10,충청남도 아산시 둔포면 산전길 19
8181019,금곡초등학교,충청남도교육청,아산시,N10,충청남도 아산시 배방읍 고불로 563-4
8181020,금성초등학교,충청남도교육청,아산시,N10,충청남도 아산시 인주면 인주로 129
8181021,남창초등학교,충청남도교육청,아산시,N10,충청남도 아산시 둔포면 신남북길 16
8181022,도고초등학교,충청남도교육청,아산시,N10,충청남도 아산시 도고면 도고산로 598
8181023,도고온천초등학교,충청남도교육청,아산시,N10,충청남도 아산시 도고면 도고면로 73
8181024,동덕초등학교,충청남도교육청,아산시,N10,충청남도 아산시 탕정면 탕정면로 381
8181025,동방초등학교,충청남도교육청,아산시,N10,충청남도 아산시 배방읍 휴대안길 10
8181026,둔포초등학교,충청남도교육청,아산시,N10,충청남도 아산시 둔포면 둔포중앙로161번길 7
8181027,배방초등학교,충청남도교육청,아산시,N10,충청남도 아산시 배방읍 북수로25번길 11
8181030,선장초등학교,충청남도교육청,아산시,N10,충청남도 아산시 선장면 서부남로 21
8181031,송곡초등학교,충청남도교육청,아산시,N10,충청남도 아산시 염치읍 송곡길 112
8181032,송남초등학교,충청남도교육청,아산시,N10,충청남도 아산시 송악면 송악로 802
8181033,신광초등학교,충청남도교육청,아산시,N10,충청남도 아산시 서부북로 933-10
8181034,신리초등학교,충청남도교육청,아산시,N10,충청남도 아산시 모종로 73-13
8181035,신창초등학교,충청남도교육청,아산시,N10,충청남도 아산시 신창면 서부남로840번길 26
8181036,신화초등학교,충청남도교육청,아산시,N10,충청남도 아산시 영인면 고룡산로 636
8181037,쌍룡초등학교,충청남도교육청,아산시,N10,충청남도 아산시 음봉면 연암율금로 499
8181038,염작초등학교,충청남도교육청,아산시,N10,충청남도 아산시 둔포면 아산밸리중앙로 33
8181039,염티초등학교,충청남도교육청,아산시,N10,충청남도 아산시 염치읍 염치로 49
8181040,영인초등학교,충청남도교육청,아산시,N10,충청남도 아산시 영인면 여민루길 20
8181041,오목초등학교,충청남도교육청,아산시,N10,충청남도 아산시 신창면 서부북로 547
8181042,온양초등학교,충청남도교육청,아산시,N10,충청남도 아산시 온주길26번길 10
8181043,온양동신초등학교,충청남도교육청,아산시,N10,충청남도 아산시 번영로234번길 52
8181044,온양온천초등학교,충청남도교육청,아산시,N10,충청남도 아산시 청운로 90
8181045,온양중앙초등학교,충청남도교육청,아산시,N10,충청남도 아산시 중앙로 17
8181046,온양천도초등학교,충청남도교육청,아산시,N10,충청남도 아산시 실옥로 45
8181047,온양초사초등학교,충청남도교육청,아산시,N10,충청남도 아산시 초사길 122
8181048,용화초등학교,충청남도교육청,아산시,N10,충청남도 아산시 시민로258번길 3-8
8181049,월랑초등학교,충청남도교육청,아산시,N10,충청남도 아산시 음봉면 음봉로 515-50
8181050,음봉초등학교,충청남도교육청,아산시,N10,충청남도 아산시 음봉면 아산온천로 517
8181051,인주초등학교,충청남도교육청,아산시,N10,충청남도 아산시 인주면 서해로 486
8181052,탕정초등학교,충청남도교육청,아산시,N10,충청남도 아산시 탕정면 탕정면로 105
8181060,온양신정초등학교,충청남도교육청,아산시,N10,충청남도 아산시 온천대로1333번길 29
8181061,아산남성초등학교,충청남도교육청,아산시,N10,충청남도 아산시 신창면 남성길 152-64
8181064,모산초등학교,충청남도교육청,아산시,N10,충청남도 아산시 배방읍 배방로 58-52
8181097,충무초등학교,충청남도교육청,아산시,N10,충청남도 아산시 문화로 271-45
8181102,온양풍기초등학교,충청남도교육청,아산시,N10,충청남도 아산시 남부로 351
8181103,아산북수초등학교,충청남도교육청,아산시,N10,충청남도 아산시 배방읍 호서로 405
8181107,연화초등학교,충청남도교육청,아산시,N10,충청남도 아산시 배방읍 연화로 43
8181112,석곡초등학교,충청남도교육청,아산시,N10,
8181113,월천초등학교,충청남도교육청,아산시,N10,
8181139,아산용연초등학교,충청남도교육청,아산시,N10,충청남도 아산시 배방읍 용연동길 25
8181140,탕정미래초등학교,충청남도교육청,아산시,N10,충청남도 아산시 탕정면 탕정면로 54-15
8181149,아산초등학교,충청남도교육청,아산시,N10,충청남도 아산시 남부로 266
8181159,아산공수초등학교,충청남도교육청,아산시,N10,충청남도 아산시 배방읍 모산로 38-43
8181165,한들물빛초등학교,충청남도교육청,아산시,N10,충청남도 아산시 탕정면 한들물빛도시로 49
8181169,아산세교초등학교,충청남도교육청,아산시,N10,충청남도 아산시 배방읍 동방로 200
8181171,아산갈산초등학교,충청남도교육청,아산시,N10,충청남도 아산시 탕정면 갈산교로 210
8181172,산동초등학교,충청남도교육청,아산시,N10,충청남도 아산시 음봉면 산동희망로 10
8181176,아산월천초등학교,충청남도교육청,아산시,N10,충청남도 아산시 배방읍 월천3길 10
8181181,아산천우물초등학교,충청남도교육청,아산시,N10,충청남도 아산시 신창면 남성길 60
8181183,이순신초등학교,충청남도교육청,아산시,N10,충청남도 아산시 배방읍 동방로 130
8181185,아산윤슬초등학교,충청남도교육청,아산시,N10,충청남도 아산시 탕정면 선문로254번길 98
8191020,서산석림초등학교,충청남도교육청,서산시,N10,충청남도 서산시 동서1로 41-6
8191021,서산대진초등학교,충청남도교육청,서산시,N10,충청남도 서산시 대산읍 기은아섬길 16
8191022,가사초등학교,충청남도교육청,서산시,N10,충청남도 서산시 부석면 강경벌로 478
8191023,강당초등학교,충청남도교육청,서산시,N10,충청남도 서산시 부석면 인정로 183
8191024,고북초등학교,충청남도교육청,서산시,N10,충청남도 서산시 고북면 고북3로 19
8191026,대산초등학교,충청남도교육청,서산시,N10,충청남도 서산시 대산읍 구진로 40-5
8191028,동암초등학교,충청남도교육청,서산시,N10,충청남도 서산시 음암면 동암마을길 14-3
8191029,명지초등학교,충청남도교육청,서산시,N10,충청남도 서산시 대산읍 명지3로 25
8191031,부석초등학교,충청남도교육청,서산시,N10,충청남도 서산시 부석면 취평2길 37-6
8191032,부성초등학교,충청남도교육청,서산시,N10,충청남도 서산시 지곡면 화천1로 83
8191033,부춘초등학교,충청남도교육청,서산시,N10,충청남도 서산시 양유정3로 9
8191035,서동초등학교,충청남도교육청,서산시,N10,충청남도 서산시 쌍연남1로 19-5
8191036,서령초등학교,충청남도교육청,서산시,N10,충청남도 서산시 남부순환로 749
8191037,서림초등학교,충청남도교육청,서산시,N10,충청남도 서산시 덕지천로 104
8191038,서산초등학교,충청남도교육청,서산시,N10,충청남도 서산시 중앙로 38-1
8191039,성연초등학교,충청남도교육청,서산시,N10,충청남도 서산시 성연면 성연3로 57-10
8191040,언암초등학교,충청남도교육청,서산시,N10,충청남도 서산시 해미면 기지1길 27
8191041,오산초등학교,충청남도교육청,서산시,N10,충청남도 서산시 덕지천로 436
8191042,운산초등학교,충청남도교육청,서산시,N10,충청남도 서산시 운산면 운암로 1037
8191043,운신초등학교,충청남도교육청,서산시,N10,충청남도 서산시 운산면 해운로 539
8191044,음암초등학교,충청남도교육청,서산시,N10,충청남도 서산시 음암면 도당로 5
8191045,인지초등학교,충청남도교육청,서산시,N10,충청남도 서산시 인지면 둔산1길 1
8191046,차동초등학교,충청남도교육청,서산시,N10,충청남도 서산시 인지면 차동길 140
8191047,팔봉초등학교,충청남도교육청,서산시,N10,충청남도 서산시 팔봉면 한재무두리1길 233
8191048,학돌초등학교,충청남도교육청,서산시,N10,충청남도 서산시 부춘1로 35
8191049,해미초등학교,충청남도교육청,서산시,N10,충청남도 서산시 해미면 성지1로 81
8191051,부석초등학교간월도분교장,충청남도교육청,서산시,N10,충청남도 서산시 부석면 간월달발길 57
8191090,서산예천초등학교,충청남도교육청,서산시,N10,충청남도 서산시 예천1로 3-21
8191101,서산동문초등학교,충청남도교육청,서산시,N10,충청남도 서산시 쌍연북2로 31
8191116,서산서남초등학교,충청남도교육청,서산시,N10,충청남도 서산시 예천2로 19
8201013,군북초등학교,충청남도교육청,금산군,N10,충청남도 금산군 군북면 군북로 714
8201015,금산초등학교,충청남도교육청,금산군,N10,충청남도 금산군 금산읍 인삼로 69
8201016,금산동초등학교,충청남도교육청,금산군,N10,충청남도 금산군 금산읍 후곤천길 145
8201017,금산중앙초등학교,충청남도교육청,금산군,N10,충청남도 금산군 금산읍 금산로 1427
8201018,금성초등학교,충청남도교육청,금산군,N10,충청남도 금산군 금성면 진산로 370
8201019,남이초등학교,충청남도교육청,금산군,N10,충청남도 금산군 남이면 진악로 51
8201020,남일초등학교,충청남도교육청,금산군,N10,충청남도 금산군 남일면 봉황로 83
8201021,복수초등학교,충청남도교육청,금산군,N10,충청남도 금산군 복수면 복수로 137
8201022,부리초등학교,충청남도교육청,금산군,N10,충청남도 금산군 부리면 현내로 81
8201023,상곡초등학교,충청남도교육청,금산군,N10,충청남도 금산군 군북면 상곡길 34
8201024,성대초등학교,충청남도교육청,금산군,N10,충청남도 금산군 추부면 군북로 1402
8201025,신대초등학교,충청남도교육청,금산군,N10,충청남도 금산군 복수면 복수로 753
8201026,용문초등학교,충청남도교육청,금산군,N10,충청남도 금산군 군북면 시두물길 15
8201027,제원초등학교,충청남도교육청,금산군,N10,충청남도 금산군 제원면 제원3길 11
8201028,진산초등학교,충청남도교육청,금산군,N10,충청남도 금산군 진산면 읍내로 41
8201029,추부초등학교,충청남도교육청,금산군,N10,충청남도 금산군 추부면 하마전로 23
8201050,금성초등학교금계분교장,충청남도교육청,금산군,N10,충청남도 금산군 금성면 어필각로 448
8222019,신도초등학교,충청남도교육청,계룡시,N10,충청남도 계룡시 엄사면 번영3길 82
8222020,논산내동초등학교,충청남도교육청,논산시,N10,충청남도 논산시 중앙로 192
8222021,가야곡초등학교,충청남도교육청,논산시,N10,충청남도 논산시 가야곡면 덕은로 160
8222022,감곡초등학교,충청남도교육청,논산시,N10,충청남도 논산시 부적면 계백로 1676-26
8222023,강경산양초등학교,충청남도교육청,논산시,N10,충청남도 논산시 강경읍 산양길 45
8222024,강경중앙초등학교,충청남도교육청,논산시,N10,충청남도 논산시 강경읍 옥녀봉로 8
8222025,강경황산초등학교,충청남도교육청,논산시,N10,충청남도 논산시 강경읍 대흥로34번길 5
8222026,광석초등학교,충청남도교육청,논산시,N10,충청남도 논산시 광석면 사계로 451
8222027,구자곡초등학교,충청남도교육청,논산시,N10,충청남도 논산시 연무로 369
8222028,노성초등학교,충청남도교육청,논산시,N10,충청남도 논산시 노성면 노성로507번길 11
8222029,논산동성초등학교,충청남도교육청,논산시,N10,충청남도 논산시 관촉로 263
8222030,논산반월초등학교,충청남도교육청,논산시,N10,충청남도 논산시 해월로 148
8222031,논산부창초등학교,충청남도교육청,논산시,N10,충청남도 논산시 시민로397번길 10
8222032,논산중앙초등학교,충청남도교육청,논산시,N10,충청남도 논산시 논산대로 269-10
8222034,도산초등학교,충청남도교육청,논산시,N10,충청남도 논산시 벌곡면 수락로 23
8222036,두마초등학교,충청남도교육청,계룡시,N10,충청남도 계룡시 두마면 팥거리로 160
8222037,반곡초등학교,충청남도교육청,논산시,N10,충청남도 논산시 양촌면 황산벌로1126번길 5
8222038,백석초등학교,충청남도교육청,논산시,N10,충청남도 논산시 연산면 선비로 726
8222039,벌곡초등학교,충청남도교육청,논산시,N10,충청남도 논산시 벌곡면 대둔로 821-8
8222040,부적초등학교,충청남도교육청,논산시,N10,충청남도 논산시 부적면 남마구평길 70
8222041,상월초등학교,충청남도교육청,논산시,N10,충청남도 논산시 상월면 백일헌로 1025-13
8222043,성덕초등학교,충청남도교육청,논산시,N10,충청남도 논산시 은진면 원앙로 1174
8222044,성동초등학교,충청남도교육청,논산시,N10,충청남도 논산시 성동면 성동로240번길 30
8222045,양촌초등학교,충청남도교육청,논산시,N10,충청남도 논산시 양촌면 매죽헌로1665번길 22
8222046,엄사초등학교,충청남도교육청,계룡시,N10,충청남도 계룡시 엄사면 번영3길 30
8222047,연무중앙초등학교,충청남도교육청,논산시,N10,충청남도 논산시 연무읍 연무로 211-14
8222048,연무초등학교,충청남도교육청,논산시,N10,충청남도 논산시 연무읍 득안대로 527
8222049,연산초등학교,충청남도교육청,논산시,N10,충청남도 논산시 연산면 연산5길 13
8222050,왕전초등학교,충청남도교육청,논산시,N10,충청남도 논산시 광석면 왕전2길 12
8222051,용남초등학교,충청남도교육청,계룡시,N10,충청남도 계룡시 신도안면 신도안1길 88
8222052,원봉초등학교,충청남도교육청,논산시,N10,충청남도 논산시 성동면 성동로 552
8222053,은진초등학교,충청남도교육청,논산시,N10,충청남도 논산시 은진면 매죽헌로25번길 1
8222054,이화초등학교,충청남도교육청,논산시,N10,충청남도 논산시 채운면 채운로 350
8222055,채운초등학교,충청남도교육청,논산시,N10,충청남도 논산시 채운면 채운로 112
8222056,청동초등학교,충청남도교육청,논산시,N10,충청남도 논산시 연산면 선비로293번길 29-5
8222061,금암초등학교,충청남도교육청,계룡시,N10,충청남도 계룡시 장안로 104
8222124,계룡대실초등학교,충청남도교육청,계룡시,N10,충청남도 계룡시 두마면 대실남북로 113
8231017,구룡초등학교,충청남도교육청,부여군,N10,충청남도 부여군 구룡면 태양로 25
8231018,궁남초등학교,충청남도교육청,부여군,N10,충청남도 부여군 부여읍 계백로 238-6
8231019,규암초등학교,충청남도교육청,부여군,N10,충청남도 부여군 규암면 계백로 3
8231022,내산초등학교,충청남도교육청,부여군,N10,충청남도 부여군 내산면 성충로 906
8231023,대왕초등학교,충청남도교육청,부여군,N10,충청남도 부여군 부여읍 금성로 150
8231025,백강초등학교,충청남도교육청,부여군,N10,충청남도 부여군 규암면 백제문로251번길 20
8231026,백제초등학교,충청남도교육청,부여군,N10,충청남도 부여군 부여읍 계백로 321
8231027,부여초등학교,충청남도교육청,부여군,N10,충청남도 부여군 부여읍 부소로 105-10
8231029,석양초등학교,충청남도교육청,부여군,N10,충청남도 부여군 석성면 증산로39번길 31
8231030,세도초등학교,충청남도교육청,부여군,N10,충청남도 부여군 세도면 세도로 68
8231031,송간초등학교,충청남도교육청,부여군,N10,충청남도 부여군 부여읍 삼충로272번길 5
8231032,양화초등학교,충청남도교육청,부여군,N10,충청남도 부여군 양화면 충절로 215
8231033,옥산초등학교,충청남도교육청,부여군,N10,충청남도 부여군 옥산면 대백제로 330
8231034,외산초등학교,충청남도교육청,부여군,N10,충청남도 부여군 외산면 만수로 421
8231036,은산초등학교,충청남도교육청,부여군,N10,충청남도 부여군 은산면 충의로 729
8231038,임천초등학교,충청남도교육청,부여군,N10,충청남도 부여군 임천면 성흥로97번길 15
8231041,장암초등학교,충청남도교육청,부여군,N10,충청남도 부여군 장암면 석동로 112
8231042,초촌초등학교,충청남도교육청,부여군,N10,충청남도 부여군 초촌면 초촌로 55
8231045,합송초등학교,충청남도교육청,부여군,N10,충청남도 부여군 규암면 흥수로561번길 8
8231046,홍산초등학교,충청남도교육청,부여군,N10,충청남도 부여군 홍산면 홍산로111번길 7
8231089,석양초등학교석성분교장,충청남도교육청,부여군,N10,충청남도 부여군 석성면 석성로 113-8
8241014,기산초등학교,충청남도교육청,서천군,N10,충청남도 서천군 기산면 기산길 107
8241015,마동초등학교,충청남도교육청,서천군,N10,충청남도 서천군 마서면 원송로 229
8241016,마산초등학교,충청남도교육청,서천군,N10,충청남도 서천군 마산면 삼일로 327
8241018,부내초등학교,충청남도교육청,서천군,N10,충청남도 서천군 종천면 충서로363번길 23-1
8241020,비인초등학교,충청남도교육청,서천군,N10,충청남도 서천군 비인면 비인로 192
8241022,서도초등학교,충청남도교육청,서천군,N10,충청남도 서천군 서면 공암남촌길31번길 33
8241023,서면초등학교,충청남도교육청,서천군,N10,충청남도 서천군 서면 선합장길 15
8241024,서천초등학교,충청남도교육청,서천군,N10,충청남도 서천군 서천읍 서천로98번길 5
8241025,송림초등학교,충청남도교육청,서천군,N10,충청남도 서천군 장항읍 옥도로 14
8241026,송석초등학교,충청남도교육청,서천군,N10,충청남도 서천군 마서면 송신로 432
8241027,시초초등학교,충청남도교육청,서천군,N10,충청남도 서천군 시초면 시초북로 31
8241028,오성초등학교,충청남도교육청,서천군,N10,충청남도 서천군 판교면 종판로857번길 13
8241029,장항초등학교,충청남도교육청,서천군,N10,충청남도 서천군 장항읍 성주길 6
8241030,장항중앙초등학교,충청남도교육청,서천군,N10,충청남도 서천군 장항읍 장항로121번길 7
8241031,한산초등학교,충청남도교육청,서천군,N10,충청남도 서천군 한산면 한마로 48
8241032,화양초등학교,충청남도교육청,서천군,N10,충청남도 서천군 화양면 화산로 64
8251011,가남초등학교,충청남도교육청,청양군,N10,충청남도 청양군 비봉면 충절로 1962-7
8251013,남양초등학교,충청남도교육청,청양군,N10,충청남도 청양군 남양면 구용길 324
8251015,목면초등학교,충청남도교육청,청양군,N10,충청남도 청양군 목면 철마장길 27
8251019,수정초등학교,충청남도교육청,청양군,N10,충청남도 청양군 대치면 칠갑산로 514
8251020,운곡초등학교,충청남도교육청,청양군,N10,충청남도 청양군 운곡면 청신로 882
8251021,장평초등학교,충청남도교육청,청양군,N10,충청남도 청양군 장평면 충의로 453
8251022,정산초등학교,충청남도교육청,청양군,N10,충청남도 청양군 정산면 칠갑산로 1863
8251023,청남초등학교,충청남도교육청,청양군,N10,충청남도 청양군 청남면 명덕로 207-4
8251024,청송초등학교,충청남도교육청,청양군,N10,충청남도 청양군 청양읍 칠갑산로 97
8251025,청양초등학교,충청남도교육청,청양군,N10,충청남도 청양군 청양읍 칠갑산로9길 29
8251026,합천초등학교,충청남도교육청,청양군,N10,충청남도 청양군 화성면 무한로 88
8261016,갈산초등학교,충청남도교육청,홍성군,N10,충청남도 홍성군 갈산면 갈산로 135
8261017,결성초등학교,충청남도교육청,홍성군,N10,충청남도 홍성군 결성면 홍남서로738번길 30
8261022,구항초등학교,충청남도교육청,홍성군,N10,충청남도 홍성군 구항면 구성남로 928
8261023,금당초등학교,충청남도교육청,홍성군,N10,충청남도 홍성군 홍동면 초롱산길 9
8261024,금마초등학교,충청남도교육청,홍성군,N10,충청남도 홍성군 금마면 광금북로 484
8261025,대정초등학교,충청남도교육청,홍성군,N10,충청남도 홍성군 구항면 거북로 20
8261028,배양초등학교,충청남도교육청,홍성군,N10,충청남도 홍성군 금마면 금마로 23-24
8261030,서부초등학교,충청남도교육청,홍성군,N10,충청남도 홍성군 서부면 서부로 505
8261031,서해삼육초등학교,충청남도교육청,홍성군,N10,충청남도 홍성군 광천읍 홍남로705번길 23
8261032,신당초등학교,충청남도교육청,홍성군,N10,충청남도 홍성군 서부면 남당항로270번길 43
8261033,용봉초등학교,충청남도교육청,홍성군,N10,충청남도 홍성군 홍북면 이응노로 277
8261035,은하초등학교,충청남도교육청,홍성군,N10,충청남도 홍성군 은하면 은하로 220
8261036,장곡초등학교,충청남도교육청,홍성군,N10,충청남도 홍성군 장곡면 도산1길 2
8261037,홍남초등학교,충청남도교육청,홍성군,N10,충청남도 홍성군 홍성읍 홍장북로 434
8261038,홍동초등학교,충청남도교육청,홍성군,N10,충청남도 홍성군 홍동면 홍장남로672번길 59
8261039,홍북초등학교,충청남도교육청,홍성군,N10,충청남도 홍성군 홍북읍 자경로 33
8261040,홍성초등학교,충청남도교육청,홍성군,N10,충청남도 홍성군 홍성읍 조양로 43
8261041,홍주초등학교,충청남도교육청,홍성군,N10,충청남도 홍성군 홍북읍 신대로 63
8261079,신리초등학교,충청남도교육청,홍성군,N10,충청남도 홍성군 홍북읍 의향로 133
8261080,주촌초등학교,충청남도교육청,홍성군,N10,
8261081,대동초등학교,충청남도교육청,홍성군,N10,
8261088,내포초등학교,충청남도교육청,홍성군,N10,충청남도 홍성군 홍북읍 홍학로 38
8261092,광천초등학교,충청남도교육청,홍성군,N10,충청남도 홍성군 광천읍 홍남로705번길 16
8261098,한울초등학교,충청남도교육청,홍성군,N10,충청남도 홍성군 홍북읍 홍학로 131
8271015,고덕초등학교,충청남도교육청,예산군,N10,충청남도 예산군 고덕면 황금뜰로 203
8271016,구만초등학교,충청남도교육청,예산군,N10,충청남도 예산군 고덕면 구만윗뜸길 27
8271017,금오초등학교,충청남도교육청,예산군,N10,충청남도 예산군 예산읍 역전로134번길 40
8271018,대술초등학교,충청남도교육청,예산군,N10,충청남도 예산군 대술면 원농리길 12
8271019,대흥초등학교,충청남도교육청,예산군,N10,충청남도 예산군 대흥면 의좋은형제길 16
8271020,덕산초등학교,충청남도교육청,예산군,N10,충청남도 예산군 덕산면 봉운로 38
8271022,보성초등학교,충청남도교육청,예산군,N10,충청남도 예산군 삽교읍 예학로 127
8271023,봉산초등학교,충청남도교육청,예산군,N10,충청남도 예산군 봉산면 봉산로 369-10
8271024,삽교초등학교,충청남도교육청,예산군,N10,충청남도 예산군 삽교읍 삽교로4길 26
8271025,수덕초등학교,충청남도교육청,예산군,N10,충청남도 예산군 덕산면 수덕사로 631
8271026,시량초등학교,충청남도교육청,예산군,N10,충청남도 예산군 덕산면 덕산온천로 91
8271027,신례원초등학교,충청남도교육청,예산군,N10,충청남도 예산군 예산읍 신례원로 179
8271028,신암초등학교,충청남도교육청,예산군,N10,충청남도 예산군 신암면 신암남로 285-6
8271029,신양초등학교,충청남도교육청,예산군,N10,충청남도 예산군 신양면 청신로 374
8271030,양신초등학교,충청남도교육청,예산군,N10,충청남도 예산군 오가면 내양막길 5
8271031,예덕초등학교,충청남도교육청,예산군,N10,충청남도 예산군 고덕면 몽곡상몽길 54
8271032,예산초등학교,충청남도교육청,예산군,N10,충청남도 예산군 예산읍 아리랑로 205
8271033,예산중앙초등학교,충청남도교육청,예산군,N10,충청남도 예산군 예산읍 주교로 21
8271034,오가초등학교,충청남도교육청,예산군,N10,충청남도 예산군 오가면 역말로 89
8271035,용동초등학교,충청남도교육청,예산군,N10,충청남도 예산군 삽교읍 삽교평야로 193
8271036,웅산초등학교,충청남도교육청,예산군,N10,충청남도 예산군 광시면 예당로 181
8271037,응봉초등학교,충청남도교육청,예산군,N10,충청남도 예산군 응봉면 예당로 1504
8271039,조림초등학교,충청남도교육청,예산군,N10,충청남도 예산군 신암면 조곡길 100
8271040,평촌초등학교,충청남도교육청,예산군,N10,충청남도 예산군 응봉면 예당로 1211
8281012,백화초등학교,충청남도교육청,태안군,N10,충청남도 태안군 태안읍 다락미1길 85
8281013,고남초등학교,충청남도교육청,태안군,N10,충청남도 태안군 고남면 안면대로 4189
8281014,근흥초등학교,충청남도교육청,태안군,N10,충청남도 태안군 근흥면 근흥로 716-8
8281015,남면초등학교,충청남도교육청,태안군,N10,충청남도 태안군 남면 남면로 125
8281016,대기초등학교,충청남도교육청,태안군,N10,충청남도 태안군 원북면 대기길 12-21
8281017,모항초등학교,충청남도교육청,태안군,N10,충청남도 태안군 소원면 모항파도로 116
8281019,방포초등학교,충청남도교육청,태안군,N10,충청남도 태안군 안면읍 꽃지해안로 519
8281020,삼성초등학교,충청남도교육청,태안군,N10,충청남도 태안군 남면 마검포길 93-1
8281021,소원초등학교,충청남도교육청,태안군,N10,충청남도 태안군 소원면 은골길 42
8281022,송암초등학교,충청남도교육청,태안군,N10,충청남도 태안군 태안읍 순환길 130
8281023,시목초등학교,충청남도교육청,태안군,N10,충청남도 태안군 소원면 서해로 1147-26
8281024,안면초등학교,충청남도교육청,태안군,N10,충청남도 태안군 안면읍 장터로 230
8281025,안중초등학교,충청남도교육청,태안군,N10,충청남도 태안군 안면읍 율포길 31
8281027,원북초등학교,충청남도교육청,태안군,N10,충청남도 태안군 원북면 원이로 849-3
8281028,이원초등학교,충청남도교육청,태안군,N10,충청남도 태안군 이원면 원이로 1536-31
8281029,창기초등학교,충청남도교육청,태안군,N10,충청남도 태안군 안면읍 황도로 72
8281030,태안초등학교,충청남도교육청,태안군,N10,충청남도 태안군 태안읍 백화로 49
8281032,화동초등학교,충청남도교육청,태안군,N10,충청남도 태안군 태안읍 중앙로 321
8281038,이원초등학교관동분교장,충청남도교육청,태안군,N10,충청남도 태안군 이원면 원이로 1956
8291018,계성초등학교,충청남도교육청,당진시,N10,충청남도 당진시 당진중앙1로 290
8291019,고대초등학교,충청남도교육청,당진시,N10,충청남도 당진시 고대면 고대로 206
8291020,고산초등학교,충청남도교육청,당진시,N10,충청남도 당진시 고대면 서집들길 55
8291021,기지초등학교,충청남도교육청,당진시,N10,충청남도 당진시 송악읍 반촌로 84-3
8291024,당산초등학교,충청남도교육청,당진시,N10,충청남도 당진시 송산면 당산2로 185
8291025,당진초등학교,충청남도교육청,당진시,N10,충청남도 당진시 교동길 106
8291027,면천초등학교,충청남도교육청,당진시,N10,충청남도 당진시 면천면 면천서문1길 33
8291028,북창초등학교,충청남도교육청,당진시,N10,충청남도 당진시 순성면 붉은재길 68
8291029,삼봉초등학교,충청남도교육청,당진시,N10,충청남도 당진시 석문면 대호만로 1722-1
8291030,상록초등학교,충청남도교육청,당진시,N10,충청남도 당진시 송악읍 송악로 1024
8291031,서정초등학교,충청남도교육청,당진시,N10,충청남도 당진시 신평면 거산3거리길
8291032,석문초등학교,충청남도교육청,당진시,N10,충청남도 당진시 석문면 다리들길 7
8291033,성당초등학교,충청남도교육청,당진시,N10,충청남도 당진시 역천로 222
8291034,송산초등학교,충청남도교육청,당진시,N10,
8291035,송악초등학교,충청남도교육청,당진시,N10,충청남도 당진시 송악읍 송악로 663-1
8291036,순성초등학교,충청남도교육청,당진시,N10,충청남도 당진시 순성면 순성로 473
8291037,신촌초등학교,충청남도교육청,당진시,N10,충청남도 당진시 합덕읍 상덕로 620-13
8291038,신평초등학교,충청남도교육청,당진시,N10,충청남도 당진시 신평면 원머리로 7
8291039,우강초등학교,충청남도교육청,당진시,N10,충청남도 당진시 우강면 우강송산로 183-7
8291040,유곡초등학교,충청남도교육청,당진시,N10,충청남도 당진시 송산면 송산로 821-17
8291041,전대초등학교,충청남도교육청,당진시,N10,충청남도 당진시 송악읍 신평로 1185
8291042,정미초등학교,충청남도교육청,당진시,N10,충청남도 당진시 정미면 운정로 642
8291043,조금초등학교,충청남도교육청,당진시,N10,충청남도 당진시 대호지면 4.4만세로 23
8291044,천의초등학교,충청남도교육청,당진시,N10,충청남도 당진시 정미면 천평로 30
8291045,초락초등학교,충청남도교육청,당진시,N10,충청남도 당진시 석문면 샛터말길 35
8291046,탑동초등학교,충청남도교육청,당진시,N10,충청남도 당진시 대호만로 12
8291047,한정초등학교,충청남도교육청,당진시,N10,충청남도 당진시 신평면 샛터로 172
8291048,합덕초등학교,충청남도교육청,당진시,N10,충청남도 당진시 합덕읍 덕평로 508
8291049,합도초등학교,충청남도교육청,당진시,N10,충청남도 당진시 합덕읍 면천로 1538
8291050,삼봉초등학교난지분교장,충청남도교육청,당진시,N10,충청남도 당진시 석문면 난지1길 155
8291054,원당초등학교,충청남도교육청,당진시,N10,충청남도 당진시 밤절로 31
8291102,대덕초등학교,충청남도교육청,당진시,N10,충청남도 당진시 대덕1로 80
8291104,수청초등학교,충청남도교육청,당진시,N10,충청남도 당진시 수청2로 37
8291107,혜성초등학교,충청남도교육청,당진시,N10,충청남도 당진시 수청중앙로 60
8332121,전주금암초등학교,전북특별자치도교육청,전주시,P10,전북특별자치도 전주시 덕진구 권삼득로 210
8332122,전주금평초등학교,전북특별자치도교육청,전주시,P10,전북특별자치도 전주시 덕진구 명주3길 16
8332123,전주기린초등학교,전북특별자치도교육청,전주시,P10,전북특별자치도 전주시 덕진구 견훤로 260
8332124,전주덕일초등학교,전북특별자치도교육청,전주시,P10,전북특별자치도 전주시 덕진구 하가로 71
8332125,전주덕진초등학교,전북특별자치도교육청,전주시,P10,전북특별자치도 전주시 덕진구 들사평로 61
8332126,전주동북초등학교,전북특별자치도교육청,전주시,P10,전북특별자치도 전주시 덕진구 견훤왕궁로 227
8332127,전주동신초등학교,전북특별자치도교육청,전주시,P10,전북특별자치도 전주시 덕진구 우아9길 1
8332128,전주만성초등학교,전북특별자치도교육청,전주시,P10,전북특별자치도 전주시 덕진구 중동로 32
8332129,전주만수초등학교,전북특별자치도교육청,전주시,P10,전북특별자치도 전주시 덕진구 호성로 130
8332130,전주미산초등학교,전북특별자치도교육청,전주시,P10,전북특별자치도 전주시 덕진구 전미로 160
8332131,전주반월초등학교,전북특별자치도교육청,전주시,P10,전북특별자치도 전주시 덕진구 혁신로 707
8332132,전주북일초등학교,전북특별자치도교육청,전주시,P10,전북특별자치도 전주시 덕진구 견훤로 336
8332133,전주북초등학교,전북특별자치도교육청,전주시,P10,전북특별자치도 전주시 덕진구 소리로 180
8332134,전주송북초등학교,전북특별자치도교육청,전주시,P10,전북특별자치도 전주시 덕진구 천마산로 16
8332135,전주송원초등학교,전북특별자치도교육청,전주시,P10,전북특별자치도 전주시 덕진구 와룡로 25
8332136,전주송천초등학교,전북특별자치도교육청,전주시,P10,전북특별자치도 전주시 덕진구 송천1길 10
8332137,전주신동초등학교,전북특별자치도교육청,전주시,P10,전북특별자치도 전주시 덕진구 솔내로 211
8332138,전주아중초등학교,전북특별자치도교육청,전주시,P10,전북특별자치도 전주시 덕진구 인교5길 23
8332139,전주양현초등학교,전북특별자치도교육청,전주시,P10,전북특별자치도 전주시 덕진구 만성서로 96
8332140,전주오송초등학교,전북특별자치도교육청,전주시,P10,전북특별자치도 전주시 덕진구 천마산로 87
8332141,전주온빛초등학교,전북특별자치도교육청,전주시,P10,전북특별자치도 전주시 덕진구 틀못3길 7
8332142,전주용덕초등학교,전북특별자치도교육청,전주시,P10,전북특별자치도 전주시 덕진구 용덕길 30
8332143,전주용소초등학교,전북특별자치도교육청,전주시,P10,전북특별자치도 전주시 덕진구 송천4길 38
8332144,전주원동초등학교,전북특별자치도교육청,전주시,P10,전북특별자치도 전주시 덕진구 원동로 3
8332145,전주인봉초등학교,전북특별자치도교육청,전주시,P10,전북특별자치도 전주시 덕진구 무삼지로 7
8332146,전주인후초등학교,전북특별자치도교육청,전주시,P10,전북특별자치도 전주시 덕진구 무삼지로 67
8332147,전주자연초등학교,전북특별자치도교육청,전주시,P10,전북특별자치도 전주시 덕진구 세병로 150
8332148,전주장동초등학교,전북특별자치도교육청,전주시,P10,전북특별자치도 전주시 덕진구 원장동길 91-12
8332149,전주전라초등학교,전북특별자치도교육청,전주시,P10,전북특별자치도 전주시 덕진구 심방죽로 24
8332150,전주전일초등학교,전북특별자치도교육청,전주시,P10,전북특별자치도 전주시 덕진구 태진로 98
8332151,전주조촌초등학교,전북특별자치도교육청,전주시,P10,전북특별자치도 전주시 덕진구 쪽구름로 39
8332152,전주진북초등학교,전북특별자치도교육청,전주시,P10,전북특별자치도 전주시 덕진구 진북1길 11
8332153,전주초포초등학교,전북특별자치도교육청,전주시,P10,전북특별자치도 전주시 덕진구 초포로 171
8332154,전주팔복초등학교,전북특별자치도교육청,전주시,P10,전북특별자치도 전주시 덕진구 팔과정로 181
8332155,전주하가초등학교,전북특별자치도교육청,전주시,P10,전북특별자치도 전주시 덕진구 경동로 11
8332156,전주화정초등학교,전북특별자치도교육청,전주시,P10,전북특별자치도 전주시 덕진구 세병로 55
8332157,전주남초등학교,전북특별자치도교육청,전주시,P10,전북특별자치도 전주시 완산구 장승배기로 376
8332158,전주대성초등학교,전북특별자치도교육청,전주시,P10,전북특별자치도 전주시 완산구 고덕산1길 20
8332159,전주대정초등학교,전북특별자치도교육청,전주시,P10,전북특별자치도 전주시 완산구 맏내로 57
8332160,전주동초등학교,전북특별자치도교육청,전주시,P10,전북특별자치도 전주시 완산구 물왕멀로 72
8332161,전주문정초등학교,전북특별자치도교육청,전주시,P10,전북특별자치도 전주시 완산구 구이로 1979
8332162,전주문학초등학교,전북특별자치도교육청,전주시,P10,전북특별자치도 전주시 완산구 문학로 30
8332163,전주삼천남초등학교,전북특별자치도교육청,전주시,P10,전북특별자치도 전주시 완산구 거마남로 65
8332164,전주삼천초등학교,전북특별자치도교육청,전주시,P10,전북특별자치도 전주시 완산구 성지산로 38
8332165,전주새연초등학교,전북특별자치도교육청,전주시,P10,전북특별자치도 전주시 완산구 봉곡로 60
8332166,전주서곡초등학교,전북특별자치도교육청,전주시,P10,전북특별자치도 전주시 완산구 서곡7길 30
8332167,전주서문초등학교,전북특별자치도교육청,전주시,P10,전북특별자치도 전주시 완산구 서신천변11길 19
8332168,전주서신초등학교,전북특별자치도교육청,전주시,P10,전북특별자치도 전주시 완산구 전룡로 119
8332169,전주서원초등학교,전북특별자치도교육청,전주시,P10,전북특별자치도 전주시 완산구 오두정길 45
8332170,전주서일초등학교,전북특별자치도교육청,전주시,P10,전북특별자치도 전주시 완산구 새터로 73
8332171,전주서천초등학교,전북특별자치도교육청,전주시,P10,전북특별자치도 전주시 완산구 당산로 9
8332172,전주신성초등학교,전북특별자치도교육청,전주시,P10,전북특별자치도 전주시 완산구 평화8길 16-36
8332173,전주양지초등학교,전북특별자치도교육청,전주시,P10,전북특별자치도 전주시 완산구 양지2길 11-26
8332174,전주여울초등학교,전북특별자치도교육청,전주시,P10,전북특별자치도 전주시 완산구 고사평8길 11
8332175,전주완산서초등학교,전북특별자치도교육청,전주시,P10,전북특별자치도 전주시 완산구 안행로 129
8332176,전주완산초등학교,전북특별자치도교육청,전주시,P10,전북특별자치도 전주시 완산구 매곡로 22
8332177,전주용와초등학교,전북특별자치도교육청,전주시,P10,전북특별자치도 전주시 완산구 장승배기로 14
8332178,전주용흥초등학교,전북특별자치도교육청,전주시,P10,전북특별자치도 전주시 완산구 삼천천변1길 16
8332179,전주우림초등학교,전북특별자치도교육청,전주시,P10,전북특별자치도 전주시 완산구 소태정로 21
8332180,전주우전초등학교,전북특별자치도교육청,전주시,P10,전북특별자치도 전주시 완산구 우전2길 11
8332181,전주중산초등학교,전북특별자치도교육청,전주시,P10,전북특별자치도 전주시 완산구 중산중앙로 9-10
8332182,전주중앙초등학교,전북특별자치도교육청,전주시,P10,전북특별자치도 전주시 완산구 경기전길 99
8332183,전주중인초등학교,전북특별자치도교육청,전주시,P10,전북특별자치도 전주시 완산구 중인1길 80
8332184,전주지곡초등학교,전북특별자치도교육청,전주시,P10,전북특별자치도 전주시 완산구 평화로 85
8332185,전주초등학교,전북특별자치도교육청,전주시,P10,전북특별자치도 전주시 완산구 대동로 33
8332186,전주평화초등학교,전북특별자치도교육청,전주시,P10,전북특별자치도 전주시 완산구 꽃밭정로 65
8332187,전주풍남초등학교,전북특별자치도교육청,전주시,P10,전북특별자치도 전주시 완산구 견훤왕궁로 16
8332188,전주한들초등학교,전북특별자치도교육청,전주시,P10,전북특별자치도 전주시 완산구 화산천변8길 10
8332189,전주홍산초등학교,전북특별자치도교육청,전주시,P10,전북특별자치도 전주시 완산구 마전들로30
8332190,전주화산초등학교,전북특별자치도교육청,전주시,P10,전북특별자치도 전주시 완산구 따박골7길 20
8332191,전주효림초등학교,전북특별자치도교육청,전주시,P10,전북특별자치도 전주시 완산구 강변로 128
8332192,전주효문초등학교,전북특별자치도교육청,전주시,P10,전북특별자치도 전주시 완산구 거마평로 105
8332193,전주효자초등학교,전북특별자치도교육청,전주시,P10,전북특별자치도 전주시 완산구 송정로 47
8332194,전주효천초등학교,전북특별자치도교육청,전주시,P10,전북특별자치도 전주시 완산구 효천중앙로 31
8341089,대야초등학교광산분교장,전북특별자치도교육청,군산시,P10,전라북도 군산시 대야면 번영로 1421
8342074,군산경포초등학교,전북특별자치도교육청,군산시,P10,전북특별자치도 군산시 백릉로 75
8342075,군산구암초등학교,전북특별자치도교육청,군산시,P10,전북특별자치도 군산시 경암3길 64-1
8342076,군산금광초등학교,전북특별자치도교육청,군산시,P10,전북특별자치도 군산시 대학로 100
8342077,군산나운초등학교,전북특별자치도교육청,군산시,P10,전북특별자치도 군산시 신설로 50
8342078,군산남초등학교,전북특별자치도교육청,군산시,P10,전북특별자치도 군산시 삼학7길 4
8342079,군산내흥초등학교,전북특별자치도교육청,군산시,P10,전북특별자치도 군산시 패총로 38
8342080,군산동초등학교,전북특별자치도교육청,군산시,P10,전북특별자치도 군산시 번영로 181
8342081,군산문화초등학교,전북특별자치도교육청,군산시,P10,전북특별자치도 군산시 문화안길 51
8342082,군산미성초등학교,전북특별자치도교육청,군산시,P10,전북특별자치도 군산시 칠성2길 27
8342083,군산미장초등학교,전북특별자치도교육청,군산시,P10,전북특별자치도 군산시 미장안길 14
8342084,군산산북초등학교,전북특별자치도교육청,군산시,P10,전북특별자치도 군산시 원산북2길 29
8342085,군산서초등학교,전북특별자치도교육청,군산시,P10,전북특별자치도 군산시 중앙로 230
8342086,군산서해초등학교,전북특별자치도교육청,군산시,P10,전북특별자치도 군산시 의료원로 162
8342087,군산수송초등학교,전북특별자치도교육청,군산시,P10,전북특별자치도 군산시 월명로 312
8342088,군산신풍초등학교,전북특별자치도교육청,군산시,P10,전북특별자치도 군산시 하나운3길 7
8342089,군산신흥초등학교,전북특별자치도교육청,군산시,P10,전북특별자치도 군산시 백토로 129
8342090,군산용문초등학교,전북특별자치도교육청,군산시,P10,전북특별자치도 군산시 미룡로 32-8
8342091,군산월명초등학교,전북특별자치도교육청,군산시,P10,전북특별자치도 군산시 수송동로 24
8342092,군산중앙초등학교,전북특별자치도교육청,군산시,P10,전북특별자치도 군산시 중앙로 91
8342093,군산지곡초등학교,전북특별자치도교육청,군산시,P10,전북특별자치도 군산시 신지길 26
8342094,군산진포초등학교,전북특별자치도교육청,군산시,P10,전북특별자치도 군산시 나운안길 54
8342095,군산초등학교,전북특별자치도교육청,군산시,P10,전북특별자치도 군산시 지곡로 68
8342096,군산푸른솔초등학교,전북특별자치도교육청,군산시,P10,전북특별자치도 군산시 축동로 20
8342097,군산아리울초등학교,전북특별자치도교육청,군산시,P10,전북특별자치도 군산시 수송동로 90
8342098,군산풍문초등학교,전북특별자치도교육청,군산시,P10,전북특별자치도 군산시 풍마길 22
8342099,군산흥남초등학교,전북특별자치도교육청,군산시,P10,전북특별자치도 군산시 서흥안2길 20
8342100,문창초등학교,전북특별자치도교육청,군산시,P10,전북특별자치도 군산시 공항로 394
8342101,미룡초등학교,전북특별자치도교육청,군산시,P10,전북특별자치도 군산시 대학로 498-10
8342102,소룡초등학교,전북특별자치도교육청,군산시,P10,전북특별자치도 군산시 설림길 55
8342103,해성초등학교,전북특별자치도교육청,군산시,P10,전북특별자치도 군산시 옥성남길 21
8342104,옥구초등학교,전북특별자치도교육청,군산시,P10,전북특별자치도 군산시 옥구읍 옥구로 50
8342105,개정초등학교,전북특별자치도교육청,군산시,P10,전북특별자치도 군산시 개정면 동정1길 5
8342106,발산초등학교,전북특별자치도교육청,군산시,P10,전북특별자치도 군산시 개정면 바르메길 43
8342107,나포초등학교,전북특별자치도교육청,군산시,P10,전북특별자치도 군산시 나포면 교동1길 23
8342108,대야남초등학교,전북특별자치도교육청,군산시,P10,전북특별자치도 군산시 대야면 남군산로 116
8342109,대야초등학교,전북특별자치도교육청,군산시,P10,전북특별자치도 군산시 대야면 대야관통로 141-13
8342112,서수초등학교,전북특별자치도교육청,군산시,P10,전북특별자치도 군산시 서수면 항쟁로 199
8342113,성산초등학교,전북특별자치도교육청,군산시,P10,전북특별자치도 군산시 성산면 동군산로 39
8342114,창오초등학교,전북특별자치도교육청,군산시,P10,전북특별자치도 군산시 성산면 동군산로 393
8342115,새만금초등학교,전북특별자치도교육청,군산시,P10,전북특별자치도 군산시 요죽5길 42
8342117,무녀도초등학교,전북특별자치도교육청,군산시,P10,전북특별자치도 군산시 옥도면 무녀도2길 33
8342122,당북초등학교,전북특별자치도교육청,군산시,P10,전북특별자치도 군산시 옥산면 백석로 40
8342123,옥산초등학교,전북특별자치도교육청,군산시,P10,전북특별자치도 군산시 옥산면 여로2길 40
8342124,옥봉초등학교,전북특별자치도교육청,군산시,P10,전북특별자치도 군산시 옥서면 옥봉초교길 29
8342125,술산초등학교,전북특별자치도교육청,군산시,P10,전북특별자치도 군산시 임피면 남산로 26-13
8342126,임피초등학교,전북특별자치도교육청,군산시,P10,전북특별자치도 군산시 임피면 동헌길 38
8342127,오봉초등학교,전북특별자치도교육청,군산시,P10,전북특별자치도 군산시 회현면 오봉길 55
8342128,회현초등학교,전북특별자치도교육청,군산시,P10,전북특별자치도 군산시 회현면 회현로 139
8342129,군산금빛초등학교,전북특별자치도교육청,군산시,P10,전북특별자치도 군산시 궁포3로 48
8352082,이리계문초등학교,전북특별자치도교육청,익산시,P10,전북특별자치도 익산시 계문길 79-8
8352083,이리고현초등학교,전북특별자치도교육청,익산시,P10,전북특별자치도 익산시 선화로23길 44
8352084,이리남창초등학교,전북특별자치도교육청,익산시,P10,전북특별자치도 익산시 인북로 171
8352085,이리남초등학교,전북특별자치도교육청,익산시,P10,전북특별자치도 익산시 번영로 2040-9
8352086,이리동남초등학교,전북특별자치도교육청,익산시,P10,전북특별자치도 익산시 동천로7길 18
8352087,이리동북초등학교,전북특별자치도교육청,익산시,P10,전북특별자치도 익산시 고봉로 190-3
8352088,이리동산초등학교,전북특별자치도교육청,익산시,P10,전북특별자치도 익산시 평동로23길 46
8352089,이리동초등학교,전북특별자치도교육청,익산시,P10,전북특별자치도 익산시 동서로51길 57
8352090,이리마한초등학교,전북특별자치도교육청,익산시,P10,전북특별자치도 익산시 무왕로17길 47
8352091,이리모현초등학교,전북특별자치도교육청,익산시,P10,전북특별자치도 익산시 배산로14길 12-4
8352092,이리백제초등학교,전북특별자치도교육청,익산시,P10,전북특별자치도 익산시 궁동로 29
8352093,이리부송초등학교,전북특별자치도교육청,익산시,P10,전북특별자치도 익산시 부송로2길 27
8352094,이리부천초등학교,전북특별자치도교육청,익산시,P10,전북특별자치도 익산시 부송1로 32
8352095,이리북일초등학교,전북특별자치도교육청,익산시,P10,전북특별자치도 익산시 동서로19길 100
8352096,이리북초등학교,전북특별자치도교육청,익산시,P10,전북특별자치도 익산시 인북로58길 11
8352097,이리삼성초등학교,전북특별자치도교육청,익산시,P10,전북특별자치도 익산시 하나로15길 17-7
8352098,이리서초등학교,전북특별자치도교육청,익산시,P10,전북특별자치도 익산시 익산대로 213
8352099,이리석암초등학교,전북특별자치도교육청,익산시,P10,전북특별자치도 익산시 서동로46길 119
8352100,이리송학초등학교,전북특별자치도교육청,익산시,P10,전북특별자치도 익산시 학곤로 57
8352101,이리신동초등학교,전북특별자치도교육청,익산시,P10,전북특별자치도 익산시 무왕로 981
8352102,이리신흥초등학교,전북특별자치도교육청,익산시,P10,전북특별자치도 익산시 하나로3길 10
8352103,이리영등초등학교,전북특별자치도교육청,익산시,P10,전북특별자치도 익산시 동서로41길 37
8352104,이리중앙초등학교,전북특별자치도교육청,익산시,P10,전북특별자치도 익산시 인북로 77
8352105,이리초등학교,전북특별자치도교육청,익산시,P10,전북특별자치도 익산시 중앙로15길 20
8352106,이리팔봉초등학교,전북특별자치도교육청,익산시,P10,전북특별자치도 익산시 무왕로31길 10
8352107,익산가온초등학교,전북특별자치도교육청,익산시,P10,전북특별자치도 익산시 선화로1길 106
8352108,익산궁동초등학교,전북특별자치도교육청,익산시,P10,전북특별자치도 익산시 무왕로25길 26
8352109,익산어양초등학교,전북특별자치도교육청,익산시,P10,전북특별자치도 익산시 하나로10길 23
8352110,익산옥야초등학교,전북특별자치도교육청,익산시,P10,전북특별자치도 익산시 옛둑2길 52
8352111,익산초등학교,전북특별자치도교육청,익산시,P10,전북특별자치도 익산시 동서로61길 27-38
8352112,익산한벌초등학교,전북특별자치도교육청,익산시,P10,전북특별자치도 익산시 부송1로 115
8352113,다송초등학교,전북특별자치도교육청,익산시,P10,전북특별자치도 익산시 함열읍 익산대로 1351
8352114,함열초등학교,전북특별자치도교육청,익산시,P10,전북특별자치도 익산시 함열읍 함열8길 2
8352115,금마초등학교,전북특별자치도교육청,익산시,P10,전북특별자치도 익산시 금마면 금마4길 38
8352116,미륵초등학교,전북특별자치도교육청,익산시,P10,전북특별자치도 익산시 금마면 용순길 243
8352117,낭산초등학교,전북특별자치도교육청,익산시,P10,전북특별자치도 익산시 낭산면 우신길 142
8352118,용성초등학교,전북특별자치도교육청,익산시,P10,전북특별자치도 익산시 낭산면 하맹길 183
8352119,망성초등학교,전북특별자치도교육청,익산시,P10,전북특별자치도 익산시 망성면 여강로 903
8352120,성북초등학교,전북특별자치도교육청,익산시,P10,전북특별자치도 익산시 망성면 신작길 17-5
8352121,삼기초등학교,전북특별자치도교육청,익산시,P10,전북특별자치도 익산시 삼기면 황금로 523
8352122,석불초등학교,전북특별자치도교육청,익산시,P10,전북특별자치도 익산시 삼기면 진북로 267
8352123,성당초등학교,전북특별자치도교육청,익산시,P10,전북특별자치도 익산시 성당면 성당로 354-16
8352124,여산초등학교,전북특별자치도교육청,익산시,P10,전북특별자치도 익산시 여산면 동헌길 14
8352125,영만초등학교,전북특별자치도교육청,익산시,P10,전북특별자치도 익산시 오산면 선화로4길 42-9
8352126,오산남초등학교,전북특별자치도교육청,익산시,P10,전북특별자치도 익산시 오산면 남전1길 27
8352127,오산초등학교,전북특별자치도교육청,익산시,P10,전북특별자치도 익산시 오산면 오산로 38
8352128,왕궁남초등학교,전북특별자치도교육청,익산시,P10,전북특별자치도 익산시 왕궁면 학호길 12
8352129,왕궁초등학교,전북특별자치도교육청,익산시,P10,전북특별자치도 익산시 왕궁면 견우길 3
8352130,왕북초등학교,전북특별자치도교육청,익산시,P10,전북특별자치도 익산시 왕궁면 금광길 54-12
8352131,흥왕초등학교,전북특별자치도교육청,익산시,P10,전북특별자치도 익산시 용동면 흥왕1길 17
8352132,용남초등학교,전북특별자치도교육청,익산시,P10,전북특별자치도 익산시 용안면 입산길 13
8352133,용북초등학교,전북특별자치도교육청,익산시,P10,전북특별자치도 익산시 용안면 용북로 81
8352134,용안초등학교,전북특별자치도교육청,익산시,P10,전북특별자치도 익산시 용안면 용안교동1길 6-1
8352135,웅포초등학교,전북특별자치도교육청,익산시,P10,전북특별자치도 익산시 웅포면 강변로 10-1
8352136,천서초등학교,전북특별자치도교육청,익산시,P10,전북특별자치도 익산시 춘포면 천서길 221
8352137,춘포초등학교,전북특별자치도교육청,익산시,P10,전북특별자치도 익산시 춘포면 춘포로 408
8352138,함라초등학교,전북특별자치도교육청,익산시,P10,전북특별자치도 익산시 함라면 함라1길 66
8352139,용산초등학교,전북특별자치도교육청,익산시,P10,전북특별자치도 익산시 황등면 용산로 193
8352140,황등남초등학교,전북특별자치도교육청,익산시,P10,전북특별자치도 익산시 황등면 황등서로 44
8352141,황등초등학교,전북특별자치도교육청,익산시,P10,전북특별자치도 익산시 황등면 황금로 17-6
8362044,교암초등학교,전북특별자치도교육청,정읍시,P10,전북특별자치도 정읍시 정읍사로 179
8362045,내장초등학교,전북특별자치도교육청,정읍시,P10,전북특별자치도 정읍시 대석1길 13-4
8362046,동신초등학교,전북특별자치도교육청,정읍시,P10,전북특별자치도 정읍시 상동중앙로 15
8362047,서신초등학교,전북특별자치도교육청,정읍시,P10,전북특별자치도 정읍시 소성상평로 401-5
8362048,영산초등학교,전북특별자치도교육청,정읍시,P10,전북특별자치도 정읍시 하북1길 217
8362049,정읍남초등학교,전북특별자치도교육청,정읍시,P10,전북특별자치도 정읍시 남산5길 25
8362050,정읍동초등학교,전북특별자치도교육청,정읍시,P10,전북특별자치도 정읍시 충정로 176
8362051,정읍북초등학교,전북특별자치도교육청,정읍시,P10,전북특별자치도 정읍시 명덕1길 41
8362052,정읍서초등학교,전북특별자치도교육청,정읍시,P10,전북특별자치도 정읍시 명륜길 32
8362053,정읍수성초등학교,전북특별자치도교육청,정읍시,P10,전북특별자치도 정읍시 수성3로 21
8362054,정읍초등학교,전북특별자치도교육청,정읍시,P10,전북특별자치도 정읍시 마곡로 33
8362055,정일초등학교,전북특별자치도교육청,정읍시,P10,전북특별자치도 정읍시 정문들목길 26-19
8362056,한솔초등학교,전북특별자치도교육청,정읍시,P10,전북특별자치도 정읍시 학산로 69
8362057,신태인초등학교,전북특별자치도교육청,정읍시,P10,전북특별자치도 정읍시 신태인읍 신태인1길 54-3
8362058,감곡초등학교,전북특별자치도교육청,정읍시,P10,전북특별자치도 정읍시 감곡면 감곡동서로 355
8362059,고부초등학교,전북특별자치도교육청,정읍시,P10,전북특별자치도 정읍시 고부면 교동3길 14
8362060,덕천초등학교,전북특별자치도교육청,정읍시,P10,전북특별자치도 정읍시 덕천면 황토현로 831
8362062,보성초등학교,전북특별자치도교육청,정읍시,P10,전북특별자치도 정읍시 북면 연지길 38-27
8362063,북면초등학교,전북특별자치도교육청,정읍시,P10,전북특별자치도 정읍시 북면 화평길 31
8362064,능교초등학교,전북특별자치도교육청,정읍시,P10,전북특별자치도 정읍시 산내면 능교3길 13-5
8362065,산외초등학교,전북특별자치도교육청,정읍시,P10,전북특별자치도 정읍시 산외면 운전2길 7
8362066,소성초등학교,전북특별자치도교육청,정읍시,P10,전북특별자치도 정읍시 소성면 보화1길 130
8362067,영원초등학교,전북특별자치도교육청,정읍시,P10,전북특별자치도 정읍시 영원면 영원로 1087
8362068,옹동초등학교,전북특별자치도교육청,정읍시,P10,전북특별자치도 정읍시 옹동면 칠석1길 29-7
8362069,이평초등학교,전북특별자치도교육청,정읍시,P10,전북특별자치도 정읍시 이평면 말목장터길 5-29
8362070,대흥초등학교,전북특별자치도교육청,정읍시,P10,전북특별자치도 정읍시 입암면 정읍남로 766
8362071,입암초등학교,전북특별자치도교육청,정읍시,P10,전북특별자치도 정읍시 입암면 입암중앙길 29
8362072,정남초등학교,전북특별자치도교육청,정읍시,P10,전북특별자치도 정읍시 정우면 대산1길 90
8362073,정우초등학교,전북특별자치도교육청,정읍시,P10,전북특별자치도 정읍시 정우면 금남길 28-24
8362074,백암초등학교,전북특별자치도교육청,정읍시,P10,전북특별자치도 정읍시 칠보면 암축길 17
8362075,수곡초등학교,전북특별자치도교육청,정읍시,P10,전북특별자치도 정읍시 칠보면 여옥길 11
8362076,칠보초등학교,전북특별자치도교육청,정읍시,P10,전북특별자치도 정읍시 칠보면 칠보중앙로 130
8362077,태인초등학교,전북특별자치도교육청,정읍시,P10,전북특별자치도 정읍시 태인면 동헌길 16
8372033,남원교룡초등학교,전북특별자치도교육청,남원시,P10,전북특별자치도 남원시 광천남길 654
8372034,남원노암초등학교,전북특별자치도교육청,남원시,P10,전북특별자치도 남원시 여수길 14
8372035,남원도통초등학교,전북특별자치도교육청,남원시,P10,전북특별자치도 남원시 대교2길 22
8372036,남원왕치초등학교,전북특별자치도교육청,남원시,P10,전북특별자치도 남원시 박달길 37
8372037,남원용성초등학교,전북특별자치도교육청,남원시,P10,전북특별자치도 남원시 용성로 29
8372038,남원월락초등학교,전북특별자치도교육청,남원시,P10,전북특별자치도 남원시 용성로 321
8372039,남원중앙초등학교,전북특별자치도교육청,남원시,P10,전북특별자치도 남원시 동림로 36
8372040,남원초등학교,전북특별자치도교육청,남원시,P10,전북특별자치도 남원시 가방뜰길 18
8372041,운봉초등학교,전북특별자치도교육청,남원시,P10,전북특별자치도 남원시 운봉읍 운봉로 725
8372043,금지초등학교,전북특별자치도교육청,남원시,P10,전북특별자치도 남원시 금지면 택내길 36-37
8372044,대강초등학교,전북특별자치도교육청,남원시,P10,전북특별자치도 남원시 대강면 섬진로 852
8372045,남원대산초등학교,전북특별자치도교육청,남원시,P10,전북특별자치도 남원시 대산면 운교1길 10
8372046,남원서원초등학교,전북특별자치도교육청,남원시,P10,전북특별자치도 남원시 대산면 남문로 109
8372047,덕과초등학교,전북특별자치도교육청,남원시,P10,전북특별자치도 남원시 덕과면 덕오로 298
8372048,보절초등학교,전북특별자치도교육청,남원시,P10,전북특별자치도 남원시 보절면 신흥2길 5
8372049,사매초등학교,전북특별자치도교육청,남원시,P10,전북특별자치도 남원시 사매면 오신2길 7번지
8372050,산내초등학교,전북특별자치도교육청,남원시,P10,전북특별자치도 남원시 산내면 대정길 99
8372051,산동초등학교,전북특별자치도교육청,남원시,P10,전북특별자치도 남원시 산동면 요천로 2929
8372052,송동초등학교,전북특별자치도교육청,남원시,P10,전북특별자치도 남원시 송동면 노송로 624-6
8372053,수지초등학교,전북특별자치도교육청,남원시,P10,전북특별자치도 남원시 수지면 내호곡3길 21
8372054,아영초등학교,전북특별자치도교육청,남원시,P10,전북특별자치도 남원시 아영면 고인청계길 15
8372055,오동초등학교,전북특별자치도교육청,남원시,P10,전북특별자치도 남원시 이백면 이백로 147
8372056,이백초등학교,전북특별자치도교육청,남원시,P10,전북특별자치도 남원시 이백면 평촌길 30
8372057,인월초등학교,전북특별자치도교육청,남원시,P10,전북특별자치도 남원시 인월면 인월1길 55
8372058,주생초등학교,전북특별자치도교육청,남원시,P10,전북특별자치도 남원시 주생면 소지길 21-5
8372059,원천초등학교,전북특별자치도교육청,남원시,P10,전북특별자치도 남원시 주천면 외평2길 23
8382044,김제검산초등학교,전북특별자치도교육청,김제시,P10,전북특별자치도 김제시 도작로 122
8382045,김제동초등학교,전북특별자치도교육청,김제시,P10,전북특별자치도 김제시 중앙13길 18
8382046,김제북초등학교,전북특별자치도교육청,김제시,P10,전북특별자치도 김제시 콩쥐팥쥐로 306-56
8382047,김제중앙초등학교,전북특별자치도교육청,김제시,P10,전북특별자치도 김제시 동서로 193
8382048,김제초등학교,전북특별자치도교육청,김제시,P10,전북특별자치도 김제시 서낭당길 31
8382049,백석초등학교,전북특별자치도교육청,김제시,P10,전북특별자치도 김제시 백산로 54
8382050,월성초등학교,전북특별자치도교육청,김제시,P10,전북특별자치도 김제시 봉황로 1020
8382051,월촌초등학교,전북특별자치도교육청,김제시,P10,전북특별자치도 김제시 입석7길 119
8382052,만경초등학교,전북특별자치도교육청,김제시,P10,전북특별자치도 김제시 만경읍 능제2길 2
8382053,공덕초등학교,전북특별자치도교육청,김제시,P10,전북특별자치도 김제시 공덕면 공덕로 248
8382054,황강초등학교,전북특별자치도교육청,김제시,P10,전북특별자치도 김제시 공덕면 유강4길 94
8382055,광활초등학교,전북특별자치도교육청,김제시,P10,전북특별자치도 김제시 광활면 광활11길 37
8382056,금구초등학교,전북특별자치도교육청,김제시,P10,전북특별자치도 김제시 금구면 금구로 40
8382057,청운초등학교,전북특별자치도교육청,김제시,P10,전북특별자치도 김제시 금구면 황토로 168-30
8382059,금산초등학교,전북특별자치도교육청,김제시,P10,전북특별자치도 김제시 금산면 모악로 383
8382060,원평초등학교,전북특별자치도교육청,김제시,P10,전북특별자치도 김제시 금산면 원평로 101
8382062,난산초등학교,전북특별자치도교육청,김제시,P10,전북특별자치도 김제시 백구면 금백로 1213
8382063,백구초등학교,전북특별자치도교육청,김제시,P10,전북특별자치도 김제시 백구면 석담2길 36
8382064,부용초등학교,전북특별자치도교육청,김제시,P10,전북특별자치도 김제시 백구면 황토로 1030
8382065,치문초등학교,전북특별자치도교육청,김제시,P10,전북특별자치도 김제시 백구면 유강11길 43
8382066,종정초등학교,전북특별자치도교육청,김제시,P10,전북특별자치도 김제시 백산면 종정1길 143
8382067,봉남초등학교,전북특별자치도교육청,김제시,P10,전북특별자치도 김제시 봉남면 조양1길 11
8382068,초처초등학교,전북특별자치도교육청,김제시,P10,전북특별자치도 김제시 봉남면 초처로 233
8382069,벽량초등학교,전북특별자치도교육청,김제시,P10,전북특별자치도 김제시 부량면 대평2길 99
8382070,성덕초등학교,전북특별자치도교육청,김제시,P10,전북특별자치도 김제시 성덕면 대석로 75
8382072,용동초등학교,전북특별자치도교육청,김제시,P10,전북특별자치도 김제시 용지면 용덕길 36
8382073,용지초등학교,전북특별자치도교육청,김제시,P10,전북특별자치도 김제시 용지면 용지로 462
8382074,죽산초등학교,전북특별자치도교육청,김제시,P10,전북특별자치도 김제시 죽산면 죽산2길 13
8382076,진봉초등학교,전북특별자치도교육청,김제시,P10,전북특별자치도 김제시 진봉면 진봉로 302
8382077,청하초등학교,전북특별자치도교육청,김제시,P10,전북특별자치도 김제시 청하면 대청4길 25
8382078,남양초등학교,전북특별자치도교육청,김제시,P10,전북특별자치도 김제시 황산면 남산로 366
8382079,황산초등학교,전북특별자치도교육청,김제시,P10,전북특별자치도 김제시 황산면 용마로 75
8392043,봉동초등학교,전북특별자치도교육청,완주군,P10,전북특별자치도 완주군 봉동읍 봉동동서로 105
8392044,봉서초등학교,전북특별자치도교육청,완주군,P10,전북특별자치도 완주군 봉동읍 원둔산6길 5
8392045,봉성초등학교,전북특별자치도교육청,완주군,P10,전북특별자치도 완주군 봉동읍 신덕성덕길 58-17
8392046,용봉초등학교,전북특별자치도교육청,완주군,P10,전북특별자치도 완주군 봉동읍 완주로 449
8392047,청완초등학교,전북특별자치도교육청,완주군,P10,전북특별자치도 완주군 봉동읍 완주산단9로 80
8392048,삼례동초등학교,전북특별자치도교육청,완주군,P10,전북특별자치도 완주군 삼례읍 삼봉4로 9
8392049,삼례중앙초등학교,전북특별자치도교육청,완주군,P10,전북특별자치도 완주군 삼례읍 웃삼례길 17-10
8392050,삼례초등학교,전북특별자치도교육청,완주군,P10,전북특별자치도 완주군 삼례읍 후정로 30
8392051,간중초등학교,전북특별자치도교육청,완주군,P10,전북특별자치도 완주군 용진읍 간중길 39
8392052,용진초등학교,전북특별자치도교육청,완주군,P10,전북특별자치도 완주군 용진읍 상삼1길 52
8392053,가천초등학교,전북특별자치도교육청,완주군,P10,전북특별자치도 완주군 경천면 경가천길 148-9
8392054,고산초등학교,전북특별자치도교육청,완주군,P10,전북특별자치도 완주군 고산면 고산로 153
8392055,봉동초등학교양화분교장,전북특별자치도교육청,완주군,P10,전북특별자치도 완주군 고산면 양화로 181-7
8392056,삼우초등학교,전북특별자치도교육청,완주군,P10,전북특별자치도 완주군 고산면 천호로 27-16
8392057,구이초등학교,전북특별자치도교육청,완주군,P10,전북특별자치도 완주군 구이면 구이로 1357
8392058,대덕초등학교,전북특별자치도교육청,완주군,P10,전북특별자치도 완주군 구이면 구이로 641
8392059,청명초등학교,전북특별자치도교육청,완주군,P10,전북특별자치도 완주군 구이면 구이로 1712
8392060,태봉초등학교,전북특별자치도교육청,완주군,P10,전북특별자치도 완주군 구이면 덕평로 289
8392061,동상초등학교,전북특별자치도교육청,완주군,P10,전북특별자치도 완주군 동상면 대아저수로 1525
8392062,비봉초등학교,전북특별자치도교육청,완주군,P10,전북특별자치도 완주군 비봉면 비봉소농길 40
8392063,남관초등학교,전북특별자치도교육청,완주군,P10,전북특별자치도 완주군 상관면 마자길 7
8392064,상관초등학교,전북특별자치도교육청,완주군,P10,전북특별자치도 완주군 상관면 신리로 115
8392065,동양초등학교,전북특별자치도교육청,완주군,P10,전북특별자치도 완주군 소양면 전진로 1059
8392066,소양서초등학교,전북특별자치도교육청,완주군,P10,전북특별자치도 완주군 소양면 명덕로 38
8392067,소양초등학교,전북특별자치도교육청,완주군,P10,전북특별자치도 완주군 소양면 소양로 239
8392068,송광초등학교,전북특별자치도교육청,완주군,P10,전북특별자치도 완주군 소양면 송광새터길 16-3
8392069,운주초등학교,전북특별자치도교육청,완주군,P10,전북특별자치도 완주군 운주면 운주로 107
8392070,이서초등학교,전북특별자치도교육청,완주군,P10,전북특별자치도 완주군 이서면 이서로 76
8392071,이성초등학교,전북특별자치도교육청,완주군,P10,전북특별자치도 완주군 이서면 대문안1길 23
8392072,화산초등학교,전북특별자치도교육청,완주군,P10,전북특별자치도 완주군 화산면 화산로 830
8402018,오천초등학교,전북특별자치도교육청,진안군,P10,전북특별자치도 진안군 진안읍 죽산로 5
8402019,진안중앙초등학교,전북특별자치도교육청,진안군,P10,전북특별자치도 진안군 진안읍 학천변길 37-6
8402020,진안초등학교,전북특별자치도교육청,진안군,P10,전북특별자치도 진안군 진안읍 중앙로 55
8402021,동향초등학교,전북특별자치도교육청,진안군,P10,전북특별자치도 진안군 동향면 하양지1길 5
8402022,마령초등학교,전북특별자치도교육청,진안군,P10,전북특별자치도 진안군 마령면 임진로 2122
8402023,백운초등학교,전북특별자치도교육청,진안군,P10,전북특별자치도 진안군 백운면 임진로 1340-8
8402024,부귀초등학교,전북특별자치도교육청,진안군,P10,전북특별자치도 진안군 부귀면 부귀로 313-9
8402025,장승초등학교,전북특별자치도교육청,진안군,P10,전북특별자치도 진안군 부귀면 곰티로 1287
8402026,외궁초등학교,전북특별자치도교육청,진안군,P10,전북특별자치도 진안군 성수면 가외반로 498
8402027,안천초등학교,전북특별자치도교육청,진안군,P10,전북특별자치도 진안군 안천면 진무로 3071-9
8402028,송풍초등학교,전북특별자치도교육청,진안군,P10,전북특별자치도 진안군 용담면 안용로 1005
8402029,조림초등학교,전북특별자치도교육청,진안군,P10,전북특별자치도 진안군 정천면 봉학로 52
8402030,주천초등학교,전북특별자치도교육청,진안군,P10,전북특별자치도 진안군 주천면 동상주천로 2225
8412014,무주중앙초등학교,전북특별자치도교육청,무주군,P10,전북특별자치도 무주군 무주읍 향학로 87
8412015,무주초등학교,전북특별자치도교육청,무주군,P10,전북특별자치도 무주군 무주읍 향한로 43
8412016,무풍초등학교,전북특별자치도교육청,무주군,P10,전북특별자치도 무주군 무풍면 대덕산로 926
8412017,부남초등학교,전북특별자치도교육청,무주군,P10,전북특별자치도 무주군 부남면 대소길 10
8412019,구천초등학교,전북특별자치도교육청,무주군,P10,전북특별자치도 무주군 설천면 구천동로 898
8412020,설천초등학교,전북특별자치도교육청,무주군,P10,전북특별자치도 무주군 설천면 무설로 1599
8412021,안성초등학교,전북특별자치도교육청,무주군,P10,전북특별자치도 무주군 안성면 칠연로 58
8412022,괴목초등학교,전북특별자치도교육청,무주군,P10,전북특별자치도 무주군 적상면 괴목로 536-4
8412023,적상초등학교,전북특별자치도교육청,무주군,P10,전북특별자치도 무주군 적상면 삼가로 16
8422014,수남초등학교,전북특별자치도교육청,장수군,P10,전북특별자치도 장수군 장수읍 장수로 1898
8422015,장수초등학교,전북특별자치도교육청,장수군,P10,전북특별자치도 장수군 장수읍 향교길 11-8
8422016,계남초등학교,전북특별자치도교육청,장수군,P10,전북특별자치도 장수군 계남면 조곡길 1
8422017,계북초등학교,전북특별자치도교육청,장수군,P10,전북특별자치도 장수군 계북면 문성길 7
8422018,번암초등학교,전북특별자치도교육청,장수군,P10,전북특별자치도 장수군 번암면 동강길 21
8422019,번암초등학교동화분교장,전북특별자치도교육청,장수군,P10,전북특별자치도 장수군 번암면 지지로 610
8422020,산서초등학교,전북특별자치도교육청,장수군,P10,전북특별자치도 장수군 산서면 동백로 7
8422021,장계초등학교,전북특별자치도교육청,장수군,P10,전북특별자치도 장수군 장계면 한들로 69
8422022,천천초등학교,전북특별자치도교육청,장수군,P10,전북특별자치도 장수군 천천면 송탄로 22
8432020,임실기림초등학교,전북특별자치도교육청,임실군,P10,전북특별자치도 임실군 임실읍 봉황로 369
8432021,임실초등학교,전북특별자치도교육청,임실군,P10,전북특별자치도 임실군 임실읍 봉황로 64-12
8432022,갈담초등학교,전북특별자치도교육청,임실군,P10,전북특별자치도 임실군 강진면 호국로 65
8432023,관촌초등학교,전북특별자치도교육청,임실군,P10,전북특별자치도 임실군 관촌면 사선6길 11
8432024,덕치초등학교,전북특별자치도교육청,임실군,P10,전북특별자치도 임실군 덕치면 인덕로 1217
8432025,삼계초등학교,전북특별자치도교육청,임실군,P10,전북특별자치도 임실군 삼계면 삼계1길 20-3
8432026,성수초등학교,전북특별자치도교육청,임실군,P10,전북특별자치도 임실군 성수면 임진로 189
8432028,대리초등학교,전북특별자치도교육청,임실군,P10,전북특별자치도 임실군 신평면 대리로 187
8432029,신평초등학교,전북특별자치도교육청,임실군,P10,전북특별자치도 임실군 신평면 가덕로 683
8432030,오수초등학교,전북특별자치도교육청,임실군,P10,전북특별자치도 임실군 오수면 충효로 2059
8432031,마암초등학교,전북특별자치도교육청,임실군,P10,전북특별자치도 임실군 운암면 마암2길 84
8432032,운암초등학교,전북특별자치도교육청,임실군,P10,전북특별자치도 임실군 운암면 상운길 12
8432033,지사초등학교,전북특별자치도교육청,임실군,P10,전북특별자치도 임실군 지사면 방계3길 10
8432034,청웅초등학교,전북특별자치도교육청,임실군,P10,전북특별자치도 임실군 청웅면 청웅로 188
8442020,순창중앙초등학교,전북특별자치도교육청,순창군,P10,전북특별자치도 순창군 순창읍 장류로 385
8442021,순창초등학교,전북특별자치도교육청,순창군,P10,전북특별자치도 순창군 순창읍 순창7길 40
8442022,옥천초등학교,전북특별자치도교육청,순창군,P10,전북특별자치도 순창군 순창읍 순창6길 33
8442023,구림초등학교,전북특별자치도교육청,순창군,P10,전북특별자치도 순창군 구림면 방화로 6
8442024,금과초등학교,전북특별자치도교육청,순창군,P10,전북특별자치도 순창군 금과면 신매우1길 11
8442025,동계초등학교,전북특별자치도교육청,순창군,P10,전북특별자치도 순창군 동계면 동계로 35
8442026,동산초등학교,전북특별자치도교육청,순창군,P10,전북특별자치도 순창군 복흥면 동산길 17
8442027,복흥초등학교,전북특별자치도교육청,순창군,P10,전북특별자치도 순창군 복흥면 정산로 12
8442028,시산초등학교,전북특별자치도교육청,순창군,P10,전북특별자치도 순창군 쌍치면 시산길 45
8442029,쌍치초등학교,전북특별자치도교육청,순창군,P10,전북특별자치도 순창군 쌍치면 반계길 40
8442030,유등초등학교,전북특별자치도교육청,순창군,P10,전북특별자치도 순창군 유등면 유등로 413
8442031,인계초등학교,전북특별자치도교육청,순창군,P10,전북특별자치도 순창군 인계면 인성로 162-7
8442032,적성초등학교,전북특별자치도교육청,순창군,P10,전북특별자치도 순창군 적성면 적성로 149-7
8442033,팔덕초등학교,전북특별자치도교육청,순창군,P10,전북특별자치도 순창군 팔덕면 강천로 328
8442034,풍산초등학교,전북특별자치도교육청,순창군,P10,전북특별자치도 순창군 풍산면 금풍로 997-10
8452028,고창초등학교,전북특별자치도교육청,고창군,P10,전북특별자치도 고창군 고창읍 중앙로 259
8452029,고창남초등학교,전북특별자치도교육청,고창군,P10,전북특별자치도 고창군 고창읍 중거리당산로 111
8452030,고수초등학교,전북특별자치도교육청,고창군,P10,전북특별자치도 고창군 고수면 고수로 93
8452031,공음초등학교,전북특별자치도교육청,고창군,P10,전북특별자치도 고창군 공음면 공음길 20
8452033,대산초등학교,전북특별자치도교육청,고창군,P10,전북특별자치도 고창군 대산면 장자산로 669
8452034,매산초등학교,전북특별자치도교육청,고창군,P10,전북특별자치도 고창군 대산면 매산초등길 22
8452035,무장초등학교,전북특별자치도교육청,고창군,P10,전북특별자치도 고창군 무장면 무장초등길 24
8452036,봉암초등학교,전북특별자치도교육청,고창군,P10,전북특별자치도 고창군 부안면 인촌로 505
8452038,상하초등학교,전북특별자치도교육청,고창군,P10,전북특별자치도 고창군 상하면 상하1길 36
8452039,성내초등학교,전북특별자치도교육청,고창군,P10,전북특별자치도 고창군 성내면 시기2길 2
8452040,성송초등학교,전북특별자치도교육청,고창군,P10,전북특별자치도 고창군 성송면 백토1길 10
8452041,가평초등학교,전북특별자치도교육청,고창군,P10,전북특별자치도 고창군 신림면 가평로 472
8452042,신림초등학교,전북특별자치도교육청,고창군,P10,전북특별자치도 고창군 신림면 동법지길 61
8452043,심원초등학교,전북특별자치도교육청,고창군,P10,전북특별자치도 고창군 심원면 심원로 229
8452044,대아초등학교,전북특별자치도교육청,고창군,P10,전북특별자치도 고창군 아산면 녹두로 776
8452045,아산초등학교,전북특별자치도교육청,고창군,P10,전북특별자치도 고창군 아산면 영모정길 45
8452046,동호초등학교,전북특별자치도교육청,고창군,P10,전북특별자치도 고창군 해리면 신동호길 18
8452047,해리초등학교,전북특별자치도교육청,고창군,P10,전북특별자치도 고창군 해리면 해리중앙로 152
8452048,흥덕초등학교,전북특별자치도교육청,고창군,P10,전북특별자치도 고창군 흥덕면 흥덕초등길 13
8452063,고창부안초등학교,전북특별자치도교육청,고창군,P10,전북특별자치도 고창군 부안면 복분자로 806
8462027,부안남초등학교,전북특별자치도교육청,부안군,P10,전북특별자치도 부안군 부안읍 연곡로 7
8462028,부안동초등학교,전북특별자치도교육청,부안군,P10,전북특별자치도 부안군 부안읍 석정로 313
8462029,부안초등학교,전북특별자치도교육청,부안군,P10,전북특별자치도 부안군 부안읍 부풍로 29
8462031,창북초등학교,전북특별자치도교육청,부안군,P10,전북특별자치도 부안군 계화면 창북중앙길 115
8462032,동북초등학교,전북특별자치도교육청,부안군,P10,전북특별자치도 부안군 동진면 제전길 63
8462033,동진초등학교,전북특별자치도교육청,부안군,P10,전북특별자치도 부안군 동진면 동진로 145
8462034,백룡초등학교,전북특별자치도교육청,부안군,P10,전북특별자치도 부안군 백산면 시기길 15
8462035,백산초등학교,전북특별자치도교육청,부안군,P10,전북특별자치도 부안군 백산면 백산로 306-7
8462036,격포초등학교,전북특별자치도교육청,부안군,P10,전북특별자치도 부안군 변산면 격포윗길 11
8462037,변산초등학교,전북특별자치도교육청,부안군,P10,전북특별자치도 부안군 변산면 지서1길 11
8462038,영전초등학교,전북특별자치도교육청,부안군,P10,전북특별자치도 부안군 보안면 부안로 1158
8462040,우덕초등학교,전북특별자치도교육청,부안군,P10,전북특별자치도 부안군 상서면 부안로 1971
8462041,위도초등학교,전북특별자치도교육청,부안군,P10,전북특별자치도 부안군 위도면 진리잔등로 113-3
8462043,주산초등학교,전북특별자치도교육청,부안군,P10,전북특별자치도 부안군 주산면 주산초교길 86-11
8462044,줄포초등학교,전북특별자치도교육청,부안군,P10,전북특별자치도 부안군 줄포면 줄포초교길 16
8462045,곰소초등학교,전북특별자치도교육청,부안군,P10,전북특별자치도 부안군 진서면 작도길 7
8462047,하서초등학교,전북특별자치도교육청,부안군,P10,전북특별자치도 부안군 하서면 석불로 68
8462048,행안초등학교,전북특별자치도교육청,부안군,P10,전북특별자치도 부안군 행안면 월륜길 18
8502022,목포북교초등학교,전남광주통합특별시교육청(전남),목포시,Q10,전남광주통합특별시 목포시 수문로 83
8502023,목포산정초등학교,전남광주통합특별시교육청(전남),목포시,Q10,전남광주통합특별시 목포시 산대로 26
8502024,목포서부초등학교,전남광주통합특별시교육청(전남),목포시,Q10,전남광주통합특별시 목포시 원산로 27
8502025,목포중앙초등학교,전남광주통합특별시교육청(전남),목포시,Q10,전남광주통합특별시 목포시 청호로 11
8502026,목포유달초등학교,전남광주통합특별시교육청(전남),목포시,Q10,전남광주통합특별시 목포시 영산로10번길 10
8502027,목포유달초등학교달리분교장,전남광주통합특별시교육청(전남),목포시,Q10,전남광주통합특별시 목포시 달리길157번길 35
8502028,목포동초등학교,전남광주통합특별시교육청(전남),목포시,Q10,전남광주통합특별시 목포시 산정로 245
8502029,목포이로초등학교,전남광주통합특별시교육청(전남),목포시,Q10,전남광주통합특별시 목포시 이로로9번길 3
8502030,목포남초등학교,전남광주통합특별시교육청(전남),목포시,Q10,전남광주통합특별시 목포시 산정로21번길 22
8502031,목포서산초등학교,전남광주통합특별시교육청(전남),목포시,Q10,전남광주통합특별시 목포시 유달로 28
8502032,목포대성초등학교,전남광주통합특별시교육청(전남),목포시,Q10,전남광주통합특별시 목포시 청호로 79
8502033,목포용호초등학교,전남광주통합특별시교육청(전남),목포시,Q10,전남광주통합특별시 목포시 용당로 139
8502034,목포삼학초등학교,전남광주통합특별시교육청(전남),목포시,Q10,전남광주통합특별시 목포시 남해로39번길 8
8502035,목포연동초등학교,전남광주통합특별시교육청(전남),목포시,Q10,전남광주통합특별시 목포시 연동로17번길 9
8502036,목포임성초등학교,전남광주통합특별시교육청(전남),목포시,Q10,전남광주통합특별시 목포시 신지마을1길 41
8502037,목포대연초등학교,전남광주통합특별시교육청(전남),목포시,Q10,전남광주통합특별시 목포시 용당로 374
8502038,목포상동초등학교,전남광주통합특별시교육청(전남),목포시,Q10,전남광주통합특별시 목포시 상동로21번길 73
8502039,목포부영초등학교,전남광주통합특별시교육청(전남),목포시,Q10,전남광주통합특별시 목포시 통일대로75번길 24
8502040,목포하당초등학교,전남광주통합특별시교육청(전남),목포시,Q10,전남광주통합특별시 목포시 백년대로307번길 27
8502041,목포연산초등학교,전남광주통합특별시교육청(전남),목포시,Q10,전남광주통합특별시 목포시 원산중앙로 88
8502042,목포신흥초등학교,전남광주통합특별시교육청(전남),목포시,Q10,전남광주통합특별시 목포시 교육로 10
8502043,목포청호초등학교,전남광주통합특별시교육청(전남),목포시,Q10,전남광주통합특별시 목포시 옥암로96번길 25
8502044,목포한빛초등학교,전남광주통합특별시교육청(전남),목포시,Q10,전남광주통합특별시 목포시 교육로66번길 22
8502045,목포미항초등학교,전남광주통합특별시교육청(전남),목포시,Q10,전남광주통합특별시 목포시 미항로 211
8502046,목포서해초등학교,전남광주통합특별시교육청(전남),목포시,Q10,전남광주통합특별시 목포시 연산로 148
8502047,목포용해초등학교,전남광주통합특별시교육청(전남),목포시,Q10,전남광주통합특별시 목포시 포미로 35
8502048,목포석현초등학교,전남광주통합특별시교육청(전남),목포시,Q10,전남광주통합특별시 목포시 옥암로186번길 20
8502049,목포항도초등학교,전남광주통합특별시교육청(전남),목포시,Q10,전남광주통합특별시 목포시 텃골로33번길 94-8
8502050,목포애향초등학교,전남광주통합특별시교육청(전남),목포시,Q10,전남광주통합특별시 목포시 당가두로38번길 23
8502051,목포옥암초등학교,전남광주통합특별시교육청(전남),목포시,Q10,전남광주통합특별시 목포시 남악1로52번길 68-3
8502093,목포영산초등학교,전남광주통합특별시교육청(전남),목포시,Q10,전남광주통합특별시 목포시 남악1로16번길 25
8502097,목포부주초등학교,전남광주통합특별시교육청(전남),목포시,Q10,전남광주통합특별시 목포시 남악2로22번길 37
8502101,목포백련초등학교,전남광주통합특별시교육청(전남),목포시,Q10,전남광주통합특별시 목포시 연산백련로 40
8512025,여수서초등학교,전남광주통합특별시교육청(전남),여수시,Q10,전남광주통합특별시 여수시 서교1길 29
8512026,여수동초등학교,전남광주통합특별시교육청(전남),여수시,Q10,전남광주통합특별시 여수시 진남로 151
8512027,여수중앙초등학교,전남광주통합특별시교육청(전남),여수시,Q10,전남광주통합특별시 여수시 하멜로 35
8512028,여수남초등학교,전남광주통합특별시교육청(전남),여수시,Q10,전남광주통합특별시 여수시 어항로 22
8512029,여수미평초등학교,전남광주통합특별시교육청(전남),여수시,Q10,전남광주통합특별시 여수시 좌수영로 390
8512030,여수북초등학교,전남광주통합특별시교육청(전남),여수시,Q10,전남광주통합특별시 여수시 망양로 306
8512031,여수종고초등학교,전남광주통합특별시교육청(전남),여수시,Q10,전남광주통합특별시 여수시 공화북6길 52
8512032,여수진남초등학교,전남광주통합특별시교육청(전남),여수시,Q10,전남광주통합특별시 여수시 좌수영로 131
8512033,경호초등학교,전남광주통합특별시교육청(전남),여수시,Q10,전남광주통합특별시 여수시 대경도3길 48
8512034,여수봉산초등학교,전남광주통합특별시교육청(전남),여수시,Q10,전남광주통합특별시 여수시 봉산새철4길 28
8512035,여수구봉초등학교,전남광주통합특별시교육청(전남),여수시,Q10,전남광주통합특별시 여수시 구봉산길 51
8512036,여수여문초등학교,전남광주통합특별시교육청(전남),여수시,Q10,전남광주통합특별시 여수시 문수로 142-16
8512037,여수남산초등학교,전남광주통합특별시교육청(전남),여수시,Q10,전남광주통합특별시 여수시 남산북10길 8
8512038,여수한려초등학교,전남광주통합특별시교육청(전남),여수시,Q10,전남광주통합특별시 여수시 여문1로 80
8512039,여수문수초등학교,전남광주통합특별시교육청(전남),여수시,Q10,전남광주통합특별시 여수시 허문정1길 48-5
8512040,여수양지초등학교,전남광주통합특별시교육청(전남),여수시,Q10,전남광주통합특별시 여수시 양지1길 21
8512041,여수부영초등학교,전남광주통합특별시교육청(전남),여수시,Q10,전남광주통합특별시 여수시 대치3길 27
8512042,여수신월초등학교,전남광주통합특별시교육청(전남),여수시,Q10,전남광주통합특별시 여수시 신월로 614
8512043,쌍봉초등학교,전남광주통합특별시교육청(전남),여수시,Q10,전남광주통합특별시 여수시 흥국로 47
8512044,도원초등학교,전남광주통합특별시교육청(전남),여수시,Q10,전남광주통합특별시 여수시 선원4길 38
8512045,시전초등학교,전남광주통합특별시교육청(전남),여수시,Q10,전남광주통합특별시 여수시 망마로 82-17
8512046,무선초등학교,전남광주통합특별시교육청(전남),여수시,Q10,전남광주통합특별시 여수시 화산2길 31
8512047,소호초등학교,전남광주통합특별시교육청(전남),여수시,Q10,전남광주통합특별시 여수시 소호로 499
8512048,여천초등학교,전남광주통합특별시교육청(전남),여수시,Q10,전남광주통합특별시 여수시 주동1길 30
8512049,상암초등학교,전남광주통합특별시교육청(전남),여수시,Q10,전남광주통합특별시 여수시 상암로 625
8512050,소라초등학교,전남광주통합특별시교육청(전남),여수시,Q10,전남광주통합특별시 여수시 소라면 덕양로 431
8512051,소라초등학교사곡분교장,전남광주통합특별시교육청(전남),여수시,Q10,전남광주통합특별시 여수시 소라면 사곡로 27
8512052,소라초등학교소라남분교장,전남광주통합특별시교육청(전남),여수시,Q10,전남광주통합특별시 여수시 소라면 중촌1길 11
8512053,관기초등학교,전남광주통합특별시교육청(전남),여수시,Q10,전남광주통합특별시 여수시 소라면 관기길 20
8512054,율촌초등학교,전남광주통합특별시교육청(전남),여수시,Q10,전남광주통합특별시 여수시 율촌면 율촌초교길 7
8512055,율촌초등학교상봉분교장,전남광주통합특별시교육청(전남),여수시,Q10,전남광주통합특별시 여수시 율촌면 상봉1길 7
8512056,신풍초등학교,전남광주통합특별시교육청(전남),여수시,Q10,전남광주통합특별시 여수시 율촌면 여순로 435-4
8512057,나진초등학교,전남광주통합특별시교육청(전남),여수시,Q10,전남광주통합특별시 여수시 화양면 나진1길 10
8512058,화양초등학교,전남광주통합특별시교육청(전남),여수시,Q10,전남광주통합특별시 여수시 화양면 화동로 149
8512059,안일초등학교,전남광주통합특별시교육청(전남),여수시,Q10,전남광주통합특별시 여수시 화양면 화양로 341-3
8512060,안일초등학교백야분교장,전남광주통합특별시교육청(전남),여수시,Q10,전남광주통합특별시 여수시 화정면 백야3길 8-21
8512061,돌산초등학교,전남광주통합특별시교육청(전남),여수시,Q10,전남광주통합특별시 여수시 돌산읍 돌산로 1184
8512062,봉덕초등학교,전남광주통합특별시교육청(전남),여수시,Q10,전남광주통합특별시 여수시 돌산읍 죽포1길 21-16
8512063,백초초등학교,전남광주통합특별시교육청(전남),여수시,Q10,전남광주통합특별시 여수시 돌산읍 돌산로 3560-10
8512064,여남초등학교,전남광주통합특별시교육청(전남),여수시,Q10,전남광주통합특별시 여수시 남면 금오로 836
8512065,화정초등학교,전남광주통합특별시교육청(전남),여수시,Q10,전남광주통합특별시 여수시 화정면 개도화산길 50
8512066,거문초등학교,전남광주통합특별시교육청(전남),여수시,Q10,전남광주통합특별시 여수시 삼산면 녹산등대길 8-17
8512067,여수좌수영초등학교,전남광주통합특별시교육청(전남),여수시,Q10,전남광주통합특별시 여수시 여문2로 50
8512068,신기초등학교,전남광주통합특별시교육청(전남),여수시,Q10,전남광주통합특별시 여수시 여천체육공원길 24
8512069,안심초등학교,전남광주통합특별시교육청(전남),여수시,Q10,전남광주통합특별시 여수시 소호7길 23
8512070,동백초등학교,전남광주통합특별시교육청(전남),여수시,Q10,전남광주통합특별시 여수시 돌산읍 강남10길 27
8512071,성산초등학교,전남광주통합특별시교육청(전남),여수시,Q10,전남광주통합특별시 여수시 대통1길 13
8512072,여도초등학교,전남광주통합특별시교육청(전남),여수시,Q10,전남광주통합특별시 여수시 상암로 7
8512126,상암초등학교묘도분교장,전남광주통합특별시교육청(전남),여수시,Q10,전남광주통합특별시 여수시 묘도1길 77
8512127,웅천초등학교,전남광주통합특별시교육청(전남),여수시,Q10,전남광주통합특별시 여수시
8512130,죽림초등학교,전남광주통합특별시교육청(전남),여수시,Q10,전남광주통합특별시 여수시 소라면 죽림로 60
8512138,여수송현초등학교,전남광주통합특별시교육청(전남),여수시,Q10,전남광주통합특별시 여수시 웅천로 219
8512141,돌산초등학교월호분교장,전남광주통합특별시교육청(전남),여수시,Q10,전남광주통합특별시 여수시 화정면 월호큰길 54
8512142,돌산초등학교두라분교장,전남광주통합특별시교육청(전남),여수시,Q10,전남광주통합특별시 여수시 남면 대두길 87
8512146,예울초등학교,전남광주통합특별시교육청(전남),여수시,Q10,전남광주통합특별시 여수시 웅천북4로 9
8522024,순천남초등학교,전남광주통합특별시교육청(전남),순천시,Q10,전남광주통합특별시 순천시 서문로 7
8522025,순천북초등학교,전남광주통합특별시교육청(전남),순천시,Q10,전남광주통합특별시 순천시 북정2길 20
8522026,순천성남초등학교,전남광주통합특별시교육청(전남),순천시,Q10,전남광주통합특별시 순천시 우석로 160
8522027,순천중앙초등학교,전남광주통합특별시교육청(전남),순천시,Q10,전남광주통합특별시 순천시 중앙초등길 64
8522028,순천도사초등학교,전남광주통합특별시교육청(전남),순천시,Q10,전남광주통합특별시 순천시 순천만길 166
8522029,순천조례초등학교,전남광주통합특별시교육청(전남),순천시,Q10,전남광주통합특별시 순천시 순광로 15
8522030,순천인안초등학교,전남광주통합특별시교육청(전남),순천시,Q10,전남광주통합특별시 순천시 순천만길 950
8522031,순천성동초등학교,전남광주통합특별시교육청(전남),순천시,Q10,전남광주통합특별시 순천시 황금2길 28
8522032,순천삼산초등학교,전남광주통합특별시교육청(전남),순천시,Q10,전남광주통합특별시 순천시 삼산초등길 39
8522033,순천남산초등학교,전남광주통합특별시교육청(전남),순천시,Q10,전남광주통합특별시 순천시 풍덕새길 89
8522034,순천부영초등학교,전남광주통합특별시교육청(전남),순천시,Q10,전남광주통합특별시 순천시 연향중앙상가길 68
8522035,순천이수초등학교,전남광주통합특별시교육청(전남),순천시,Q10,전남광주통합특별시 순천시 우명길 24
8522036,순천용당초등학교,전남광주통합특별시교육청(전남),순천시,Q10,전남광주통합특별시 순천시 용당초등길 33-10
8522037,순천연향초등학교,전남광주통합특별시교육청(전남),순천시,Q10,전남광주통합특별시 순천시 연향번영길 11
8522038,순천왕조초등학교,전남광주통합특별시교육청(전남),순천시,Q10,전남광주통합특별시 순천시 봉화1길 105
8522039,순천신흥초등학교,전남광주통합특별시교육청(전남),순천시,Q10,전남광주통합특별시 순천시 장선배기길 60
8522040,순천비봉초등학교,전남광주통합특별시교육청(전남),순천시,Q10,전남광주통합특별시 순천시 비봉길 90
8522041,순천왕지초등학교,전남광주통합특별시교육청(전남),순천시,Q10,전남광주통합특별시 순천시 연동남3길 8
8522042,순천대석초등학교,전남광주통합특별시교육청(전남),순천시,Q10,전남광주통합특별시 순천시 기적의도서관2길 52
8522043,순천봉화초등학교,전남광주통합특별시교육청(전남),순천시,Q10,전남광주통합특별시 순천시 봉화1길 57
8522044,동명초등학교,전남광주통합특별시교육청(전남),순천시,Q10,전남광주통합특별시 순천시 해룡면 동명초등길 23
8522045,팔마초등학교,전남광주통합특별시교육청(전남),순천시,Q10,전남광주통합특별시 순천시 해룡면 장선배기길 113
8522046,해룡초등학교,전남광주통합특별시교육청(전남),순천시,Q10,전남광주통합특별시 순천시 해룡면 해룡로 1119
8522047,동산초등학교,전남광주통합특별시교육청(전남),순천시,Q10,전남광주통합특별시 순천시 서면 순천로 16
8522048,황전초등학교,전남광주통합특별시교육청(전남),순천시,Q10,전남광주통합특별시 순천시 황전면 수평길 21
8522049,월등초등학교,전남광주통합특별시교육청(전남),순천시,Q10,전남광주통합특별시 순천시 월등면 월평2길 21
8522050,승주초등학교,전남광주통합특별시교육청(전남),순천시,Q10,전남광주통합특별시 순천시 승주읍 승주로 639
8522051,주암초등학교,전남광주통합특별시교육청(전남),순천시,Q10,전남광주통합특별시 순천시 주암면 동주로 2093
8522052,창촌초등학교,전남광주통합특별시교육청(전남),순천시,Q10,전남광주통합특별시 순천시 주암면 창동주암길 3
8522053,외서초등학교,전남광주통합특별시교육청(전남),순천시,Q10,전남광주통합특별시 순천시 외서면 반월로 6
8522054,낙안초등학교,전남광주통합특별시교육청(전남),순천시,Q10,전남광주통합특별시 순천시 낙안면 동서길 20
8522055,별량초등학교,전남광주통합특별시교육청(전남),순천시,Q10,전남광주통합특별시 순천시 별량면 별량길 58
8522056,상사초등학교,전남광주통합특별시교육청(전남),순천시,Q10,전남광주통합특별시 순천시 상사면 상사초등길 55
8522057,순천율산초등학교,전남광주통합특별시교육청(전남),순천시,Q10,전남광주통합특별시 순천시 율산공원길 10
8522058,순천향림초등학교,전남광주통합특별시교육청(전남),순천시,Q10,전남광주통합특별시 순천시 석현북길 21
8522059,순천풍덕초등학교,전남광주통합특별시교육청(전남),순천시,Q10,전남광주통합특별시 순천시 팔마1길 9-10
8522060,순천왕운초등학교,전남광주통합특별시교육청(전남),순천시,Q10,전남광주통합특별시 순천시 왕지3길 41
8522062,매안초등학교,전남광주통합특별시교육청(전남),순천시,Q10,전남광주통합특별시 순천시 해룡면 좌야로 16
8522105,송산초등학교,전남광주통합특별시교육청(전남),순천시,Q10,전남광주통합특별시 순천시 별량면 송산구기길 13
8522115,좌야초등학교,전남광주통합특별시교육청(전남),순천시,Q10,전남광주통합특별시 순천시 해룡면 좌야로 77-9
8522121,신대초등학교,전남광주통합특별시교육청(전남),순천시,Q10,전남광주통합특별시 순천시 해룡면 좌야로 159-10
8522127,외서초등학교송광분교장,전남광주통합특별시교육청(전남),순천시,Q10,전남광주통합특별시 순천시 송광면 쌍향수길 1169
8532018,나주초등학교,전남광주통합특별시교육청(전남),나주시,Q10,전남광주통합특별시 나주시 남외1길 16
8532019,나주중앙초등학교,전남광주통합특별시교육청(전남),나주시,Q10,전남광주통합특별시 나주시 대호길 24
8532020,나주북초등학교,전남광주통합특별시교육청(전남),나주시,Q10,전남광주통합특별시 나주시 청암길 47-23
8532021,영산포초등학교,전남광주통합특별시교육청(전남),나주시,Q10,전남광주통합특별시 나주시 금영로 2-6
8532022,영강초등학교,전남광주통합특별시교육청(전남),나주시,Q10,전남광주통합특별시 나주시 영강길 14
8532023,세지초등학교,전남광주통합특별시교육청(전남),나주시,Q10,전남광주통합특별시 나주시 세지면 동창로 111
8532024,양산초등학교,전남광주통합특별시교육청(전남),나주시,Q10,전남광주통합특별시 나주시 왕곡면 고분로 1560
8532025,왕곡초등학교,전남광주통합특별시교육청(전남),나주시,Q10,전남광주통합특별시 나주시 왕곡면 나주서부로 554
8532026,반남초등학교,전남광주통합특별시교육청(전남),나주시,Q10,전남광주통합특별시 나주시 반남면 고분로 712
8532027,공산초등학교,전남광주통합특별시교육청(전남),나주시,Q10,전남광주통합특별시 나주시 공산면 공산로 85
8532028,동강초등학교,전남광주통합특별시교육청(전남),나주시,Q10,전남광주통합특별시 나주시 동강면 동강로 595
8532029,다시초등학교,전남광주통합특별시교육청(전남),나주시,Q10,전남광주통합특별시 나주시 다시면 다시로 203
8532030,문평초등학교,전남광주통합특별시교육청(전남),나주시,Q10,전남광주통합특별시 나주시 문평면 문평로 15
8532031,노안초등학교,전남광주통합특별시교육청(전남),나주시,Q10,전남광주통합특별시 나주시 노안면 노안로 165
8532032,노안남초등학교,전남광주통합특별시교육청(전남),나주시,Q10,전남광주통합특별시 나주시 노안면 만호길 20-11
8532033,금천초등학교,전남광주통합특별시교육청(전남),나주시,Q10,전남광주통합특별시 나주시 금천면 금영로 960
8532034,산포초등학교,전남광주통합특별시교육청(전남),나주시,Q10,전남광주통합특별시 나주시 산포면 산포로 400
8532035,남평초등학교,전남광주통합특별시교육청(전남),나주시,Q10,전남광주통합특별시 나주시 남평읍 지석로 95
8532036,다도초등학교,전남광주통합특별시교육청(전남),나주시,Q10,전남광주통합특별시 나주시 다도면 다도로 636
8532037,봉황초등학교,전남광주통합특별시교육청(전남),나주시,Q10,전남광주통합특별시 나주시 봉황면 죽석길 31
8532063,빛가람초등학교,전남광주통합특별시교육청(전남),나주시,Q10,전남광주통합특별시 나주시 그린로 176
8532066,빛누리초등학교,전남광주통합특별시교육청(전남),나주시,Q10,전남광주통합특별시 나주시 한빛로 144
8532068,한아름초등학교,전남광주통합특별시교육청(전남),나주시,Q10,전남광주통합특별시 나주시 호수로 134
8532069,라온초등학교,전남광주통합특별시교육청(전남),나주시,Q10,전남광주통합특별시 나주시 그린로 93
8552017,광양서초등학교,전남광주통합특별시교육청(전남),광양시,Q10,전남광주통합특별시 광양시 광양읍 숲샘길 29
8552018,광양동초등학교,전남광주통합특별시교육청(전남),광양시,Q10,전남광주통합특별시 광양시 광양읍 읍성길 61
8552019,광양북초등학교,전남광주통합특별시교육청(전남),광양시,Q10,전남광주통합특별시 광양시 광양읍 유당로 60-1
8552020,광양덕례초등학교,전남광주통합특별시교육청(전남),광양시,Q10,전남광주통합특별시 광양시 광양읍 서산길 77
8552021,세풍초등학교,전남광주통합특별시교육청(전남),광양시,Q10,전남광주통합특별시 광양시 광양읍 해광로 583
8552022,봉강초등학교,전남광주통합특별시교육청(전남),광양시,Q10,전남광주통합특별시 광양시 봉강면 조양길 42
8552023,옥룡초등학교,전남광주통합특별시교육청(전남),광양시,Q10,전남광주통합특별시 광양시 옥룡면 신재로 607
8552024,옥룡북초등학교,전남광주통합특별시교육청(전남),광양시,Q10,전남광주통합특별시 광양시 옥룡면 청평길 7
8552025,옥곡초등학교,전남광주통합특별시교육청(전남),광양시,Q10,전남광주통합특별시 광양시 옥곡면 옥진로 623
8552026,진상초등학교,전남광주통합특별시교육청(전남),광양시,Q10,전남광주통합특별시 광양시 진상면 신시2길 44
8552027,진월초등학교,전남광주통합특별시교육청(전남),광양시,Q10,전남광주통합특별시 광양시 진월면 방죽1길 10
8552028,다압초등학교,전남광주통합특별시교육청(전남),광양시,Q10,전남광주통합특별시 광양시 다압면 항동3길 10
8552029,골약초등학교,전남광주통합특별시교육청(전남),광양시,Q10,전남광주통합특별시 광양시 하포길 70-7
8552030,성황초등학교,전남광주통합특별시교육청(전남),광양시,Q10,전남광주통합특별시 광양시 지동길 15
8552031,광양중앙초등학교,전남광주통합특별시교육청(전남),광양시,Q10,전남광주통합특별시 광양시 불무길 15
8552032,광양중마초등학교,전남광주통합특별시교육청(전남),광양시,Q10,전남광주통합특별시 광양시 구마9길 33
8552033,광영초등학교,전남광주통합특별시교육청(전남),광양시,Q10,전남광주통합특별시 광양시 금영로 140
8552034,광양가야초등학교,전남광주통합특별시교육청(전남),광양시,Q10,전남광주통합특별시 광양시 가야로 369
8552035,태인초등학교,전남광주통합특별시교육청(전남),광양시,Q10,전남광주통합특별시 광양시 태인길 95
8552036,광양중동초등학교,전남광주통합특별시교육청(전남),광양시,Q10,전남광주통합특별시 광양시 광장로 112-6
8552037,광양중진초등학교,전남광주통합특별시교육청(전남),광양시,Q10,전남광주통합특별시 광양시 광장로 75
8552038,광양마동초등학교,전남광주통합특별시교육청(전남),광양시,Q10,전남광주통합특별시 광양시 진등6길 14
8552039,광양용강초등학교,전남광주통합특별시교육청(전남),광양시,Q10,전남광주통합특별시 광양시 광양읍 용강1길 40
8552040,광양칠성초등학교,전남광주통합특별시교육청(전남),광양시,Q10,전남광주통합특별시 광양시 광양읍 서평로 60
8552041,광양백운초등학교,전남광주통합특별시교육청(전남),광양시,Q10,전남광주통합특별시 광양시 광장로 21
8552042,광양제철초등학교,전남광주통합특별시교육청(전남),광양시,Q10,전남광주통합특별시 광양시 마로니에길 48
8552043,광양제철남초등학교,전남광주통합특별시교육청(전남),광양시,Q10,전남광주통합특별시 광양시 금호로 40
8552074,광양마로초등학교,전남광주통합특별시교육청(전남),광양시,Q10,전남광주통합특별시 광양시 광양읍 와룡길 60
8552084,광양와우초등학교,전남광주통합특별시교육청(전남),광양시,Q10,전남광주통합특별시 광양시 눈소10길 35
8562010,담양동초등학교,전남광주통합특별시교육청(전남),담양군,Q10,전남광주통합특별시 담양군 담양읍 추성로 1323
8562011,담양남초등학교,전남광주통합특별시교육청(전남),담양군,Q10,전남광주통합특별시 담양군 담양읍 지침5길 14
8562012,담주초등학교,전남광주통합특별시교육청(전남),담양군,Q10,전남광주통합특별시 담양군 담양읍 신성길 26
8562013,봉산초등학교,전남광주통합특별시교육청(전남),담양군,Q10,전남광주통합특별시 담양군 봉산면 신학길 34-11
8562014,월산초등학교,전남광주통합특별시교육청(전남),담양군,Q10,전남광주통합특별시 담양군 월산면 도개길 180
8562015,금성초등학교,전남광주통합특별시교육청(전남),담양군,Q10,전남광주통합특별시 담양군 금성면 석현길 18
8562016,무정초등학교,전남광주통합특별시교육청(전남),담양군,Q10,전남광주통합특별시 담양군 무정면 수문동길 26-11
8562017,용면초등학교,전남광주통합특별시교육청(전남),담양군,Q10,전남광주통합특별시 담양군 용면 추성2길 70
8562018,고서초등학교,전남광주통합특별시교육청(전남),담양군,Q10,전남광주통합특별시 담양군 고서면 원등1길 7
8562019,창평초등학교,전남광주통합특별시교육청(전남),담양군,Q10,전남광주통합특별시 담양군 창평면 의병로 173
8562020,만덕초등학교,전남광주통합특별시교육청(전남),담양군,Q10,전남광주통합특별시 담양군 대덕면 창평현로 905
8562021,수북초등학교,전남광주통합특별시교육청(전남),담양군,Q10,전남광주통합특별시 담양군 수북면 추성1로 714
8562022,한재초등학교,전남광주통합특별시교육청(전남),담양군,Q10,전남광주통합특별시 담양군 대전면 추성1로 217
8562039,가사문학초등학교,전남광주통합특별시교육청(전남),담양군,Q10,전남광주통합특별시 담양군 가사문학면 연천길 3
8572006,곡성중앙초등학교,전남광주통합특별시교육청(전남),곡성군,Q10,전남광주통합특별시 곡성군 곡성읍 학교로 103
8572007,삼기초등학교,전남광주통합특별시교육청(전남),곡성군,Q10,전남광주통합특별시 곡성군 삼기면 곡순로 1462
8572008,석곡초등학교,전남광주통합특별시교육청(전남),곡성군,Q10,전남광주통합특별시 곡성군 석곡면 석곡로 91
8572009,죽곡초등학교,전남광주통합특별시교육청(전남),곡성군,Q10,전남광주통합특별시 곡성군 죽곡면 오죽로 43
8572010,고달초등학교,전남광주통합특별시교육청(전남),곡성군,Q10,전남광주통합특별시 곡성군 고달면 곡고로 424
8572011,옥과초등학교,전남광주통합특별시교육청(전남),곡성군,Q10,전남광주통합특별시 곡성군 옥과면 대학로 213
8572012,입면초등학교,전남광주통합특별시교육청(전남),곡성군,Q10,전남광주통합특별시 곡성군 입면 송전로 27
8572013,오산초등학교,전남광주통합특별시교육청(전남),곡성군,Q10,전남광주통합특별시 곡성군 오산면 오산로 616
8582008,구례중앙초등학교,전남광주통합특별시교육청(전남),구례군,Q10,전남광주통합특별시 구례군 구례읍 봉성로 30
8582009,구례북초등학교,전남광주통합특별시교육청(전남),구례군,Q10,전남광주통합특별시 구례군 구례읍 학교길 119-7
8582010,문척초등학교,전남광주통합특별시교육청(전남),구례군,Q10,전남광주통합특별시 구례군 문척면 수달생태로 270
8582011,간문초등학교,전남광주통합특별시교육청(전남),구례군,Q10,전남광주통합특별시 구례군 간전면 간전중앙로 164
8582012,토지초등학교,전남광주통합특별시교육청(전남),구례군,Q10,전남광주통합특별시 구례군 토지면 섬진강대로 5038
8582014,청천초등학교,전남광주통합특별시교육청(전남),구례군,Q10,전남광주통합특별시 구례군 마산면 화엄사로 136
8582015,광의초등학교,전남광주통합특별시교육청(전남),구례군,Q10,전남광주통합특별시 구례군 광의면 광의초교길 23
8582016,용방초등학교,전남광주통합특별시교육청(전남),구례군,Q10,전남광주통합특별시 구례군 용방면 용방로 464
8582017,원촌초등학교,전남광주통합특별시교육청(전남),구례군,Q10,전남광주통합특별시 구례군 산동면 원촌길 123
8582018,중동초등학교,전남광주통합특별시교육청(전남),구례군,Q10,전남광주통합특별시 구례군 산동면 관산구산길 49
8592018,고흥동초등학교,전남광주통합특별시교육청(전남),고흥군,Q10,전남광주통합특별시 고흥군 고흥읍 학교길 56
8592019,녹동초등학교,전남광주통합특별시교육청(전남),고흥군,Q10,전남광주통합특별시 고흥군 도양읍 천마로 83
8592020,녹동초등학교소록도분교장,전남광주통합특별시교육청(전남),고흥군,Q10,전남광주통합특별시 고흥군 도양읍 소록선창길 89-66
8592021,녹동초등학교시산분교장,전남광주통합특별시교육청(전남),고흥군,Q10,전남광주통합특별시 고흥군 도양읍 시산석금길 30
8592022,풍양초등학교,전남광주통합특별시교육청(전남),고흥군,Q10,전남광주통합특별시 고흥군 풍양면 죽시장터길 13-6
8592023,풍남초등학교,전남광주통합특별시교육청(전남),고흥군,Q10,전남광주통합특별시 고흥군 풍양면 풍남로 716
8592024,도덕초등학교,전남광주통합특별시교육청(전남),고흥군,Q10,전남광주통합특별시 고흥군 도덕면 학동1길 16
8592025,금산초등학교,전남광주통합특별시교육청(전남),고흥군,Q10,전남광주통합특별시 고흥군 금산면 상하촌길 17-8
8592026,도화초등학교,전남광주통합특별시교육청(전남),고흥군,Q10,전남광주통합특별시 고흥군 도화면 오치길 43-4
8592027,포두초등학교,전남광주통합특별시교육청(전남),고흥군,Q10,전남광주통합특별시 고흥군 포두면 우주로 624
8592028,봉래초등학교,전남광주통합특별시교육청(전남),고흥군,Q10,전남광주통합특별시 고흥군 봉래면 신금길 7
8592029,백양초등학교,전남광주통합특별시교육청(전남),고흥군,Q10,전남광주통합특별시 고흥군 동일면 우주로 2610
8592030,점암초등학교,전남광주통합특별시교육청(전남),고흥군,Q10,전남광주통합특별시 고흥군 점암면 점암학교길 11-6
8592031,영남초등학교,전남광주통합특별시교육청(전남),고흥군,Q10,전남광주통합특별시 고흥군 영남면 팔영로 1075
8592032,과역초등학교,전남광주통합특별시교육청(전남),고흥군,Q10,전남광주통합특별시 고흥군 과역면 과역로 815
8592033,남양초등학교,전남광주통합특별시교육청(전남),고흥군,Q10,전남광주통합특별시 고흥군 남양면 상와길 40
8592035,동강초등학교,전남광주통합특별시교육청(전남),고흥군,Q10,전남광주통합특별시 고흥군 동강면 원유둔1길 19
8592036,대서초등학교,전남광주통합특별시교육청(전남),고흥군,Q10,전남광주통합특별시 고흥군 대서면 동서로 466
8592037,두원초등학교,전남광주통합특별시교육청(전남),고흥군,Q10,전남광주통합특별시 고흥군 두원면 두원로 476-29
8602014,보성초등학교,전남광주통합특별시교육청(전남),보성군,Q10,전남광주통합특별시 보성군 보성읍 송재로 161-8
8602015,보성남초등학교,전남광주통합특별시교육청(전남),보성군,Q10,전남광주통합특별시 보성군 보성읍 새싹길 12
8602016,벌교초등학교,전남광주통합특별시교육청(전남),보성군,Q10,전남광주통합특별시 보성군 벌교읍 태백산맥길 21
8602017,벌교중앙초등학교,전남광주통합특별시교육청(전남),보성군,Q10,전남광주통합특별시 보성군 벌교읍 장좌길 10
8602018,낙성초등학교,전남광주통합특별시교육청(전남),보성군,Q10,전남광주통합특별시 보성군 벌교읍 채동선로 706
8602019,노동초등학교,전남광주통합특별시교육청(전남),보성군,Q10,전남광주통합특별시 보성군 노동면 거석길 218
8602020,미력초등학교,전남광주통합특별시교육청(전남),보성군,Q10,전남광주통합특별시 보성군 미력면 송재로 589
8602021,겸백초등학교,전남광주통합특별시교육청(전남),보성군,Q10,전남광주통합특별시 보성군 겸백면 충의로 2496
8602023,율어초등학교,전남광주통합특별시교육청(전남),보성군,Q10,전남광주통합특별시 보성군 율어면 율어로 569-14
8602024,복내초등학교,전남광주통합특별시교육청(전남),보성군,Q10,전남광주통합특별시 보성군 복내면 원봉길 5
8602025,문덕초등학교,전남광주통합특별시교육청(전남),보성군,Q10,전남광주통합특별시 보성군 문덕면 동소산길 129-10
8602026,조성초등학교,전남광주통합특별시교육청(전남),보성군,Q10,전남광주통합특별시 보성군 조성면 조성2길 4-7
8602027,예당초등학교,전남광주통합특별시교육청(전남),보성군,Q10,전남광주통합특별시 보성군 득량면 예당초교길 3
8602028,조성남초등학교,전남광주통합특별시교육청(전남),보성군,Q10,전남광주통합특별시 보성군 조성면 산정길 2
8602029,득량남초등학교,전남광주통합특별시교육청(전남),보성군,Q10,전남광주통합특별시 보성군 득량면 월평1길 50
8602030,회천초등학교,전남광주통합특별시교육청(전남),보성군,Q10,전남광주통합특별시 보성군 회천면 남부관광로 2343
8612013,화순초등학교,전남광주통합특별시교육청(전남),화순군,Q10,전남광주통합특별시 화순군 화순읍 동헌길 9-7
8612014,화순만연초등학교,전남광주통합특별시교육청(전남),화순군,Q10,전남광주통합특별시 화순군 화순읍 알메로 72
8612015,화순제일초등학교,전남광주통합특별시교육청(전남),화순군,Q10,전남광주통합특별시 화순군 화순읍 알메로 8
8612016,화순오성초등학교,전남광주통합특별시교육청(전남),화순군,Q10,전남광주통합특별시 화순군 화순읍 오성로 516
8612017,능주초등학교,전남광주통합특별시교육청(전남),화순군,Q10,전남광주통합특별시 화순군 능주면 학샘길 12
8612018,도곡초등학교,전남광주통합특별시교육청(전남),화순군,Q10,전남광주통합특별시 화순군 도곡면 천암1길 71
8612019,도곡중앙초등학교,전남광주통합특별시교육청(전남),화순군,Q10,전남광주통합특별시 화순군 도곡면 고인돌1로 115
8612020,천태초등학교,전남광주통합특별시교육청(전남),화순군,Q10,전남광주통합특별시 화순군 도암면 천태로 526
8612021,춘양초등학교,전남광주통합특별시교육청(전남),화순군,Q10,전남광주통합특별시 화순군 춘양면 춘양로 124
8612022,이양초등학교,전남광주통합특별시교육청(전남),화순군,Q10,전남광주통합특별시 화순군 이양면 이양로 42
8612023,청풍초등학교,전남광주통합특별시교육청(전남),화순군,Q10,전남광주통합특별시 화순군 청풍면 평지촌길 54
8612024,한천초등학교,전남광주통합특별시교육청(전남),화순군,Q10,전남광주통합특별시 화순군 한천면 청계길 26
8612025,동면초등학교,전남광주통합특별시교육청(전남),화순군,Q10,전남광주통합특별시 화순군 동면 충의로 789
8612026,사평초등학교,전남광주통합특별시교육청(전남),화순군,Q10,전남광주통합특별시 화순군 사평면 김삿갓로 3
8612027,동복초등학교,전남광주통합특별시교육청(전남),화순군,Q10,전남광주통합특별시 화순군 동복면 오지호로 300
8612028,아산초등학교,전남광주통합특별시교육청(전남),화순군,Q10,전남광주통합특별시 화순군 백아면 학천길 22-2
8612047,화순초등학교이서분교장,전남광주통합특별시교육청(전남),화순군,Q10,전남광주통합특별시 화순군 이서면 규봉로 979
8622011,장흥초등학교,전남광주통합특별시교육청(전남),장흥군,Q10,전남광주통합특별시 장흥군 장흥읍 의향길 23
8622012,장흥서초등학교,전남광주통합특별시교육청(전남),장흥군,Q10,전남광주통합특별시 장흥군 장흥읍 칠거리예양로 40
8622013,장흥남초등학교,전남광주통합특별시교육청(전남),장흥군,Q10,전남광주통합특별시 장흥군 장흥읍 장흥대로 3298
8622014,관산초등학교,전남광주통합특별시교육청(전남),장흥군,Q10,전남광주통합특별시 장흥군 관산읍 관산로 64
8622015,관산남초등학교,전남광주통합특별시교육청(전남),장흥군,Q10,전남광주통합특별시 장흥군 관산읍 장흥대로 1350
8622016,대덕초등학교,전남광주통합특별시교육청(전남),장흥군,Q10,전남광주통합특별시 장흥군 대덕읍 대대로 947
8622017,안양초등학교,전남광주통합특별시교육청(전남),장흥군,Q10,전남광주통합특별시 장흥군 안양면 운정2길 14
8622018,용산초등학교,전남광주통합특별시교육청(전남),장흥군,Q10,전남광주통합특별시 장흥군 용산면 용안로 13
8622019,회진초등학교,전남광주통합특별시교육청(전남),장흥군,Q10,전남광주통합특별시 장흥군 회진면 회진남구길 7
8622020,명덕초등학교,전남광주통합특별시교육청(전남),장흥군,Q10,전남광주통합특별시 장흥군 회진면 회진로 805-17
8622021,장동초등학교,전남광주통합특별시교육청(전남),장흥군,Q10,전남광주통합특별시 장흥군 장동면 흥성로 1500
8622022,장평초등학교,전남광주통합특별시교육청(전남),장흥군,Q10,전남광주통합특별시 장흥군 장평면 등촌길 10
8622023,유치초등학교,전남광주통합특별시교육청(전남),장흥군,Q10,전남광주통합특별시 장흥군 유치면 유치로 48
8622024,부산초등학교,전남광주통합특별시교육청(전남),장흥군,Q10,전남광주통합특별시 장흥군 부산면 부유로 25-16
8632011,강진중앙초등학교,전남광주통합특별시교육청(전남),강진군,Q10,전남광주통합특별시 강진군 강진읍 중앙로 74
8632012,강진동초등학교,전남광주통합특별시교육청(전남),강진군,Q10,전남광주통합특별시 강진군 강진읍 중앙로 180
8632013,군동초등학교,전남광주통합특별시교육청(전남),강진군,Q10,전남광주통합특별시 강진군 군동면 석교로 365
8632014,계산초등학교,전남광주통합특별시교육청(전남),강진군,Q10,전남광주통합특별시 강진군 군동면 군동계산길 22
8632015,칠량초등학교,전남광주통합특별시교육청(전남),강진군,Q10,전남광주통합특별시 강진군 칠량면 영동1길 5
8632016,대구초등학교,전남광주통합특별시교육청(전남),강진군,Q10,전남광주통합특별시 강진군 대구면 청자로 1888
8632017,마량초등학교,전남광주통합특별시교육청(전남),강진군,Q10,전남광주통합특별시 강진군 마량면 서중길 42
8632018,병영초등학교,전남광주통합특별시교육청(전남),강진군,Q10,전남광주통합특별시 강진군 병영면 하멜로 385
8632019,옴천초등학교,전남광주통합특별시교육청(전남),강진군,Q10,전남광주통합특별시 강진군 옴천면 개산중앙길 12-7
8632020,도암초등학교,전남광주통합특별시교육청(전남),강진군,Q10,전남광주통합특별시 강진군 도암면 봉황로 10
8632021,신전초등학교,전남광주통합특별시교육청(전남),강진군,Q10,전남광주통합특별시 강진군 신전면 백도로 1341
8632022,성전초등학교,전남광주통합특별시교육청(전남),강진군,Q10,전남광주통합특별시 강진군 성전면 예향로 17
8632023,작천초등학교,전남광주통합특별시교육청(전남),강진군,Q10,전남광주통합특별시 강진군 작천면 평리3길 1
8642014,해남동초등학교,전남광주통합특별시교육청(전남),해남군,Q10,전남광주통합특별시 해남군 해남읍 중앙1로 45
8642015,해남서초등학교,전남광주통합특별시교육청(전남),해남군,Q10,전남광주통합특별시 해남군 해남읍 중앙1로 182
8642016,삼산초등학교,전남광주통합특별시교육청(전남),해남군,Q10,전남광주통합특별시 해남군 삼산면 고산로 586
8642017,화산초등학교,전남광주통합특별시교육청(전남),해남군,Q10,전남광주통합특별시 해남군 화산면 화산초길 9
8642018,현산초등학교,전남광주통합특별시교육청(전남),해남군,Q10,전남광주통합특별시 해남군 현산면 현산북평로
8642019,송지초등학교,전남광주통합특별시교육청(전남),해남군,Q10,전남광주통합특별시 해남군 송지면 산정1길 101
8642020,송호초등학교,전남광주통합특별시교육청(전남),해남군,Q10,전남광주통합특별시 해남군 송지면 송호길 5
8642021,어란진초등학교,전남광주통합특별시교육청(전남),해남군,Q10,전남광주통합특별시 해남군 송지면 어란로 441
8642022,어란진초등학교어불분교장,전남광주통합특별시교육청(전남),해남군,Q10,전남광주통합특별시 해남군 송지면 어불길 50-7
8642023,북평초등학교,전남광주통합특별시교육청(전남),해남군,Q10,전남광주통합특별시 해남군 북평면 볼무당길 40
8642024,북일초등학교,전남광주통합특별시교육청(전남),해남군,Q10,전남광주통합특별시 해남군 북일면 백도로 849
8642025,옥천초등학교,전남광주통합특별시교육청(전남),해남군,Q10,전남광주통합특별시 해남군 옥천면 해강로 19
8642026,계곡초등학교,전남광주통합특별시교육청(전남),해남군,Q10,전남광주통합특별시 해남군 계곡면 성진길 6-37
8642027,마산초등학교,전남광주통합특별시교육청(전남),해남군,Q10,전남광주통합특별시 해남군 마산면 은적사길 13
8642028,마산초등학교용전분교장,전남광주통합특별시교육청(전남),해남군,Q10,전남광주통합특별시 해남군 마산면 산이로 117-69
8642029,황산초등학교,전남광주통합특별시교육청(전남),해남군,Q10,전남광주통합특별시 해남군 황산면 시등로 150
8642030,산이초등학교,전남광주통합특별시교육청(전남),해남군,Q10,전남광주통합특별시 해남군 산이면 비석길 95-2
8642031,산이서초등학교,전남광주통합특별시교육청(전남),해남군,Q10,전남광주통합특별시 해남군 산이면 산이로 1736
8642032,우수영초등학교,전남광주통합특별시교육청(전남),해남군,Q10,전남광주통합특별시 해남군 문내면 동영길 117
8642033,화원초등학교,전남광주통합특별시교육청(전남),해남군,Q10,전남광주통합특별시 해남군 화원면 청용길 117
8642053,서정초등학교,전남광주통합특별시교육청(전남),해남군,Q10,전남광주통합특별시 해남군 송지면 달마로 524
8652015,영암초등학교,전남광주통합특별시교육청(전남),영암군,Q10,전남광주통합특별시 영암군 영암읍 영암초중고길 1
8652016,덕진초등학교,전남광주통합특별시교육청(전남),영암군,Q10,전남광주통합특별시 영암군 덕진면 백운선로 21
8652017,금정초등학교,전남광주통합특별시교육청(전남),영암군,Q10,전남광주통합특별시 영암군 금정면 영나로 836
8652018,신북초등학교,전남광주통합특별시교육청(전남),영암군,Q10,전남광주통합특별시 영암군 신북면 간은정로 67
8652019,시종초등학교,전남광주통합특별시교육청(전남),영암군,Q10,전남광주통합특별시 영암군 시종면 내동중앙로 17
8652020,도포초등학교,전남광주통합특별시교육청(전남),영암군,Q10,전남광주통합특별시 영암군 도포면 줄다리로 117
8652021,구림초등학교,전남광주통합특별시교육청(전남),영암군,Q10,전남광주통합특별시 영암군 군서면 왕인로 509
8652022,장천초등학교,전남광주통합특별시교육청(전남),영암군,Q10,전남광주통합특별시 영암군 서호면 서호로 332
8652023,학산초등학교,전남광주통합특별시교육청(전남),영암군,Q10,전남광주통합특별시 영암군 학산면 금계로 193
8652024,독천초등학교,전남광주통합특별시교육청(전남),영암군,Q10,전남광주통합특별시 영암군 학산면 영산로 58
8652025,미암초등학교,전남광주통합특별시교육청(전남),영암군,Q10,전남광주통합특별시 영암군 미암면 미중로 61
8652026,서창초등학교,전남광주통합특별시교육청(전남),영암군,Q10,전남광주통합특별시 영암군 삼호읍 서창호수길 4
8652027,삼호중앙초등학교,전남광주통합특별시교육청(전남),영암군,Q10,전남광주통합특별시 영암군 삼호읍 중앙촌길 35
8652028,용당초등학교,전남광주통합특별시교육청(전남),영암군,Q10,전남광주통합특별시 영암군 삼호읍 아산길 26-10
8652029,삼호서초등학교,전남광주통합특별시교육청(전남),영암군,Q10,전남광주통합특별시 영암군 삼호읍 신항로 77
8652030,대불초등학교,전남광주통합특별시교육청(전남),영암군,Q10,전남광주통합특별시 영암군 삼호읍 대불주거6로 41
8662012,무안초등학교,전남광주통합특별시교육청(전남),무안군,Q10,전남광주통합특별시 무안군 무안읍 면성2길 30
8662013,망운초등학교,전남광주통합특별시교육청(전남),무안군,Q10,전남광주통합특별시 무안군 망운면 망운로 34
8662014,일로초등학교,전남광주통합특별시교육청(전남),무안군,Q10,전남광주통합특별시 무안군 일로읍 일로로 69
8662015,일로초등학교청망분교장,전남광주통합특별시교육청(전남),무안군,Q10,전남광주통합특별시 무안군 일로읍 청포로 421
8662016,일로동초등학교,전남광주통합특별시교육청(전남),무안군,Q10,전남광주통합특별시 무안군 일로읍 광암길 81-7
8662017,청계초등학교,전남광주통합특별시교육청(전남),무안군,Q10,전남광주통합특별시 무안군 청계면 영산로 1870
8662018,청계남초등학교,전남광주통합특별시교육청(전남),무안군,Q10,전남광주통합특별시 무안군 청계면 문화로 105
8662019,청계북초등학교,전남광주통합특별시교육청(전남),무안군,Q10,전남광주통합특별시 무안군 청계면 사마길 8
8662020,삼향초등학교,전남광주통합특별시교육청(전남),무안군,Q10,전남광주통합특별시 무안군 삼향읍 삼향중앙로 84
8662021,삼향동초등학교,전남광주통합특별시교육청(전남),무안군,Q10,전남광주통합특별시 무안군 삼향읍 극포길 25
8662022,삼향북초등학교,전남광주통합특별시교육청(전남),무안군,Q10,전남광주통합특별시 무안군 삼향읍 원지산길 66
8662023,몽탄초등학교,전남광주통합특별시교육청(전남),무안군,Q10,전남광주통합특별시 무안군 몽탄면 몽탄로 878
8662024,현경초등학교,전남광주통합특별시교육청(전남),무안군,Q10,전남광주통합특별시 무안군 현경면 황토길 17
8662025,현경북초등학교,전남광주통합특별시교육청(전남),무안군,Q10,전남광주통합특별시 무안군 현경면 현해로 757
8662026,운남초등학교,전남광주통합특별시교육청(전남),무안군,Q10,전남광주통합특별시 무안군 운남면 운해로 543
8662027,해제초등학교,전남광주통합특별시교육청(전남),무안군,Q10,전남광주통합특별시 무안군 해제면 양간로 77
8662028,해제남초등학교,전남광주통합특별시교육청(전남),무안군,Q10,전남광주통합특별시 무안군 해제면 돌기길 5
8662029,남악초등학교,전남광주통합특별시교육청(전남),무안군,Q10,전남광주통합특별시 무안군 삼향읍 남악영산길 6
8662046,오룡초등학교,전남광주통합특별시교육청(전남),무안군,Q10,전남광주통합특별시 무안군 삼향읍 남악5로22번길 34
8662052,무안행복초등학교,전남광주통합특별시교육청(전남),무안군,Q10,전남광주통합특별시 무안군 일로읍 오룡중앙동로 38
8662059,무안사랑초등학교,전남광주통합특별시교육청(전남),무안군,Q10,전남광주통합특별시 무안군 일로읍 오룡남로 89
8672009,함평초등학교,전남광주통합특별시교육청(전남),함평군,Q10,전남광주통합특별시 함평군 함평읍 내대화길 77
8672010,기산초등학교,전남광주통합특별시교육청(전남),함평군,Q10,전남광주통합특별시 함평군 함평읍 기산길 63
8672011,손불초등학교,전남광주통합특별시교육청(전남),함평군,Q10,전남광주통합특별시 함평군 손불면 손불중앙길 121
8672012,손불서초등학교,전남광주통합특별시교육청(전남),함평군,Q10,전남광주통합특별시 함평군 손불면 양재길 15
8672013,신광초등학교,전남광주통합특별시교육청(전남),함평군,Q10,전남광주통합특별시 함평군 신광면 신광중앙길 118
8672014,학다리중앙초등학교,전남광주통합특별시교육청(전남),함평군,Q10,전남광주통합특별시 함평군 학교면 백학길 100
8672015,엄다초등학교,전남광주통합특별시교육청(전남),함평군,Q10,전남광주통합특별시 함평군 엄다면 엄다길 35
8672016,대동향교초등학교,전남광주통합특별시교육청(전남),함평군,Q10,전남광주통합특별시 함평군 대동면 대동길 6-9
8672017,나산초등학교,전남광주통합특별시교육청(전남),함평군,Q10,전남광주통합특별시 함평군 나산면 함장로 2441-8
8672018,해보초등학교,전남광주통합특별시교육청(전남),함평군,Q10,전남광주통합특별시 함평군 해보면 해삼로 313
8672019,월야초등학교,전남광주통합특별시교육청(전남),함평군,Q10,전남광주통합특별시 함평군 월야면 금석길 95
8682012,영광초등학교,전남광주통합특별시교육청(전남),영광군,Q10,전남광주통합특별시 영광군 영광읍 중앙로 216-7
8682013,영광중앙초등학교,전남광주통합특별시교육청(전남),영광군,Q10,전남광주통합특별시 영광군 영광읍 천년로13길 57-9
8682014,백수초등학교,전남광주통합특별시교육청(전남),영광군,Q10,전남광주통합특별시 영광군 백수읍 백수로10길 21
8682015,백수서초등학교,전남광주통합특별시교육청(전남),영광군,Q10,전남광주통합특별시 영광군 백수읍 지산길4길 50-11
8682016,홍농초등학교,전남광주통합특별시교육청(전남),영광군,Q10,전남광주통합특별시 영광군 홍농읍 상하길 76-22
8682017,홍농서초등학교,전남광주통합특별시교육청(전남),영광군,Q10,전남광주통합특별시 영광군 홍농읍 홍농로4길 30
8682018,대마초등학교,전남광주통합특별시교육청(전남),영광군,Q10,전남광주통합특별시 영광군 대마면 영장로 277
8682019,묘량중앙초등학교,전남광주통합특별시교육청(전남),영광군,Q10,전남광주통합특별시 영광군 묘량면 동삼로2길 26
8682020,불갑초등학교,전남광주통합특별시교육청(전남),영광군,Q10,전남광주통합특별시 영광군 불갑면 강항로 7
8682021,군서초등학교,전남광주통합특별시교육청(전남),영광군,Q10,전남광주통합특별시 영광군 군서면 군서로 50
8682022,군남초등학교,전남광주통합특별시교육청(전남),영광군,Q10,전남광주통합특별시 영광군 군남면 군불로 135
8682023,염산초등학교,전남광주통합특별시교육청(전남),영광군,Q10,전남광주통합특별시 영광군 염산면 칠산로 124
8682024,법성포초등학교,전남광주통합특별시교육청(전남),영광군,Q10,전남광주통합특별시 영광군 법성면 용덕로 43
8682038,염산초등학교낙월분교장,전남광주통합특별시교육청(전남),영광군,Q10,전남광주통합특별시 영광군 낙월면 낙월길 70
8692009,장성중앙초등학교,전남광주통합특별시교육청(전남),장성군,Q10,전남광주통합특별시 장성군 장성읍 제봉로 84
8692010,장성성산초등학교,전남광주통합특별시교육청(전남),장성군,Q10,전남광주통합특별시 장성군 장성읍 성산2길 21
8692011,진원초등학교,전남광주통합특별시교육청(전남),장성군,Q10,전남광주통합특별시 장성군 진원면 진남1로 199
8692012,진원동초등학교,전남광주통합특별시교육청(전남),장성군,Q10,전남광주통합특별시 장성군 진원면 불태3로 245
8692013,분향초등학교,전남광주통합특별시교육청(전남),장성군,Q10,전남광주통합특별시 장성군 남면 황토단감로 142-11
8692014,동화초등학교,전남광주통합특별시교육청(전남),장성군,Q10,전남 장성군 동화면 용정교촌길 45
8692015,삼서초등학교,전남광주통합특별시교육청(전남),장성군,Q10,전남광주통합특별시 장성군 삼서면 대곡한실길 26
8692016,사창초등학교,전남광주통합특별시교육청(전남),장성군,Q10,전남광주통합특별시 장성군 삼계면 사창로 64-17
8692017,월평초등학교,전남광주통합특별시교육청(전남),장성군,Q10,전남광주통합특별시 장성군 황룡면 신월산1길 10
8692018,서삼초등학교,전남광주통합특별시교육청(전남),장성군,Q10,전남광주통합특별시 장성군 서삼면 축령로 368
8692019,북이초등학교,전남광주통합특별시교육청(전남),장성군,Q10,전남광주통합특별시 장성군 북이면 신창길 13
8692020,북일초등학교,전남광주통합특별시교육청(전남),장성군,Q10,전남광주통합특별시 장성군 북일면 신흥로 574
8692021,약수초등학교,전남광주통합특별시교육청(전남),장성군,Q10,전남광주통합특별시 장성군 북하면 백양로
8702017,완도초등학교,전남광주통합특별시교육청(전남),완도군,Q10,전남광주통합특별시 완도군 완도읍 중앙길 43
8702018,완도중앙초등학교,전남광주통합특별시교육청(전남),완도군,Q10,전남광주통합특별시 완도군 완도읍 개포로135번길 37
8702019,화흥초등학교,전남광주통합특별시교육청(전남),완도군,Q10,전남광주통합특별시 완도군 완도읍 청해진서로 824
8702020,청해초등학교,전남광주통합특별시교육청(전남),완도군,Q10,전남광주통합특별시 완도군 완도읍 청해진로 1374
8702021,군외초등학교,전남광주통합특별시교육청(전남),완도군,Q10,전남광주통합특별시 완도군 군외면 청해진서로 2020
8702022,신지초등학교,전남광주통합특별시교육청(전남),완도군,Q10,전남광주통합특별시 완도군 신지면 대곡48번길 37
8702023,신지동초등학교,전남광주통합특별시교육청(전남),완도군,Q10,전남광주통합특별시 완도군 신지면 신지로 815-1
8702024,고금초등학교,전남광주통합특별시교육청(전남),완도군,Q10,전남광주통합특별시 완도군 고금면 고금동로 17-33
8702025,약산초등학교,전남광주통합특별시교육청(전남),완도군,Q10,전남광주통합특별시 완도군 약산면 약산로 351-1
8702026,금일초등학교,전남광주통합특별시교육청(전남),완도군,Q10,전남광주통합특별시 완도군 금일읍 구동2길 38
8702027,금일동초등학교,전남광주통합특별시교육청(전남),완도군,Q10,전남광주통합특별시 완도군 금일읍 월송1길 18-13
8702028,생영초등학교,전남광주통합특별시교육청(전남),완도군,Q10,전남광주통합특별시 완도군 생일면 생일로579번길 3
8702029,금당초등학교,전남광주통합특별시교육청(전남),완도군,Q10,전남광주통합특별시 완도군 금당면 금당로 220-23
8702030,청산초등학교,전남광주통합특별시교육청(전남),완도군,Q10,전남광주통합특별시 완도군 청산면 청산로 1579-74
8702031,청산초등학교모도분교장,전남광주통합특별시교육청(전남),완도군,Q10,전남광주통합특별시 완도군 청산면 대모도12번길 20-1
8702032,소안초등학교,전남광주통합특별시교육청(전남),완도군,Q10,전남광주통합특별시 완도군 소안면 소안로 213
8702033,노화초등학교,전남광주통합특별시교육청(전남),완도군,Q10,전남광주통합특별시 완도군 노화읍 노화서로 149
8702034,노화북초등학교,전남광주통합특별시교육청(전남),완도군,Q10,전남광주통합특별시 완도군 노화읍 신목길 102
8702035,노화중앙초등학교,전남광주통합특별시교육청(전남),완도군,Q10,전남광주통합특별시 완도군 노화읍 이목25번길 49-13
8702036,넙도초등학교,전남광주통합특별시교육청(전남),완도군,Q10,전남광주통합특별시 완도군 노화읍 넙도길 294-31
8702037,넙도초등학교서리분교장,전남광주통합특별시교육청(전남),완도군,Q10,전남광주통합특별시 완도군 노화읍 서넙도길 68
8702038,보길초등학교,전남광주통합특별시교육청(전남),완도군,Q10,전남광주통합특별시 완도군 보길면 부황길 67
8702039,보길동초등학교,전남광주통합특별시교육청(전남),완도군,Q10,전남광주통합특별시 완도군 보길면 중리1길 6-18
8712010,진도초등학교,전남광주통합특별시교육청(전남),진도군,Q10,전남광주통합특별시 진도군 진도읍 성내길 9
8712011,진도서초등학교,전남광주통합특별시교육청(전남),진도군,Q10,전남광주통합특별시 진도군 진도읍 신흥정자로 25
8712012,진도서초등학교가사도분교장,전남광주통합특별시교육청(전남),진도군,Q10,전남광주통합특별시 진도군 조도면 가사도길 88-22
8712013,군내북초등학교,전남광주통합특별시교육청(전남),진도군,Q10,전남광주통합특별시 진도군 군내면 대야길 54
8712014,금성초등학교,전남광주통합특별시교육청(전남),진도군,Q10,전남광주통합특별시 진도군 군내면 금골길 58
8712015,고성초등학교,전남광주통합특별시교육청(전남),진도군,Q10,전남광주통합특별시 진도군 고군면 고성길 2-3
8712016,오산초등학교,전남광주통합특별시교육청(전남),진도군,Q10,전남광주통합특별시 진도군 고군면 진도대로 288
8712017,오산초등학교금호도분교장,전남광주통합특별시교육청(전남),진도군,Q10,전남광주통합특별시 진도군 고군면 금호도길 47
8712018,의신초등학교,전남광주통합특별시교육청(전남),진도군,Q10,전남광주통합특별시 진도군 의신면 돈지1길 13
8712019,의신초등학교접도분교장,전남광주통합특별시교육청(전남),진도군,Q10,전남광주통합특별시 진도군 의신면 황모길 25-1
8712020,석교초등학교,전남광주통합특별시교육청(전남),진도군,Q10,전남광주통합특별시 진도군 임회면 석교길 47-18
8712021,지산초등학교,전남광주통합특별시교육청(전남),진도군,Q10,전남광주통합특별시 진도군 지산면 인지독치1길 21-12
8712022,조도초등학교,전남광주통합특별시교육청(전남),진도군,Q10,전남광주통합특별시 진도군 조도면 창유1길 36-14
8712023,조도초등학교거차분교장,전남광주통합특별시교육청(전남),진도군,Q10,전남광주통합특별시 진도군 조도면 서거차도1길 116
8712024,조도초등학교관사분교장,전남광주통합특별시교육청(전남),진도군,Q10,전남광주통합특별시 진도군 조도면 관사도길 12
8712025,조도초등학교대마분교장,전남광주통합특별시교육청(전남),진도군,Q10,전남광주통합특별시 진도군 조도면 대마도길 26
8712038,의신초등학교모도분교장,전남광주통합특별시교육청(전남),진도군,Q10,전남광주통합특별시 진도군 의신면 모도길 12-3
8722015,지도초등학교,전남광주통합특별시교육청(전남),신안군,Q10,전남광주통합특별시 신안군 지도읍 서촌길 52-1
8722016,증도초등학교,전남광주통합특별시교육청(전남),신안군,Q10,전남광주통합특별시 신안군 증도면 문준경길 218
8722017,증도초등학교소악분교장,전남광주통합특별시교육청(전남),신안군,Q10,전남광주통합특별시 신안군 증도면 소악길 87
8722018,임자초등학교,전남광주통합특별시교육청(전남),신안군,Q10,전남 신안군 임자면 임자로 216-4
8722019,임자남초등학교,전남광주통합특별시교육청(전남),신안군,Q10,전남광주통합특별시 신안군 임자면 장동길 86
8722020,자은초등학교,전남광주통합특별시교육청(전남),신안군,Q10,전남광주통합특별시 신안군 자은면 구영1길 44-36
8722021,비금초등학교,전남광주통합특별시교육청(전남),신안군,Q10,전남광주통합특별시 신안군 비금면 유옥우길 21-4
8722022,비금동초등학교,전남광주통합특별시교육청(전남),신안군,Q10,전남광주통합특별시 신안군 비금면 용소길 181-6
8722023,도초초등학교,전남광주통합특별시교육청(전남),신안군,Q10,전남광주통합특별시 신안군 도초면 서남문로 1698
8722024,흑산초등학교,전남광주통합특별시교육청(전남),신안군,Q10,전남광주통합특별시 신안군 흑산면 진마을길 12-13
8722025,흑산초등학교장도분교장,전남광주통합특별시교육청(전남),신안군,Q10,전남광주통합특별시 신안군 흑산면 장도길 49-1
8722026,흑산초등학교영산분교장,전남광주통합특별시교육청(전남),신안군,Q10,전남광주통합특별시 신안군 흑산면 영산길 19-18
8722027,흑산초등학교하태분교장,전남광주통합특별시교육청(전남),신안군,Q10,전남광주통합특별시 신안군 흑산면 장굴길 43-2
8722028,흑산초등학교홍도분교장,전남광주통합특별시교육청(전남),신안군,Q10,전남광주통합특별시 신안군 흑산면 홍도1길 53
8722029,흑산초등학교흑산동분교장,전남광주통합특별시교육청(전남),신안군,Q10,전남광주통합특별시 신안군 흑산면 김이수길 29-2
8722030,가거도초등학교,전남광주통합특별시교육청(전남),신안군,Q10,전남광주통합특별시 신안군 흑산면 가거도길 18-31
8722032,하의초등학교,전남광주통합특별시교육청(전남),신안군,Q10,전남광주통합특별시 신안군 하의면 안곰실길 33
8722033,신의초등학교,전남광주통합특별시교육청(전남),신안군,Q10,전남광주통합특별시 신안군 신의면 신의로 710-57
8722034,장산초등학교,전남광주통합특별시교육청(전남),신안군,Q10,전남광주통합특별시 신안군 장산면 장산로 277
8722035,안좌초등학교,전남광주통합특별시교육청(전남),신안군,Q10,전남광주통합특별시 신안군 안좌면 김환기길 6
8722036,팔금초등학교,전남광주통합특별시교육청(전남),신안군,Q10,전남광주통합특별시 신안군 팔금면 삼층석탑길 173
8722037,암태초등학교,전남광주통합특별시교육청(전남),신안군,Q10,전남광주통합특별시 신안군 암태면 장단고길 56
8722038,압해초등학교,전남광주통합특별시교육청(전남),신안군,Q10,전남광주통합특별시 신안군 압해읍 복룡로 33-8
8722039,압해동초등학교,전남광주통합특별시교육청(전남),신안군,Q10,전남광주통합특별시 신안군 압해읍 압해로 378-6
8722040,압해서초등학교,전남광주통합특별시교육청(전남),신안군,Q10,전남광주통합특별시 신안군 압해읍 압해로 1336-2
8761111,곡강초등학교,경상북도교육청,포항시,R10,경상북도 포항시 북구 흥해읍 칠포로 7
8761112,구룡포초등학교,경상북도교육청,포항시,R10,경상북도 포항시 남구 구룡포읍 구룡포길 61
8761113,구정초등학교,경상북도교육청,포항시,R10,경상북도 포항시 남구 오천읍 구정길 11
8761114,기계초등학교,경상북도교육청,포항시,R10,경상북도 포항시 북구 기계면 기계로 122
8761115,기북초등학교,경상북도교육청,포항시,R10,경상북도 포항시 북구 기북면 기북로 452
8761116,남성초등학교,경상북도교육청,포항시,R10,경상북도 포항시 남구 대송면 장동홍계길 20
8761117,달전초등학교,경상북도교육청,포항시,R10,경상북도 포항시 북구 흥해읍 이인로101번길 27-10
8761118,대도초등학교,경상북도교육청,포항시,R10,경상북도 포항시 남구 상공로92번길 25-10
8761119,대보초등학교,경상북도교육청,포항시,R10,경상북도 포항시 남구 호미곶면 보천길 16
8761120,대송초등학교,경상북도교육청,포항시,R10,경상북도 포항시 남구 대송면 제내길 24
8761121,대이초등학교,경상북도교육청,포항시,R10,경상북도 포항시 남구 대이로46번길 35
8761122,대잠초등학교,경상북도교육청,포항시,R10,경상북도 포항시 북구 중흥로161번길 16
8761123,대해초등학교,경상북도교육청,포항시,R10,경상북도 포항시 남구 양학천로150번길 58
8761124,동해초등학교,경상북도교육청,포항시,R10,경상북도 포항시 남구 동해면 일월로 78
8761125,두호남부초등학교,경상북도교육청,포항시,R10,경상북도 포항시 북구 두호로52번길 13
8761126,두호초등학교,경상북도교육청,포항시,R10,경상북도 포항시 북구 창흥로36번길 23
8761127,문덕초등학교,경상북도교육청,포항시,R10,경상북도 포항시 남구 오천읍 해병로 397
8761128,문충초등학교,경상북도교육청,포항시,R10,경상북도 포항시 남구 오천읍 정몽주로 49
8761129,상대초등학교,경상북도교육청,포항시,R10,경상북도 포항시 남구 대해로 82
8761130,송라초등학교,경상북도교육청,포항시,R10,경상북도 포항시 북구 송라면 보경로 57
8761131,송림초등학교,경상북도교육청,포항시,R10,경상북도 포항시 남구 축항로 55
8761132,신광초등학교,경상북도교육청,포항시,R10,경상북도 포항시 북구 신광면 토성길 31
8761133,신흥초등학교,경상북도교육청,포항시,R10,경상북도 포항시 남구 중흥로100번길 13
8761134,양포초등학교,경상북도교육청,포항시,R10,경상북도 포항시 남구 장기면 장기로 33
8761135,양학초등학교,경상북도교육청,포항시,R10,경상북도 포항시 북구 양학로 110
8761136,연일초등학교,경상북도교육청,포항시,R10,경상북도 포항시 남구 연일읍 철강로25번길 40
8761137,연일형산초등학교,경상북도교육청,포항시,R10,경상북도 포항시 남구 연일읍 형산강남로 262
8761138,오천초등학교,경상북도교육청,포항시,R10,경상북도 포항시 남구 오천읍 정몽주로 572
8761139,용흥초등학교,경상북도교육청,포항시,R10,경상북도 포항시 북구 용흥로 118
8761140,월포초등학교,경상북도교육청,포항시,R10,경상북도 포항시 북구 청하면 월포로 146
8761141,유강초등학교,경상북도교육청,포항시,R10,경상북도 포항시 남구 연일읍 유강길9번길 39
8761142,이동초등학교,경상북도교육청,포항시,R10,경상북도 포항시 남구 포스코대로 147-10
8761143,인덕초등학교,경상북도교육청,포항시,R10,경상북도 포항시 남구 서원재로170번길 9
8761144,장기초등학교,경상북도교육청,포항시,R10,경상북도 포항시 남구 장기면 장기로 336
8761145,장량초등학교,경상북도교육청,포항시,R10,경상북도 포항시 북구 삼흥로100번길 9
8761146,장성초등학교,경상북도교육청,포항시,R10,경상북도 포항시 북구 새천년대로1123번길 6
8761147,죽도초등학교,경상북도교육청,포항시,R10,경상북도 포항시 북구 중흥로 195
8761148,죽장초등학교,경상북도교육청,포항시,R10,경상북도 포항시 북구 죽장면 새마을로 3575
8761149,죽천초등학교,경상북도교육청,포항시,R10,경상북도 포항시 북구 흥해읍 죽천길185번길 30
8761150,창포초등학교,경상북도교육청,포항시,R10,경상북도 포항시 북구 새천년대로1075번길 32
8761151,청림초등학교,경상북도교육청,포항시,R10,경상북도 포항시 남구 정몽주로 890
8761152,청하초등학교,경상북도교육청,포항시,R10,경상북도 포항시 북구 청하면 청하로217번길 19
8761153,포항남부초등학교,경상북도교육청,포항시,R10,경상북도 포항시 북구 새천년대로 606
8761154,포항대흥초등학교,경상북도교육청,포항시,R10,경상북도 포항시 북구 용흥로 292번길 33
8761155,포항동부초등학교,경상북도교육청,포항시,R10,경상북도 포항시 북구 삼호로 273
8761156,포항송도초등학교,경상북도교육청,포항시,R10,경상북도 포항시 남구 송도로 80
8761157,포항양덕초등학교,경상북도교육청,포항시,R10,경상북도 포항시 북구 양덕로 20-5
8761158,포항영흥초등학교,경상북도교육청,포항시,R10,경상북도 포항시 북구 중앙로 212
8761159,포항원동초등학교,경상북도교육청,포항시,R10,경상북도 포항시 남구 오천읍 냉천로340번길 64
8761160,포항장원초등학교,경상북도교육청,포항시,R10,경상북도 포항시 북구 법원로63번길 10
8761161,포항장흥초등학교,경상북도교육청,포항시,R10,경상북도 포항시 북구 양덕남로 11
8761162,포항중앙초등학교,경상북도교육청,포항시,R10,경상북도 포항시 북구 우창동로 73
8761163,포항초등학교,경상북도교육청,포항시,R10,경상북도 포항시 북구 서동로47번길 23
8761164,포항항도초등학교,경상북도교육청,포항시,R10,경상북도 포항시 북구 항도길 13
8761165,포항해맞이초등학교,경상북도교육청,포항시,R10,경상북도 포항시 북구 환호로 37
8761166,학천초등학교,경상북도교육청,포항시,R10,경상북도 포항시 북구 흥해읍 도음로856번길 17
8761167,항구초등학교,경상북도교육청,포항시,R10,경상북도 포항시 북구 삼호로468번길 5-12
8761168,효자초등학교,경상북도교육청,포항시,R10,경상북도 포항시 남구 효성로 30
8761169,흥해남산초등학교,경상북도교육청,포항시,R10,경상북도 포항시 북구 흥해읍 남미질로 26
8761170,흥해서부초등학교,경상북도교육청,포항시,R10,경상북도 포항시 북구 흥해읍 북송길 53
8761171,흥해초등학교,경상북도교육청,포항시,R10,경상북도 포항시 북구 흥해읍 흥해로 107
8761174,포항제철지곡초등학교,경상북도교육청,포항시,R10,경상북도 포항시 남구 지곡로 295
8761229,포항송곡초등학교,경상북도교육청,포항시,R10,경상북도 포항시 북구 장량중앙로 27
8761256,포항제철초등학교,경상북도교육청,포항시,R10,경상북도 포항시 남구 지곡로 60
8761258,양서초등학교,경상북도교육청,포항시,R10,경상북도 포항시 북구 천마로 89
8761261,초곡초등학교,경상북도교육청,포항시,R10,경상북도 포항시 북구 흥해읍 초곡지구로
8761271,초서초등학교,경상북도교육청,포항시,R10,경상북도 포항시 북구 흥해읍 초곡지구로 152
8761272,포항용산초등학교,경상북도교육청,포항시,R10,경상북도 포항시 남구 오천읍 정몽주로 309
8761273,포항펜타초등학교,경상북도교육청,포항시,R10,경상북도 포항시 북구 흥해읍 펜타시티단지로 47
8771050,감포초등학교,경상북도교육청,경주시,R10,경상북도 경주시 감포읍 감포로10길 21
8771068,강동초등학교,경상북도교육청,경주시,R10,경상북도 경주시 강동면 강동로 80
8771069,건천초등학교,경상북도교육청,경주시,R10,경상북도 경주시 건천읍 내서로 1105
8771070,경주초등학교,경상북도교육청,경주시,R10,경상북도 경주시 충효2길 20
8771071,계림초등학교,경상북도교육청,경주시,R10,경상북도 경주시 동문로43번길 16
8771072,괘릉초등학교,경상북도교육청,경주시,R10,경상북도 경주시 외동읍 신계입실길 139-5
8771073,금장초등학교,경상북도교육청,경주시,R10,경상북도 경주시 현곡면 등나무길 18-6
8771074,나산초등학교,경상북도교육청,경주시,R10,경상북도 경주시 양남면 동해안로 625-9
8771075,나원초등학교,경상북도교육청,경주시,R10,경상북도 경주시 현곡면 안현로 20
8771076,내남초등학교,경상북도교육청,경주시,R10,경상북도 경주시 내남면 경덕로 286
8771077,동방초등학교,경상북도교육청,경주시,R10,경상북도 경주시 산업로 3485-8
8771078,동천초등학교,경상북도교육청,경주시,R10,경상북도 경주시 알천북로249번길 20
8771079,모량초등학교,경상북도교육청,경주시,R10,경상북도 경주시 건천읍 내서로 1504
8771080,모아초등학교,경상북도교육청,경주시,R10,경상북도 경주시 천북면 산업로 4974-5
8771081,모화초등학교,경상북도교육청,경주시,R10,경상북도 경주시 외동읍 계동1길 12
8771082,불국사초등학교,경상북도교육청,경주시,R10,경상북도 경주시 불국사초등길 27
8771083,사방초등학교,경상북도교육청,경주시,R10,경상북도 경주시 안강읍 사방검단길 54
8771084,산대초등학교,경상북도교육청,경주시,R10,경상북도 경주시 안강읍 구부랑길 54-5
8771085,서라벌초등학교,경상북도교육청,경주시,R10,경상북도 경주시 천군2길 24
8771086,석계초등학교,경상북도교육청,경주시,R10,경상북도 경주시 외동읍 석계평리길 79-31
8771087,신라초등학교,경상북도교육청,경주시,R10,경상북도 경주시 금성로183번길 28
8771088,아화초등학교,경상북도교육청,경주시,R10,경상북도 경주시 서면 내서로 461
8771090,안강제일초등학교,경상북도교육청,경주시,R10,경상북도 경주시 안강읍 안강중앙로 189
8771091,안강초등학교,경상북도교육청,경주시,R10,경상북도 경주시 안강읍 비화원로 34
8771092,양남초등학교,경상북도교육청,경주시,R10,경상북도 경주시 양남면 양남로 335-1
8771093,양동초등학교,경상북도교육청,경주시,R10,경상북도 경주시 강동면 양동마을길 109
8771094,양북초등학교,경상북도교육청,경주시,R10,경상북도 경주시 문무대왕면 어일남길 2
8771095,연안초등학교,경상북도교육청,경주시,R10,경상북도 경주시 외동읍 연안1길 15
8771096,영지초등학교,경상북도교육청,경주시,R10,경상북도 경주시 외동읍 영지로 449
8771097,옥산초등학교,경상북도교육청,경주시,R10,경상북도 경주시 안강읍 낙헌2길 48
8771098,용강초등학교,경상북도교육청,경주시,R10,경상북도 경주시 승삼2길 9
8771099,용황초등학교,경상북도교육청,경주시,R10,경상북도 경주시 원지길30번길 31
8771100,월성초등학교,경상북도교육청,경주시,R10,경상북도 경주시 원효로 67
8771101,유림초등학교,경상북도교육청,경주시,R10,경상북도 경주시 용담로104번길 43-4
8771102,의곡초등학교,경상북도교육청,경주시,R10,경상북도 경주시 산내면 문복로 1798-6
8771103,입실초등학교,경상북도교육청,경주시,R10,경상북도 경주시 외동읍 입실로1길 94
8771104,천북초등학교,경상북도교육청,경주시,R10,경상북도 경주시 천북면 천북로 343
8771105,천포초등학교,경상북도교육청,경주시,R10,경상북도 경주시 건천읍 단석로 1929
8771106,현곡초등학교,경상북도교육청,경주시,R10,경상북도 경주시 현곡면 다경길 16-7
8771107,화랑초등학교,경상북도교육청,경주시,R10,경상북도 경주시 임해로 116
8771108,황남초등학교,경상북도교육청,경주시,R10,경상북도 경주시 광중2길 28
8771109,황성초등학교,경상북도교육청,경주시,R10,경상북도 경주시 양정로287번길 12
8771110,흥무초등학교,경상북도교육청,경주시,R10,경상북도 경주시 금성로347번길 30
8771147,화천초등학교,경상북도교육청,경주시,R10,경상북도 경주시 건천읍 경주역세권3로 60
8781044,감천초등학교,경상북도교육청,김천시,R10,경상북도 김천시 감천면 금감로 1550-2
8781045,개령서부초등학교,경상북도교육청,김천시,R10,경상북도 김천시 개령면 감문로 277
8781046,개령초등학교,경상북도교육청,김천시,R10,경상북도 김천시 개령면 동부길 60
8781049,금릉초등학교,경상북도교육청,김천시,R10,경상북도 김천시 구읍길 57
8781050,김천다수초등학교,경상북도교육청,김천시,R10,경상북도 김천시 영남대로 1286
8781051,김천동부초등학교,경상북도교육청,김천시,R10,경상북도 김천시 황산로 83-15
8781052,김천동신초등학교,경상북도교육청,김천시,R10,경상북도 김천시 신음새동네길 116
8781053,김천모암초등학교,경상북도교육청,김천시,R10,경상북도 김천시 모암사랑10길 6
8781054,김천부곡초등학교,경상북도교육청,김천시,R10,경상북도 김천시 부곡맛고을1길 147
8781055,김천서부초등학교,경상북도교육청,김천시,R10,경상북도 김천시 원곡길 8
8781056,김천신일초등학교,경상북도교육청,김천시,R10,경상북도 김천시 신음3길 42
8781057,김천중앙초등학교,경상북도교육청,김천시,R10,경상북도 김천시 김천로 156
8781058,김천초등학교,경상북도교육청,김천시,R10,경상북도 김천시 남산공원3길 11-3
8781059,농소초등학교,경상북도교육청,김천시,R10,경상북도 김천시 해오름1로1길7
8781061,대덕초등학교,경상북도교육청,김천시,R10,경상북도 김천시 대덕면 관기2길 21
8781062,대룡초등학교,경상북도교육청,김천시,R10,경상북도 김천시 대항면 대룡로 82
8781064,봉계초등학교,경상북도교육청,김천시,R10,경상북도 김천시 봉산면 봉계길 74-15
8781066,아천초등학교,경상북도교육청,김천시,R10,경상북도 김천시 어모면 어모문화1길 14
8781067,아포초등학교,경상북도교육청,김천시,R10,경상북도 김천시 아포읍 아포대로 1067
8781070,위량초등학교,경상북도교육청,김천시,R10,경상북도 김천시 감문면 문화로 6
8781071,조마초등학교,경상북도교육청,김천시,R10,경상북도 김천시 조마면 강곡1길 16-69
8781075,직지초등학교,경상북도교육청,김천시,R10,경상북도 김천시 대항면 대성향천길 1603
8781098,율곡초등학교,경상북도교육청,김천시,R10,경상북도 김천시 용전1로 51
8781102,아천초등학교능치분교장,경상북도교육청,김천시,R10,경상북도 김천시 어모면 작점로 817
8781113,운곡초등학교,경상북도교육청,김천시,R10,경상북도 김천시 용전4로3길 7
8781122,지품천초등학교,경상북도교육청,김천시,R10,경상북도 김천시 지례면 장터길 15
8781124,지품천초등학교증산분교장,경상북도교육청,김천시,R10,경상북도 김천시 증산면 증산1로 29
8791046,대구교육대학교안동부설초등학교,경상북도교육청,안동시,R10,경상북도 안동시 단원로 222
8791047,길안초등학교,경상북도교육청,안동시,R10,경상북도 안동시 길안면 충효로 2230
8791048,길주초등학교,경상북도교육청,안동시,R10,경상북도 안동시 경동로 947-20
8791049,남선초등학교,경상북도교육청,안동시,R10,경상북도 안동시 남선면 구미양지마길 26
8791050,남후초등학교,경상북도교육청,안동시,R10,경상북도 안동시 남후면 무릉길 104
8791051,녹전초등학교,경상북도교육청,안동시,R10,경상북도 안동시 녹전면 녹전로 695
8791052,복주초등학교,경상북도교육청,안동시,R10,경상북도 안동시 복주3길 23-13
8791053,북후초등학교,경상북도교육청,안동시,R10,경상북도 안동시 북후면 도장길 339
8791054,서선초등학교,경상북도교육청,안동시,R10,경상북도 안동시 풍산읍 서선길 51
8791055,서후초등학교,경상북도교육청,안동시,R10,경상북도 안동시 서후면 학가산온천길 375
8791056,송천초등학교,경상북도교육청,안동시,R10,경상북도 안동시 송천2길 119
8791057,신성초등학교,경상북도교육청,안동시,R10,경상북도 안동시 풍천면 신성장골길 1
8791058,안동강남초등학교,경상북도교육청,안동시,R10,경상북도 안동시 강남1길 78
8791059,안동동부초등학교,경상북도교육청,안동시,R10,경상북도 안동시 동부길 2
8791060,안동서부초등학교,경상북도교육청,안동시,R10,경상북도 안동시 서동문로 65
8791061,안동송현초등학교,경상북도교육청,안동시,R10,경상북도 안동시 경동로 313
8791062,안동영호초등학교,경상북도교육청,안동시,R10,경상북도 안동시 옥서4길 8
8791063,안동용상초등학교,경상북도교육청,안동시,R10,경상북도 안동시 경동로 900
8791064,안동초등학교,경상북도교육청,안동시,R10,경상북도 안동시 경동로 643
8791065,영가초등학교,경상북도교육청,안동시,R10,경상북도 안동시 서경지8길 2
8791066,영남초등학교,경상북도교육청,안동시,R10,경상북도 안동시 영남길 15
8791068,와룡초등학교,경상북도교육청,안동시,R10,경상북도 안동시 와룡면 문화마을길 11
8791069,월곡초등학교,경상북도교육청,안동시,R10,경상북도 안동시 예안면 정산길 23
8791070,일직초등학교,경상북도교육청,안동시,R10,경상북도 안동시 일직면 감시골길 6-3
8791071,임동초등학교,경상북도교육청,안동시,R10,경상북도 안동시 임동면 편항길 42
8791072,임하초등학교,경상북도교육청,안동시,R10,경상북도 안동시 임하면 앞산밑길 9
8791073,풍북초등학교,경상북도교육청,안동시,R10,경상북도 안동시 풍산읍 괴정2길 21-14
8791074,풍산초등학교,경상북도교육청,안동시,R10,경상북도 안동시 풍산읍 하리들길 32
8791078,녹전초등학교원천분교장,경상북도교육청,안동시,R10,경상북도 안동시 녹전면 원당안길 12
8791106,풍천풍서초등학교,경상북도교육청,안동시,R10,경상북도 안동시 풍천면 풍요5길 9
8801086,고아초등학교,경상북도교육청,구미시,R10,경상북도 구미시 고아읍 관심1길 46
8801087,광평초등학교,경상북도교육청,구미시,R10,경상북도 구미시 구미대로 285
8801088,구미봉곡초등학교,경상북도교육청,구미시,R10,경상북도 구미시 봉곡남로1길 23
8801089,구미사곡초등학교,경상북도교육청,구미시,R10,경상북도 구미시 상사동로24길 9
8801090,구미신평초등학교,경상북도교육청,구미시,R10,경상북도 구미시 신비로4길 15
8801091,구미오산초등학교,경상북도교육청,구미시,R10,경상북도 구미시 금오대로24길 15
8801092,구미왕산초등학교,경상북도교육청,구미시,R10,경상북도 구미시 왕산로 32
8801093,구미초등학교,경상북도교육청,구미시,R10,경상북도 구미시 역전로2길 23
8801094,구운초등학교,경상북도교육청,구미시,R10,경상북도 구미시 고아읍 송평구길 79
8801095,구평남부초등학교,경상북도교육청,구미시,R10,경상북도 구미시 인동가산로 250-25
8801096,구평초등학교,경상북도교육청,구미시,R10,경상북도 구미시 인동가산로 382-14
8801097,금오초등학교,경상북도교육청,구미시,R10,경상북도 구미시 산책길 19
8801098,남계초등학교,경상북도교육청,구미시,R10,경상북도 구미시 고아읍 봉한3길 16
8801099,덕촌초등학교,경상북도교육청,구미시,R10,경상북도 구미시 옥성면 선상서로 584
8801100,도개초등학교,경상북도교육청,구미시,R10,경상북도 구미시 도개면 도안로 108
8801101,도량초등학교,경상북도교육청,구미시,R10,경상북도 구미시 송동로7길 15-14
8801102,도봉초등학교,경상북도교육청,구미시,R10,경상북도 구미시 도봉로 47
8801103,도산초등학교,경상북도교육청,구미시,R10,경상북도 구미시 문장로 100
8801104,무을초등학교,경상북도교육청,구미시,R10,경상북도 구미시 무을면 송삼1길 33
8801105,문장초등학교,경상북도교육청,구미시,R10,경상북도 구미시 고아읍 문장로 168
8801106,비산초등학교,경상북도교육청,구미시,R10,경상북도 구미시 비산로 24
8801107,산동초등학교,경상북도교육청,구미시,R10,경상북도 구미시 산동면 강동로 936-18
8801108,상모초등학교,경상북도교육청,구미시,R10,경상북도 구미시 상모로 71
8801109,선산초등학교,경상북도교육청,구미시,R10,경상북도 구미시 선산읍 선산중앙로 87-4
8801110,선주초등학교,경상북도교육청,구미시,R10,경상북도 구미시 봉곡로 134
8801111,송정초등학교,경상북도교육청,구미시,R10,경상북도 구미시 송정대로6길 72-6
8801112,신기초등학교,경상북도교육청,구미시,R10,경상북도 구미시 신비로3길 37-8
8801113,야은초등학교,경상북도교육청,구미시,R10,경상북도 구미시 송동로7길 65
8801114,양포초등학교,경상북도교육청,구미시,R10,경상북도 구미시 흥안로3길 30
8801116,오태초등학교,경상북도교육청,구미시,R10,경상북도 구미시 금오대로10길 19-9
8801117,옥계동부초등학교,경상북도교육청,구미시,R10,경상북도 구미시 옥계북로 89
8801118,옥계초등학교,경상북도교육청,구미시,R10,경상북도 구미시 산호대로23길 21-7
8801119,옥성초등학교,경상북도교육청,구미시,R10,경상북도 구미시 옥성면 주아2길 18-13
8801120,원남초등학교,경상북도교육청,구미시,R10,경상북도 구미시 원남로 12-50
8801121,원호초등학교,경상북도교육청,구미시,R10,경상북도 구미시 고아읍 문장로22길 58
8801122,인동초등학교,경상북도교육청,구미시,R10,경상북도 구미시 여헌로3길 34
8801123,인의초등학교,경상북도교육청,구미시,R10,경상북도 구미시 인동13길 23
8801125,장천초등학교,경상북도교육청,구미시,R10,경상북도 구미시 장천면 강동로 236
8801126,정수초등학교,경상북도교육청,구미시,R10,경상북도 구미시 박정희로 120
8801127,지산초등학교,경상북도교육청,구미시,R10,경상북도 구미시 지산13길 17
8801128,진평초등학교,경상북도교육청,구미시,R10,경상북도 구미시 인동30길 53
8801129,천생초등학교,경상북도교육청,구미시,R10,경상북도 구미시 인동43길 8
8801130,해평초등학교,경상북도교육청,구미시,R10,경상북도 구미시 해평면 월호2길 5
8801131,형곡초등학교,경상북도교육청,구미시,R10,경상북도 구미시 신시로1길 10
8801132,형남초등학교,경상북도교육청,구미시,R10,경상북도 구미시 형곡동로 1-5
8801133,형일초등학교,경상북도교육청,구미시,R10,경상북도 구미시 형곡로14길 5-20
8801134,황상초등학교,경상북도교육청,구미시,R10,경상북도 구미시 검성로 103-3
8801180,해마루초등학교,경상북도교육청,구미시,R10,경상북도 구미시 산호대로 953
8801201,구미문성초등학교,경상북도교육청,구미시,R10,경상북도 구미시 고아읍 들성로9길 13
8801203,구미인덕초등학교,경상북도교육청,구미시,R10,경상북도 구미시 산동읍 신당인덕3로 25
8801207,구미원당초등학교,경상북도교육청,구미시,R10,경상북도 구미시 산동읍 옥계신당로9길 21
8801208,구미신당초등학교,경상북도교육청,구미시,R10,경상북도 구미시 산동읍 신당4로 29
8811035,남산초등학교,경상북도교육청,영주시,R10,경상북도 영주시 구성로 257
8811036,문수초등학교,경상북도교육청,영주시,R10,경상북도 영주시 문수면 문수로1406번길 15-4
8811038,봉현초등학교,경상북도교육청,영주시,R10,경상북도 영주시 봉현면 소백로1623번길 6
8811039,부석초등학교,경상북도교육청,영주시,R10,경상북도 영주시 부석면 부석로65번길 5
8811040,순흥초등학교,경상북도교육청,영주시,R10,경상북도 영주시 순흥면 순흥로 15
8811041,안정초등학교,경상북도교육청,영주시,R10,경상북도 영주시 안정면 용주로 1414
8811042,영일초등학교,경상북도교육청,영주시,R10,경상북도 영주시 영주로147번길 17
8811043,영주남부초등학교,경상북도교육청,영주시,R10,경상북도 영주시 대학로71번길 19
8811044,영주동부초등학교,경상북도교육청,영주시,R10,경상북도 영주시 남간로25번길 46
8811045,영주서부초등학교,경상북도교육청,영주시,R10,경상북도 영주시 신재로 12
8811046,영주중앙초등학교,경상북도교육청,영주시,R10,경상북도 영주시 중앙로 126
8811047,영주초등학교,경상북도교육청,영주시,R10,경상북도 영주시 광복로 55
8811048,옥대초등학교,경상북도교육청,영주시,R10,경상북도 영주시 단산면 아호로26번길 22
8811049,이산초등학교,경상북도교육청,영주시,R10,경상북도 영주시 이산면 이산로 487
8811050,장수초등학교,경상북도교육청,영주시,R10,경상북도 영주시 장수면 장수로 35
8811051,평은초등학교,경상북도교육청,영주시,R10,경상북도 영주시 평은면 평은로 939
8811052,풍기북부초등학교,경상북도교육청,영주시,R10,경상북도 영주시 풍기읍 금계로 72
8811053,풍기초등학교,경상북도교육청,영주시,R10,경상북도 영주시 풍기읍 기주로 110
8811067,영주가흥초등학교,경상북도교육청,영주시,R10,경상북도 영주시 대동로70번길 8-9
8821033,거여초등학교,경상북도교육청,영천시,R10,경상북도 영천시 금호읍 관정1길 31
8821034,고경초등학교,경상북도교육청,영천시,R10,경상북도 영천시 고경면 호국로 1276
8821035,금호초등학교,경상북도교육청,영천시,R10,경상북도 영천시 금호읍 금호로 179
8821036,단포초등학교,경상북도교육청,영천시,R10,경상북도 영천시 고경면 호국로 343
8821037,대창초등학교,경상북도교육청,영천시,R10,경상북도 영천시 대창면 금창로 787
8821038,북안초등학교,경상북도교육청,영천시,R10,경상북도 영천시 북안면 운북로 1984
8821039,신녕초등학교,경상북도교육청,영천시,R10,경상북도 영천시 신녕면 큰골길 9
8821041,영천동부초등학교,경상북도교육청,영천시,R10,경상북도 영천시 호국로 209
8821042,영천중앙초등학교,경상북도교육청,영천시,R10,경상북도 영천시 조양길 71
8821043,영천초등학교,경상북도교육청,영천시,R10,경상북도 영천시 천문로 253
8821045,영화초등학교,경상북도교육청,영천시,R10,경상북도 영천시 영화새싹길 22
8821046,임고초등학교,경상북도교육청,영천시,R10,경상북도 영천시 임고면 포은로 491-2
8821047,자천초등학교,경상북도교육청,영천시,R10,경상북도 영천시 화북면 화북길 75
8821048,지곡초등학교,경상북도교육청,영천시,R10,경상북도 영천시 화남면 천문로 1597-5
8821049,청통초등학교,경상북도교육청,영천시,R10,경상북도 영천시 청통면 청통초등길 43
8821050,평천초등학교,경상북도교육청,영천시,R10,경상북도 영천시 임고면 포은로 814-40
8821052,화산초등학교,경상북도교육청,영천시,R10,경상북도 영천시 화산면 장수로 942-9
8821054,자천초등학교보현분교장,경상북도교육청,영천시,R10,경상북도 영천시 자양면 별빛로 1183
8821070,포은초등학교,경상북도교육청,영천시,R10,경상북도 영천시 망정4길 72
8831044,공검초등학교,경상북도교육청,상주시,R10,경상북도 상주시 공검면 공검이안길 27
8831047,낙동초등학교,경상북도교육청,상주시,R10,경상북도 상주시 낙동면 장천로 457
8831048,낙서초등학교,경상북도교육청,상주시,R10,경상북도 상주시 내서면 영남제일로 3173
8831049,모동초등학교,경상북도교육청,상주시,R10,경상북도 상주시 모동면 중화로 583-17
8831050,모서초등학교,경상북도교육청,상주시,R10,경상북도 상주시 모서면 백화로 1387
8831051,백원초등학교,경상북도교육청,상주시,R10,경상북도 상주시 북상주로 591-14
8831052,사벌초등학교,경상북도교육청,상주시,R10,경상북도 상주시 사벌국면 덕담1길 53
8831053,상산초등학교,경상북도교육청,상주시,R10,경상북도 상주시 왕산로 374
8831054,상영초등학교,경상북도교육청,상주시,R10,경상북도 상주시 상산로 202
8831055,상주남부초등학교,경상북도교육청,상주시,R10,경상북도 상주시 지천1길 5
8831056,상주동부초등학교,경상북도교육청,상주시,R10,경상북도 상주시 헌신1길 1
8831057,상주중앙초등학교,경상북도교육청,상주시,R10,경상북도 상주시 상서문1길 112
8831058,상주초등학교,경상북도교육청,상주시,R10,경상북도 상주시 중앙로 167
8831059,성동초등학교,경상북도교육청,상주시,R10,경상북도 상주시 성동새싹길 14
8831060,옥산초등학교,경상북도교육청,상주시,R10,경상북도 상주시 공성면 산현3길 17
8831061,외남초등학교,경상북도교육청,상주시,R10,경상북도 상주시 외남면 석단로 1073
8831062,외서초등학교,경상북도교육청,상주시,R10,경상북도 상주시 외서면 가곡1길 20
8831063,은척초등학교,경상북도교육청,상주시,R10,경상북도 상주시 은척면 봉중2길 10
8831064,이안초등학교,경상북도교육청,상주시,R10,경상북도 상주시 이안면 양범안룡길 39
8831065,중동초등학교,경상북도교육청,상주시,R10,경상북도 상주시 중동면 오상2길 17-4
8831066,중모초등학교,경상북도교육청,상주시,R10,경상북도 상주시 모동면 신천1길 15
8831068,청리초등학교,경상북도교육청,상주시,R10,경상북도 상주시 청리면 청하2길 39
8831069,함창중앙초등학교,경상북도교육청,상주시,R10,경상북도 상주시 함창읍 구향로 87-10
8831070,함창초등학교,경상북도교육청,상주시,R10,경상북도 상주시 함창읍 구향3길 38
8831071,화동초등학교,경상북도교육청,상주시,R10,경상북도 상주시 화동면 이소1길 78
8831072,화령초등학교,경상북도교육청,상주시,R10,경상북도 상주시 화서면 화령로 57
8831073,화북초등학교,경상북도교육청,상주시,R10,경상북도 상주시 화북면 문장로 1803-12
8831076,은척초등학교무릉분교장,경상북도교육청,상주시,R10,경상북도 상주시 은척면 무릉2길 2
8831080,화북초등학교입석분교장,경상북도교육청,상주시,R10,경상북도 상주시 화북면 문장로 2645
8841033,가은초등학교,경상북도교육청,문경시,R10,경상북도 문경시 가은읍 가은로 129
8841034,농암초등학교,경상북도교육청,문경시,R10,경상북도 문경시 농암면 농암길 44-14
8841035,당포초등학교,경상북도교육청,문경시,R10,경상북도 문경시 문경읍 여우목로 580
8841036,동로초등학교,경상북도교육청,문경시,R10,경상북도 문경시 동로면 노은2길 4
8841037,동성초등학교,경상북도교육청,문경시,R10,경상북도 문경시 마성면 동성길 80
8841038,모전초등학교,경상북도교육청,문경시,R10,경상북도 문경시 매봉로 75
8841039,문경초등학교,경상북도교육청,문경시,R10,경상북도 문경시 문경읍 청운로 23
8841040,산북초등학교,경상북도교육청,문경시,R10,경상북도 문경시 산북면 금천로 553-12
8841041,산양초등학교,경상북도교육청,문경시,R10,경상북도 문경시 산양면 산양로 51
8841042,신기초등학교,경상북도교육청,문경시,R10,경상북도 문경시 신기4길 15
8841043,영순초등학교,경상북도교육청,문경시,R10,경상북도 문경시 영순면 사근2길 14
8841044,용흥초등학교,경상북도교육청,문경시,R10,경상북도 문경시 문경읍 갈평길 34
8841045,점촌북초등학교,경상북도교육청,문경시,R10,경상북도 문경시 유곡불정로 154
8841046,점촌중앙초등학교,경상북도교육청,문경시,R10,경상북도 문경시 중앙초등길 9
8841047,점촌초등학교,경상북도교육청,문경시,R10,경상북도 문경시 중앙로 63-16
8841048,호계초등학교,경상북도교육청,문경시,R10,경상북도 문경시 호계면 막곡길 16
8841049,호서남초등학교,경상북도교육청,문경시,R10,경상북도 문경시 호서로 117
8851057,경산동부초등학교,경상북도교육청,경산시,R10,경상북도 경산시 원효로28길 60-6
8851058,경산서부초등학교,경상북도교육청,경산시,R10,경상북도 경산시 경산로42길 22-11
8851059,경산중앙초등학교,경상북도교육청,경산시,R10,경상북도 경산시 중앙초등길 9
8851060,경산초등학교,경상북도교육청,경산시,R10,경상북도 경산시 경안로 84 경산초등학교
8851061,계당초등학교,경상북도교육청,경산시,R10,경상북도 경산시 와촌면 계당길 27
8851062,금락초등학교,경상북도교육청,경산시,R10,경상북도 경산시 하양읍 대학로296길 9-5
8851063,남산초등학교,경상북도교육청,경산시,R10,경상북도 경산시 남산면 하남로 316
8851064,남성초등학교,경상북도교육청,경산시,R10,경상북도 경산시 원효로 375
8851065,남천초등학교,경상북도교육청,경산시,R10,경상북도 경산시 남천면 남천로 481
8851066,다문초등학교,경상북도교육청,경산시,R10,경상북도 경산시 진량읍 다문로70길 85
8851067,대동초등학교,경상북도교육청,경산시,R10,경상북도 경산시 와촌면 팔공로 563-14
8851068,봉황초등학교,경상북도교육청,경산시,R10,경상북도 경산시 진량읍 봉황길 50
8851069,부림초등학교,경상북도교육청,경산시,R10,경상북도 경산시 진량읍 문천길 24
8851070,사동초등학교,경상북도교육청,경산시,R10,경상북도 경산시 백양로33길 32
8851071,성암초등학교,경상북도교육청,경산시,R10,경상북도 경산시 펜타힐즈3로 21
8851073,옥곡초등학교,경상북도교육청,경산시,R10,경상북도 경산시 경산로 54
8851074,와촌초등학교,경상북도교육청,경산시,R10,경상북도 경산시 와촌면 금송로
8851075,용성초등학교,경상북도교육청,경산시,R10,경상북도 경산시 용성면 원효로 1405
8851076,임당초등학교,경상북도교육청,경산시,R10,경상북도 경산시 임당로12길 7
8851077,자인초등학교,경상북도교육청,경산시,R10,경상북도 경산시 자인면 금학로 7
8851078,장산초등학교,경상북도교육청,경산시,R10,경상북도 경산시 성암로8길 25
8851079,정평초등학교,경상북도교육청,경산시,R10,경상북도 경산시 대학로16길 15
8851080,진량초등학교,경상북도교육청,경산시,R10,경상북도 경산시 진량읍 낙산길 37
8851081,진성초등학교,경상북도교육청,경산시,R10,경상북도 경산시 진량읍 진성로 115-5
8851082,청천초등학교,경상북도교육청,경산시,R10,경상북도 경산시 하양읍 대경로 187
8851083,하양초등학교,경상북도교육청,경산시,R10,경상북도 경산시 하양읍 대학로305길 25
8851084,하주초등학교,경상북도교육청,경산시,R10,경상북도 경산시 하양읍 무학로 48
8851085,현흥초등학교,경상북도교육청,경산시,R10,경상북도 경산시 압량읍 대학로 624
8851102,평산초등학교,경상북도교육청,경산시,R10,경상북도 경산시 솔숲길 47
8851122,삼성현초등학교,경상북도교육청,경산시,R10,경상북도 경산시 경청로216길 20
8851129,경산압량초등학교,경상북도교육청,경산시,R10,경상북도 경산시 압량읍 압독2로 38
8862008,대구군위초등학교,대구광역시교육청,군위군,D10,대구광역시 군위군 군위읍 동서5길 28
8862012,대구부계초등학교,대구광역시교육청,군위군,D10,대구광역시 군위군 부계면 치산효령로 1376
8862013,대구우보초등학교,대구광역시교육청,군위군,D10,대구광역시 군위군 우보면 이화길 95
8862032,대구군위초등학교송원캠퍼스,대구광역시교육청,군위군,D10,대구광역시 군위군 소보면 송백로 1394
8862033,대구부계초등학교효령캠퍼스,대구광역시교육청,군위군,D10,대구광역시 군위군 효령면 치산효령로 2386
8862034,대구부계초등학교고매캠퍼스,대구광역시교육청,군위군,D10,대구광역시 군위군 효령면 용매로 970
8862035,대구부계초등학교의흥캠퍼스,대구광역시교육청,군위군,D10,대구광역시 군위군 의흥면 읍내길 67-17
8862036,대구부계초등학교석산캠퍼스,대구광역시교육청,군위군,D10,대구광역시 군위군 삼국유사면 삼국유사로 1314
8871027,구천초등학교,경상북도교육청,의성군,R10,경상북도 의성군 구천면 소보안계로 1616
8871028,금성초등학교,경상북도교육청,의성군,R10,경상북도 의성군 금성면 탑리길 131
8871029,다인초등학교,경상북도교육청,의성군,R10,경상북도 의성군 다인면 서릉1길 19-6
8871032,단촌초등학교,경상북도교육청,의성군,R10,경상북도 의성군 단촌면 신기길 42
8871033,도리원초등학교,경상북도교육청,의성군,R10,경상북도 의성군 봉양면 도리원5길 9
8871036,안계초등학교,경상북도교육청,의성군,R10,경상북도 의성군 안계면 안계길 68
8871037,안평초등학교,경상북도교육청,의성군,R10,경상북도 의성군 안평면 안평의성로 10
8871038,옥전초등학교,경상북도교육청,의성군,R10,경상북도 의성군 옥산면 신감옥산로 1206
8871039,의성남부초등학교,경상북도교육청,의성군,R10,경상북도 의성군 의성읍 문소1길 24
8871040,의성북부초등학교,경상북도교육청,의성군,R10,경상북도 의성군 의성읍 도토길 9
8871041,의성초등학교,경상북도교육청,의성군,R10,경상북도 의성군 의성읍 군청길 26
8871043,점곡초등학교,경상북도교육청,의성군,R10,경상북도 의성군 점곡면 점곡길 8
8871044,춘산초등학교,경상북도교육청,의성군,R10,경상북도 의성군 춘산면 금성현서로 1487
8871045,안평초등학교신평분교장,경상북도교육청,의성군,R10,경상북도 의성군 신평면 봉호로 2436
8871068,비안초등학교,경상북도교육청,의성군,R10,경상북도 의성군 비안면 강변길 105
8871070,금성초등학교가음분교장,경상북도교육청,의성군,R10,경상북도 의성군 가음면 산성가음로 2194
8881015,도평초등학교,경상북도교육청,청송군,R10,경상북도 청송군 현동면 청송로 2679
8881016,부남초등학교,경상북도교육청,청송군,R10,경상북도 청송군 부남면 부남로 509
8881017,안덕초등학교,경상북도교육청,청송군,R10,경상북도 청송군 안덕면 노하길 35
8881018,이전초등학교,경상북도교육청,청송군,R10,경상북도 청송군 주왕산면 부동로 1011-74
8881019,진보초등학교,경상북도교육청,청송군,R10,경상북도 청송군 진보면 진보로 149
8881020,청송초등학교,경상북도교육청,청송군,R10,경상북도 청송군 청송읍 중앙로 229-10
8881021,파천초등학교,경상북도교육청,청송군,R10,경상북도 청송군 파천면 안파로 1357
8881022,화목초등학교,경상북도교육청,청송군,R10,경상북도 청송군 현서면 구산동로 21
8891014,석보초등학교,경상북도교육청,영양군,R10,경상북도 영양군 석보면 원리길 3
8891015,수비초등학교,경상북도교육청,영양군,R10,경상북도 영양군 수비면 한티로 499
8891016,영양중앙초등학교,경상북도교육청,영양군,R10,경상북도 영양군 영양읍 영양창수로 53
8891017,영양초등학교,경상북도교육청,영양군,R10,경상북도 영양군 영양읍 군청길 25
8891018,일월초등학교,경상북도교육청,영양군,R10,경상북도 영양군 일월면 영양로 2410
8891019,입암초등학교,경상북도교육청,영양군,R10,경상북도 영양군 입암면 입암로 162
8891020,일월초등학교청기분교장,경상북도교육청,영양군,R10,경상북도 영양군 청기면 장갈로 1445
8901021,강구초등학교,경상북도교육청,영덕군,R10,경상북도 영덕군 강구면 나비산길 8
8901022,남정초등학교,경상북도교육청,영덕군,R10,경상북도 영덕군 남정면 진불길 15-6
8901023,병곡초등학교,경상북도교육청,영덕군,R10,경상북도 영덕군 병곡면 영길 103-10
8901026,영해초등학교,경상북도교육청,영덕군,R10,경상북도 영덕군 영해면 예주5길 22
8901027,원황초등학교,경상북도교육청,영덕군,R10,경상북도 영덕군 병곡면 원황길 64
8901028,지품초등학교,경상북도교육청,영덕군,R10,경상북도 영덕군 지품면 지영로 7-4
8901029,창수초등학교,경상북도교육청,영덕군,R10,경상북도 영덕군 창수면 영양창수로 3184
8901030,축산항초등학교,경상북도교육청,영덕군,R10,경상북도 영덕군 축산면 축산항초교길 2
8901034,창수초등학교인천분교장,경상북도교육청,영덕군,R10,경상북도 영덕군 창수면 오서로 1370
8901044,영덕야성초등학교,경상북도교육청,영덕군,R10,경상북도 영덕군 영덕읍 덕곡길 96
8911024,각남초등학교,경상북도교육청,청도군,R10,경상북도 청도군 각남면 각남로 59
8911025,금천초등학교,경상북도교육청,청도군,R10,경상북도 청도군 금천면 섶마리1길 27
8911026,남성현초등학교,경상북도교육청,청도군,R10,경상북도 청도군 화양읍 남성현로 473-11
8911027,덕산초등학교,경상북도교육청,청도군,R10,경상북도 청도군 각북면 덕남길 11-7
8911029,동산초등학교,경상북도교육청,청도군,R10,경상북도 청도군 매전면 동산길 43
8911032,유천초등학교,경상북도교육청,청도군,R10,경상북도 청도군 청도읍 유천강변길 68
8911033,이서초등학교,경상북도교육청,청도군,R10,경상북도 청도군 이서면 학산2길 56
8911034,청도초등학교,경상북도교육청,청도군,R10,경상북도 청도군 화양읍 청화로 38-10
8911035,청도중앙초등학교,경상북도교육청,청도군,R10,경상북도 청도군 청도읍 중앙로 81
8911036,풍각초등학교,경상북도교육청,청도군,R10,경상북도 청도군 풍각면 송서10길 22
8911037,화양초등학교,경상북도교육청,청도군,R10,경상북도 청도군 화양읍 동헌길 15
8921017,개진초등학교,경상북도교육청,고령군,R10,경상북도 고령군 개진면 오사길 83
8921018,고령초등학교,경상북도교육청,고령군,R10,경상북도 고령군 왕정길 10
8921019,다산초등학교,경상북도교육청,고령군,R10,경상북도 고령군 다산면 다산로 685-11
8921020,덕곡초등학교,경상북도교육청,고령군,R10,경상북도 고령군 덕곡면 덕운로 548
8921021,박곡초등학교,경상북도교육청,고령군,R10,경상북도 고령군 성산면 성암로 125
8921023,성산초등학교,경상북도교육청,고령군,R10,경상북도 고령군 성산면 성산로 902
8921024,쌍림초등학교,경상북도교육청,고령군,R10,경상북도 고령군 쌍림면 귀원1길 6
8921026,우곡초등학교,경상북도교육청,고령군,R10,경상북도 고령군 우곡면 객기나루길 374
8921027,운수초등학교,경상북도교육청,고령군,R10,경상북도 고령군 운수면 운용로 118
8931022,가천초등학교,경상북도교육청,성주군,R10,경상북도 성주군 가천면 가천로 52
8931023,대가초등학교,경상북도교육청,성주군,R10,경상북도 성주군 대가면 참별로 2188
8931024,대동초등학교,경상북도교육청,성주군,R10,경상북도 성주군 용암면 운용로 1340-9
8931025,도원초등학교,경상북도교육청,성주군,R10,경상북도 성주군 선남면 선노로 185
8931026,벽진초등학교,경상북도교육청,성주군,R10,경상북도 성주군 벽진면 수촌3길 1
8931028,선남초등학교,경상북도교육청,성주군,R10,경상북도 성주군 선남면 관화2길 2
8931029,성주중앙초등학교,경상북도교육청,성주군,R10,경상북도 성주군 성주읍 시장1길 17
8931030,성주초등학교,경상북도교육청,성주군,R10,경상북도 성주군 성주읍 성주읍4길 9
8931031,수륜초등학교,경상북도교육청,성주군,R10,경상북도 성주군 수륜면 참별로 927
8931033,월항초등학교,경상북도교육청,성주군,R10,경상북도 성주군 월항면 안포길 19
8931036,초전초등학교,경상북도교육청,성주군,R10,경상북도 성주군 초전면 대장1길 68
8931049,월항초등학교지방분교장,경상북도교육청,성주군,R10,경상북도 성주군 월항면 세종대왕자태실로 211
8941039,가산초등학교,경상북도교육청,칠곡군,R10,경상북도 칠곡군 가산면 경북대로 1500
8941040,관호초등학교,경상북도교육청,칠곡군,R10,경상북도 칠곡군 약목면 무림3길 16-59
8941041,낙산초등학교,경상북도교육청,칠곡군,R10,경상북도 칠곡군 왜관읍 강변대로 754
8941042,다부초등학교,경상북도교육청,칠곡군,R10,경상북도 칠곡군 가산면 다부원1길 52
8941043,대교초등학교,경상북도교육청,칠곡군,R10,경상북도 칠곡군 석적읍 서중리7길 15
8941044,동명동부초등학교,경상북도교육청,칠곡군,R10,경상북도 칠곡군 동명면 한티로 562
8941045,동명초등학교,경상북도교육청,칠곡군,R10,경상북도 칠곡군 동명면 금암동석3길 5
8941046,매원초등학교,경상북도교육청,칠곡군,R10,경상북도 칠곡군 왜관읍 매원1길 5-32
8941047,북삼초등학교,경상북도교육청,칠곡군,R10,경상북도 칠곡군 북삼읍 인평중앙로 43
8941048,석적초등학교,경상북도교육청,칠곡군,R10,경상북도 칠곡군 석적읍 남율로12길 76
8941049,숭산초등학교,경상북도교육청,칠곡군,R10,경상북도 칠곡군 북삼읍 보손4길 20
8941050,신동초등학교,경상북도교육청,칠곡군,R10,경상북도 칠곡군 지천면 신동로 161
8941051,약동초등학교,경상북도교육청,칠곡군,R10,경상북도 칠곡군 기산면 주산로 1195
8941052,약목초등학교,경상북도교육청,칠곡군,R10,경상북도 칠곡군 약목면 복성3길 30
8941053,왜관동부초등학교,경상북도교육청,칠곡군,R10,경상북도 칠곡군 왜관읍 평장3길 31-4
8941054,왜관중앙초등학교,경상북도교육청,칠곡군,R10,경상북도 칠곡군 왜관읍 석전로 80
8941055,왜관초등학교,경상북도교육청,칠곡군,R10,경상북도 칠곡군 왜관읍 구상길 204
8941056,인평초등학교,경상북도교육청,칠곡군,R10,경상북도 칠곡군 북삼읍 북삼로8길 10
8941057,장곡초등학교,경상북도교육청,칠곡군,R10,경상북도 칠곡군 석적읍 유학로 86-9
8941058,지천초등학교,경상북도교육청,칠곡군,R10,경상북도 칠곡군 지천면 용산로 77
8941059,학림초등학교,경상북도교육청,칠곡군,R10,경상북도 칠곡군 가산면 학하7길 5
8951018,감천초등학교,경상북도교육청,예천군,R10,경상북도 예천군 감천면 충효로 1395
8951019,상리초등학교,경상북도교육청,예천군,R10,경상북도 예천군 효자면 도효자로 1558
8951020,예천남부초등학교,경상북도교육청,예천군,R10,경상북도 예천군 예천읍 남부초등길 17
8951021,예천동부초등학교,경상북도교육청,예천군,R10,경상북도 예천군 예천읍 효자로 171
8951022,예천초등학교,경상북도교육청,예천군,R10,경상북도 예천군 예천읍 효자로 43
8951023,용궁초등학교,경상북도교육청,예천군,R10,경상북도 예천군 용궁면 읍부1길 43
8951024,용문초등학교,경상북도교육청,예천군,R10,경상북도 예천군 용문면 금당실길 51-20
8951025,유천초등학교,경상북도교육청,예천군,R10,경상북도 예천군 유천면 유용로 34-10
8951026,은풍초등학교,경상북도교육청,예천군,R10,경상북도 예천군 은풍면 내동길 8
8951027,지보초등학교,경상북도교육청,예천군,R10,경상북도 예천군 지보면 지보로 136
8951028,풍양초등학교,경상북도교육청,예천군,R10,경상북도 예천군 풍양면 낙상1길 50-10
8951041,호명초등학교,경상북도교육청,예천군,R10,경상북도 예천군 호명읍 행복로 151
8961025,내성초등학교,경상북도교육청,봉화군,R10,경상북도 봉화군 봉화읍 교촌1길 37
8961026,도촌초등학교,경상북도교육청,봉화군,R10,경상북도 봉화군 봉화읍 봉화로 639
8961027,동양초등학교,경상북도교육청,봉화군,R10,경상북도 봉화군 봉성면 다덕로 523-14
8961028,명호초등학교,경상북도교육청,봉화군,R10,경상북도 봉화군 명호면 노루목재길 28
8961029,물야초등학교,경상북도교육청,봉화군,R10,경상북도 봉화군 물야면 오록길 25
8961030,법전중앙초등학교,경상북도교육청,봉화군,R10,경상북도 봉화군 법전면 법전로 135
8961031,봉성초등학교,경상북도교육청,봉화군,R10,경상북도 봉화군 봉성면 봉명로 550
8961032,봉화초등학교,경상북도교육청,봉화군,R10,경상북도 봉화군 봉화읍 내성로7길 3
8961033,상운초등학교,경상북도교육청,봉화군,R10,경상북도 봉화군 상운면 예봉로 1231
8961034,서벽초등학교,경상북도교육청,봉화군,R10,경상북도 봉화군 춘양면 춘양로 1424
8961035,석포초등학교,경상북도교육청,봉화군,R10,경상북도 봉화군 석포면 석포로1길 33
8961036,소천초등학교,경상북도교육청,봉화군,R10,경상북도 봉화군 소천면 소천로 1284
8961037,재산초등학교,경상북도교육청,봉화군,R10,경상북도 봉화군 재산면 재산로 514
8961038,춘양초등학교,경상북도교육청,봉화군,R10,경상북도 봉화군 춘양면 의양로 24-1
8971026,기성초등학교,경상북도교육청,울진군,R10,경상북도 울진군 기성면 척산2길 24-5
8971027,노음초등학교,경상북도교육청,울진군,R10,경상북도 울진군 근남면 노음6길 22
8971028,매화초등학교,경상북도교육청,울진군,R10,경상북도 울진군 매화면 매화4길 21-4
8971029,부구초등학교,경상북도교육청,울진군,R10,경상북도 울진군 북면 울진북로 2081
8971031,삼근초등학교,경상북도교육청,울진군,R10,경상북도 울진군 금강송면 삼근2길 23
8971032,온정초등학교,경상북도교육청,울진군,R10,경상북도 울진군 온정면 온정학교길 49
8971033,울진남부초등학교,경상북도교육청,울진군,R10,경상북도 울진군 울진읍 울진중앙로 52-5
8971034,울진초등학교,경상북도교육청,울진군,R10,경상북도 울진군 울진읍 울진중앙로 143
8971036,죽변초등학교,경상북도교육청,울진군,R10,경상북도 울진군 죽변면 죽변3길 17
8971037,평해초등학교,경상북도교육청,울진군,R10,경상북도 울진군 평해읍 평해로 19
8971039,후포초등학교,경상북도교육청,울진군,R10,경상북도 울진군 후포면 삼율5길 8
8971041,부구초등학교삼당분교장,경상북도교육청,울진군,R10,경상북도 울진군 북면 두천길 299
8971063,후포초등학교후포동부분교장,경상북도교육청,울진군,R10,경상북도 울진군 후포면 후포6길 75
8981012,남양초등학교,경상북도교육청,울릉군,R10,경상북도 울릉군 서면 남양1길 58
8981013,울릉초등학교,경상북도교육청,울릉군,R10,경상북도 울릉군 울릉읍 도동길 172
8981014,저동초등학교,경상북도교육청,울릉군,R10,경상북도 울릉군 울릉읍 봉래길 128-3
8981015,천부초등학교,경상북도교육청,울릉군,R10,경상북도 울릉군 북면 천부길 95-3
9022012,가포초등학교,경상남도교육청,창원시,S10,경상남도 창원시 마산합포구 가포로 376
9022013,감천초등학교,경상남도교육청,창원시,S10,경상남도 창원시 마산회원구 내서읍 감천로 53
9022014,경화초등학교,경상남도교육청,창원시,S10,경상남도 창원시 진해구 경화로38번길 5
9022015,광려초등학교,경상남도교육청,창원시,S10,경상남도 창원시 마산회원구 내서읍 삼계1길 47
9022016,교동초등학교,경상남도교육청,창원시,S10,경상남도 창원시 마산회원구 무학로 589
9022017,교방초등학교,경상남도교육청,창원시,S10,경상남도 창원시 마산합포구 교방동1길 63
9022018,구산초등학교,경상남도교육청,창원시,S10,경상남도 창원시 마산합포구 구산면 수정3길 8
9022019,구산초등학교구서분교장,경상남도교육청,창원시,S10,경상남도 창원시 마산합포구 구산면 해양관광로 739
9022020,구암초등학교,경상남도교육청,창원시,S10,경상남도 창원시 마산회원구 구암북19길 153
9022021,남양초등학교,경상남도교육청,창원시,S10,경상남도 창원시 성산구 가음로13번길 5
9022022,남정초등학교,경상남도교육청,창원시,S10,경상남도 창원시 성산구 원이대로878번길 30
9022023,내동초등학교,경상남도교육청,창원시,S10,경상남도 창원시 성산구 두대로 185
9022024,내서초등학교,경상남도교육청,창원시,S10,경상남도 창원시 마산회원구 북성로 480
9022025,대방초등학교,경상남도교육청,창원시,S10,경상남도 창원시 성산구 대정로 132
9022026,대산초등학교,경상남도교육청,창원시,S10,경상남도 창원시 의창구 대산면 진산대로 442-7
9022027,대암초등학교,경상남도교육청,창원시,S10,경상남도 창원시 성산구 창이대로899번길 23
9022028,대야초등학교,경상남도교육청,창원시,S10,경상남도 창원시 진해구 여좌로84번길 7
9022029,대원초등학교,경상남도교육청,창원시,S10,경상남도 창원시 성산구 두대로55번길 23
9022030,덕산초등학교,경상남도교육청,창원시,S10,경상남도 창원시 진해구 덕산로46번길 15
9022031,도계초등학교,경상남도교육청,창원시,S10,경상남도 창원시 의창구 하남천동길 10
9022032,도천초등학교,경상남도교육청,창원시,S10,경상남도 창원시 진해구 충장로 10
9022033,동부초등학교,경상남도교육청,창원시,S10,경상남도 창원시 진해구 석동로 27
9022034,동산초등학교,경상남도교육청,창원시,S10,경상남도 창원시 성산구 단정로 126
9022035,명곡초등학교,경상남도교육청,창원시,S10,경상남도 창원시 의창구 우곡로159번길 22-11
9022036,명도초등학교,경상남도교육청,창원시,S10,경상남도 창원시 의창구 도계두리길 233
9022038,명서초등학교,경상남도교육청,창원시,S10,경상남도 창원시 의창구 명서로 21
9022039,무학초등학교,경상남도교육청,창원시,S10,경상남도 창원시 마산합포구 자산동8길 6
9022040,반동초등학교,경상남도교육청,창원시,S10,경상남도 창원시 마산합포구 구산면 해양관광로 1460-14
9022041,반송초등학교,경상남도교육청,창원시,S10,경상남도 창원시 성산구 반송로 133
9022042,봉강초등학교,경상남도교육청,창원시,S10,경상남도 창원시 의창구 동읍 동읍로 1131-3
9022043,봉덕초등학교,경상남도교육청,창원시,S10,경상남도 창원시 마산회원구 봉덕1길 14
9022044,봉림초등학교,경상남도교육청,창원시,S10,경상남도 창원시 의창구 사림로16번길 21
9022045,북면초등학교,경상남도교육청,창원시,S10,경상남도 창원시 의창구 북면 동전로110번길 36
9022047,북성초등학교,경상남도교육청,창원시,S10,경상남도 창원시 마산회원구 석전북1길 3
9022048,사파초등학교,경상남도교육청,창원시,S10,경상남도 창원시 성산구 원이대로773번길 27
9022049,사화초등학교,경상남도교육청,창원시,S10,경상남도 창원시 의창구 반계로80번길 7
9022050,산호초등학교,경상남도교육청,창원시,S10,경상남도 창원시 마산합포구 회원동북로 53
9022051,삼계초등학교,경상남도교육청,창원시,S10,경상남도 창원시 마산회원구 내서읍 삼계로 36
9022052,삼정자초등학교,경상남도교육청,창원시,S10,경상남도 창원시 성산구 외리로34번길 8
9022053,상남초등학교,경상남도교육청,창원시,S10,경상남도 창원시 마산합포구 합포서13길 20
9022054,상북초등학교,경상남도교육청,창원시,S10,경상남도 창원시 의창구 지귀로60번길 13-13
9022055,상일초등학교,경상남도교육청,창원시,S10,경상남도 창원시 마산회원구 내서읍 광려천서로 21
9022056,석동초등학교,경상남도교육청,창원시,S10,경상남도 창원시 진해구 석동로 85
9022057,석전초등학교,경상남도교육청,창원시,S10,경상남도 창원시 마산회원구 석전동로 8
9022058,성주초등학교,경상남도교육청,창원시,S10,경상남도 창원시 성산구 가음정로 127
9022059,성호초등학교,경상남도교육청,창원시,S10,경상남도 창원시 마산합포구 성호동4길 21
9022060,소답초등학교,경상남도교육청,창원시,S10,경상남도 창원시 의창구 의창대로317번길 41
9022061,신등초등학교,경상남도교육청,창원시,S10,경상남도 창원시 의창구 대산면 주남로 394
9022062,신방초등학교,경상남도교육청,창원시,S10,경상남도 창원시 의창구 동읍 동읍로 121-11
9022063,안계초등학교,경상남도교육청,창원시,S10,경상남도 창원시 마산회원구 내서읍 삼계숲길 246
9022064,안골포초등학교,경상남도교육청,창원시,S10,경상남도 창원시 진해구 안청북로 30
9022065,안남초등학교,경상남도교육청,창원시,S10,경상남도 창원시 성산구 가양로 158
9022066,안민초등학교,경상남도교육청,창원시,S10,경상남도 창원시 성산구 안민로79번길 6
9022067,안청초등학교,경상남도교육청,창원시,S10,경상남도 창원시 진해구 안골로 303
9022068,양곡초등학교,경상남도교육청,창원시,S10,경상남도 창원시 성산구 양곡길 102
9022069,양덕초등학교,경상남도교육청,창원시,S10,경상남도 창원시 마산회원구 양덕동12길 86
9022070,온천초등학교,경상남도교육청,창원시,S10,경상남도 창원시 의창구 북면 신리길30번길 17
9022071,완월초등학교,경상남도교육청,창원시,S10,경상남도 창원시 마산합포구 고운로 201
9022072,외동초등학교,경상남도교육청,창원시,S10,경상남도 창원시 성산구 토월로43번길 14
9022073,용남초등학교,경상남도교육청,창원시,S10,경상남도 창원시 성산구 용호로 65
9022074,용마초등학교,경상남도교육청,창원시,S10,경상남도 창원시 마산합포구 산호남로 50
9022075,용원초등학교,경상남도교육청,창원시,S10,경상남도 창원시 진해구 용원로78번길 11
9022076,용지초등학교,경상남도교육청,창원시,S10,경상남도 창원시 성산구 원이대로538번길 24
9022077,용호초등학교,경상남도교육청,창원시,S10,경상남도 창원시 성산구 용지로169번길 76
9022078,우산초등학교,경상남도교육청,창원시,S10,경상남도 창원시 마산합포구 진동면 미더덕로 382
9022079,우암초등학교,경상남도교육청,창원시,S10,경상남도 창원시 의창구 대산면 우암로 35
9022080,웅남초등학교,경상남도교육청,창원시,S10,경상남도 창원시 성산구 단정로 75
9022081,웅동초등학교,경상남도교육청,창원시,S10,경상남도 창원시 진해구 마천로 29
9022082,웅천초등학교,경상남도교육청,창원시,S10,경상남도 창원시 진해구 웅천동로 33
9022085,월성초등학교,경상남도교육청,창원시,S10,경상남도 창원시 마산합포구 완월남1길 17
9022086,월영초등학교,경상남도교육청,창원시,S10,경상남도 창원시 마산합포구 반월북1길 41
9022087,월포초등학교,경상남도교육청,창원시,S10,경상남도 창원시 마산합포구 월영북15길 35
9022088,유목초등학교,경상남도교육청,창원시,S10,경상남도 창원시 성산구 반송로29번길 15
9022089,일동초등학교,경상남도교육청,창원시,S10,경상남도 창원시 의창구 대산면 대산북로 461
9022090,자여초등학교,경상남도교육청,창원시,S10,경상남도 창원시 의창구 동읍 자여로 135
9022091,자은초등학교,경상남도교육청,창원시,S10,경상남도 창원시 진해구 자은로88번길 41
9022092,장복초등학교,경상남도교육청,창원시,S10,경상남도 창원시 진해구 진해대로728번길 21
9022093,장천초등학교,경상남도교육청,창원시,S10,경상남도 창원시 진해구 충장로 719
9022094,전안초등학교,경상남도교육청,창원시,S10,경상남도 창원시 마산회원구 내서읍 광려로 100
9022095,제황초등학교,경상남도교육청,창원시,S10,경상남도 창원시 진해구 제황로 32
9022096,중동초등학교,경상남도교육청,창원시,S10,경상남도 창원시 의창구 의창대로238번길 14
9022097,중리초등학교,경상남도교육청,창원시,S10,경상남도 창원시 마산회원구 내서읍 호계안길 22
9022098,진동초등학교,경상남도교육청,창원시,S10,경상남도 창원시 마산합포구 진동면 삼진의거대로 661-22
9022099,진전초등학교,경상남도교육청,창원시,S10,경상남도 창원시 마산합포구 진전면 팔의사로 727
9022100,창원상남초등학교,경상남도교육청,창원시,S10,경상남도 창원시 성산구 토월로 140
9022101,창원초등학교,경상남도교육청,창원시,S10,경상남도 창원시 의창구 읍성로 5-1
9022102,토월초등학교,경상남도교육청,창원시,S10,경상남도 창원시 성산구 비음로4번길 33-11
9022103,팔룡초등학교,경상남도교육청,창원시,S10,경상남도 창원시 마산회원구 학교단지로 31
9022104,평산초등학교,경상남도교육청,창원시,S10,경상남도 창원시 의창구 사화로104번길 17
9022105,풍호초등학교,경상남도교육청,창원시,S10,경상남도 창원시 진해구 풍호로 80
9022106,하북초등학교,경상남도교육청,창원시,S10,경상남도 창원시 마산합포구 진북면 지산5길 36
9022107,하천초등학교,경상남도교육청,창원시,S10,경상남도 창원시 의창구 북면 하천로 145
9022108,합성초등학교,경상남도교육청,창원시,S10,경상남도 창원시 마산회원구 합성북16길 75
9022109,합포초등학교,경상남도교육청,창원시,S10,경상남도 창원시 마산합포구 허당로 73
9022110,해운초등학교,경상남도교육청,창원시,S10,경상남도 창원시 마산합포구 월영남로 24
9022111,현동초등학교,경상남도교육청,창원시,S10,경상남도 창원시 마산합포구 현동6길 12
9022112,호계초등학교,경상남도교육청,창원시,S10,경상남도 창원시 마산회원구 내서읍 광려천북로 182
9022113,화양초등학교,경상남도교육청,창원시,S10,경상남도 창원시 의창구 동읍 백월로 524
9022114,회원초등학교,경상남도교육청,창원시,S10,경상남도 창원시 마산회원구 회원남로 51
9022379,가고파초등학교,경상남도교육청,창원시,S10,경상남도 창원시 마산회원구 삼호로 110
9022387,창원신월초등학교,경상남도교육청,창원시,S10,경상남도 창원시 성산구 신월로72번길 12
9022388,마산신월초등학교,경상남도교육청,창원시,S10,경상남도 창원시 마산합포구 월영마을로 40
9022389,창원남산초등학교,경상남도교육청,창원시,S10,경상남도 창원시 성산구 가음로83번길 7
9022390,진해남산초등학교,경상남도교육청,창원시,S10,경상남도 창원시 진해구 태평로37번길 17
9022391,마산중앙초등학교,경상남도교육청,창원시,S10,경상남도 창원시 마산회원구 팔용로 280
9022392,진해중앙초등학교,경상남도교육청,창원시,S10,경상남도 창원시 진해구 태백서로14번길 23
9022420,무동초등학교,경상남도교육청,창원시,S10,경상남도 창원시 의창구 북면 동곡로 65
9022440,창원한들초등학교,경상남도교육청,창원시,S10,경상남도 창원시 의창구 소봉로 43
9022441,진해냉천초등학교,경상남도교육청,창원시,S10,경상남도 창원시 진해구 냉천로 205
9022443,감계초등학교,경상남도교육청,창원시,S10,경상남도 창원시 의창구 북면 감계로140번길 51
9022445,진해신항초등학교,경상남도교육청,창원시,S10,경상남도 창원시 진해구 신항동로 158
9022479,의창초등학교,경상남도교육청,창원시,S10,경상남도 창원시 의창구 중동남로 85
9022486,마산고운초등학교,경상남도교육청,창원시,S10,경상남도 창원시 마산합포구 가포로 141
9051007,가람초등학교,경상남도교육청,진주시,S10,경상남도 진주시 남강로959번길 22
9051008,가좌초등학교,경상남도교육청,진주시,S10,경상남도 진주시 내동로 348번길
9051009,관봉초등학교,경상남도교육청,진주시,S10,경상남도 진주시 정촌면 정촌로 629
9051010,금곡초등학교,경상남도교육청,진주시,S10,경상남도 진주시 금곡면 월아산로89번길 11
9051011,금산초등학교,경상남도교육청,진주시,S10,경상남도 진주시 금산면 금산로 75
9051012,금성초등학교,경상남도교육청,진주시,S10,경상남도 진주시 말티고개로123번길 19
9051013,금호초등학교,경상남도교육청,진주시,S10,경상남도 진주시 금산면 중천로67번길 25
9051014,남강초등학교,경상남도교육청,진주시,S10,경상남도 진주시 모덕로 99
9051015,내동초등학교,경상남도교육청,진주시,S10,경상남도 진주시 내동면 순환로 426
9051016,대곡초등학교,경상남도교육청,진주시,S10,경상남도 진주시 대곡면 진의로 970
9051017,도동초등학교,경상남도교육청,진주시,S10,경상남도 진주시 대신로 324
9051018,동진초등학교,경상남도교육청,진주시,S10,경상남도 진주시 도동로184번길 13
9051019,망경초등학교,경상남도교육청,진주시,S10,경상남도 진주시 천수로 175
9051020,문산초등학교,경상남도교육청,진주시,S10,경상남도 진주시 문산읍 소문길 11
9051021,미천초등학교,경상남도교육청,진주시,S10,경상남도 진주시 미천면 안간길 18-8
9051022,반성초등학교,경상남도교육청,진주시,S10,경상남도 진주시 일반성면 동부로 2060
9051023,배영초등학교,경상남도교육청,진주시,S10,경상남도 진주시 석갑로 28
9051024,봉곡초등학교,경상남도교육청,진주시,S10,경상남도 진주시 북장대로36번길 8
9051025,봉래초등학교,경상남도교육청,진주시,S10,경상남도 진주시 의병로 265
9051026,봉원초등학교,경상남도교육청,진주시,S10,경상남도 진주시 의병로 95-20
9051027,사봉초등학교,경상남도교육청,진주시,S10,경상남도 진주시 사봉면 사군로 99
9051028,선학초등학교,경상남도교육청,진주시,S10,경상남도 진주시 하대로105번길 26
9051029,수곡초등학교,경상남도교육청,진주시,S10,경상남도 진주시 수곡면 곤수로 1000
9051030,수정초등학교,경상남도교육청,진주시,S10,경상남도 진주시 진양호로84번길 20
9051031,신안초등학교,경상남도교육청,진주시,S10,경상남도 진주시 평거로139번길 8
9051032,신진초등학교,경상남도교육청,진주시,S10,경상남도 진주시 신평공원길57번길 19
9051033,예하초등학교,경상남도교육청,진주시,S10,경상남도 진주시 정촌면 삼일로 50
9051036,이반성초등학교,경상남도교육청,진주시,S10,경상남도 진주시 이반성면 오봉산로 762
9051037,장재초등학교,경상남도교육청,진주시,S10,경상남도 진주시 초북로 66
9051038,정촌초등학교,경상남도교육청,진주시,S10,경상남도 진주시 동부로 11
9051039,주약초등학교,경상남도교육청,진주시,S10,경상남도 진주시 천수로 64
9051041,지수초등학교,경상남도교육청,진주시,S10,경상남도 진주시 지수면 지사로 806
9051042,진성초등학교,경상남도교육청,진주시,S10,경상남도 진주시 진성면 진성로355번길 10
9051043,집현초등학교,경상남도교육청,진주시,S10,경상남도 진주시 집현면 지내길 271
9051044,천전초등학교,경상남도교육청,진주시,S10,경상남도 진주시 진주대로954번길 24
9051045,촉석초등학교,경상남도교육청,진주시,S10,경상남도 진주시 평거로 259
9051046,평거초등학교,경상남도교육청,진주시,S10,경상남도 진주시 진양호로51번길 16
9051122,초전초등학교,경상남도교육청,진주시,S10,경상남도 진주시 초전북로
9051124,진주초등학교,경상남도교육청,진주시,S10,경상남도 진주시 진주성로24번길 7
9051129,명석초등학교,경상남도교육청,진주시,S10,경상남도 진주시 명석면 광제산로 23
9051133,갈전초등학교,경상남도교육청,진주시,S10,경상남도 진주시 사들로 173
9051134,서진초등학교,경상남도교육청,진주시,S10,경상남도 진주시 새평거로 85
9051140,무지개초등학교,경상남도교육청,진주시,S10,경상남도 진주시 영천강로119번길 37
9051150,충무공초등학교,경상남도교육청,진주시,S10,경상남도 진주시 사들로 70
9051161,은하수초등학교,경상남도교육청,진주시,S10,경상남도 진주시 진주역로73번길 7
9051165,금빛초등학교,경상남도교육청,진주시,S10,경상남도 진주시 개양로 68
9071005,광도초등학교,경상남도교육청,통영시,S10,경상남도 통영시 광도면 노산1길 16
9071006,남포초등학교,경상남도교육청,통영시,S10,경상남도 통영시 남포1길 22
9071007,도산초등학교,경상남도교육청,통영시,S10,경상남도 통영시 도산면 도산일주로 25
9071008,두룡초등학교,경상남도교육청,통영시,S10,경남 통영시 도천5길 33-11
9071009,벽방초등학교,경상남도교육청,통영시,S10,경상남도 통영시 광도면 안정로 815
9071010,사량초등학교,경상남도교육청,통영시,S10,경상남도 통영시 사량면 상도일주로 1584
9071014,산양초등학교,경상남도교육청,통영시,S10,경상남도 통영시 산양읍 산양중앙로 27
9071016,산양초등학교풍화분교장,경상남도교육청,통영시,S10,경상남도 통영시 산양읍 풍화일주로 388
9071019,용남초등학교,경상남도교육청,통영시,S10,경상남도 통영시 용남면 달포큰길 125
9071024,원평초등학교,경상남도교육청,통영시,S10,경상남도 통영시 용남면 적촌길 203
9071026,유영초등학교,경상남도교육청,통영시,S10,경상남도 통영시 중앙로 225
9071027,인평초등학교,경상남도교육청,통영시,S10,경상남도 통영시 평인일주로 91-1
9071028,죽림초등학교,경상남도교육청,통영시,S10,경상남도 통영시 광도면 신죽1길 17
9071029,진남초등학교,경상남도교육청,통영시,S10,경상남도 통영시 도남로 38
9071030,충렬초등학교,경상남도교육청,통영시,S10,경상남도 통영시 여황로 249
9071031,충무초등학교,경상남도교육청,통영시,S10,경상남도 통영시 비석2길 24
9071032,통영초등학교,경상남도교육청,통영시,S10,경상남도 통영시 무전3길 57
9071033,한려초등학교,경상남도교육청,통영시,S10,경상남도 통영시 데메4길 50
9071034,한산초등학교,경상남도교육청,통영시,S10,경상남도 통영시 한산면 한산일주로 850-2
9071088,제석초등학교,경상남도교육청,통영시,S10,경상남도 통영시 광도면 신죽1길 27
9071093,욕지초등학교,경상남도교육청,통영시,S10,경상남도 통영시 욕지면 서촌윗길 171-15
9071094,욕지초등학교연화분교장,경상남도교육청,통영시,S10,경상남도 통영시 욕지면 십리골길 40
9081008,곤양초등학교,경상남도교육청,사천시,S10,경상남도 사천시 곤양면 성내로 25
9081009,남양초등학교,경상남도교육청,사천시,S10,경상남도 사천시 문화안길 23
9081010,노산초등학교,경상남도교육청,사천시,S10,경상남도 사천시 동금로 71
9081011,대방초등학교,경상남도교육청,사천시,S10,경상남도 사천시 각산로 88
9081013,대성초등학교,경상남도교육청,사천시,S10,경상남도 사천시 좌룡1길 15
9081014,동성초등학교,경상남도교육청,사천시,S10,경상남도 사천시 정동면 동계길 45
9081015,문선초등학교,경상남도교육청,사천시,S10,경상남도 사천시 삼상로 25-12
9081016,사남초등학교,경상남도교육청,사천시,S10,경상남도 사천시 사남면 조동길 49-28
9081017,사천초등학교,경상남도교육청,사천시,S10,경상남도 사천시 사천읍 읍내로 59
9081018,삼성초등학교,경상남도교육청,사천시,S10,경상남도 사천시 사남면 사남로 1074
9081019,삼천포초등학교,경상남도교육청,사천시,S10,경상남도 사천시 각산로 10
9081022,서포초등학교,경상남도교육청,사천시,S10,경남 사천시 서포면 나분이길 9
9081024,수양초등학교,경상남도교육청,사천시,S10,경상남도 사천시 사천읍 옥산로 60
9081026,용산초등학교,경상남도교육청,사천시,S10,경상남도 사천시 삼상로 223-31
9081027,용현초등학교,경상남도교육청,사천시,S10,경상남도 사천시 용현면 진삼로 628
9081028,정동초등학교,경상남도교육청,사천시,S10,경상남도 사천시 정동면 대곡1길 25
9081029,축동초등학교,경상남도교육청,사천시,S10,경상남도 사천시 축동면 운계길 59-20
9081068,곤명초등학교,경상남도교육청,사천시,S10,경상남도 사천시 곤명면 완사3길 61
9091006,경운초등학교,경상남도교육청,김해시,S10,경상남도 김해시 우암로73번길 8
9091007,계동초등학교,경상남도교육청,김해시,S10,경상남도 김해시 계동로 96
9091008,구봉초등학교,경상남도교육청,김해시,S10,경상남도 김해시 구지로 99-26
9091009,구산초등학교,경상남도교육청,김해시,S10,경상남도 김해시 가락로 310-36
9091010,금동초등학교,경상남도교육청,김해시,S10,경상남도 김해시 상동면 상동로 551-13
9091011,금산초등학교,경상남도교육청,김해시,S10,경상남도 김해시 진영읍 하계로 3
9091012,김해구지초등학교,경상남도교육청,김해시,S10,경상남도 김해시 구산로5번길 45
9091013,김해내동초등학교,경상남도교육청,김해시,S10,경상남도 김해시 평전로 151
9091014,김해대곡초등학교,경상남도교육청,김해시,S10,경상남도 김해시 활천로 195-71
9091015,김해동광초등학교,경상남도교육청,김해시,S10,경상남도 김해시 호계로500번길 15-15
9091016,김해봉황초등학교,경상남도교육청,김해시,S10,경상남도 김해시 전하로198번길 5
9091017,김해부곡초등학교,경상남도교육청,김해시,S10,경상남도 김해시 월산로 139
9091018,김해삼성초등학교,경상남도교육청,김해시,S10,경상남도 김해시 인제로51번길 42
9091019,김해신명초등학교,경상남도교육청,김해시,S10,경상남도 김해시 가야로 31
9091020,김해신안초등학교,경상남도교육청,김해시,S10,경상남도 김해시 팔판로 8
9091021,김해외동초등학교,경상남도교육청,김해시,S10,경상남도 김해시 금관대로1190번길 55-7
9091022,김해합성초등학교,경상남도교육청,김해시,S10,경상남도 김해시 가락로 111-12
9091023,김해활천초등학교,경상남도교육청,김해시,S10,경상남도 김해시 삼안로24번길 7
9091024,능동초등학교,경상남도교육청,김해시,S10,경상남도 김해시 번화1로123번길 20
9091025,대감초등학교,경상남도교육청,김해시,S10,경상남도 김해시 대동면 대동로 993
9091026,대동초등학교,경상남도교육청,김해시,S10,경상남도 김해시 대동면 대동로 287
9091028,대진초등학교,경상남도교육청,김해시,S10,경상남도 김해시 진례면 고모로327번길 19
9091029,대청초등학교,경상남도교육청,김해시,S10,경상남도 김해시 반룡로 53
9091030,덕정초등학교,경상남도교육청,김해시,S10,경상남도 김해시 대청로 31
9091031,봉명초등학교,경상남도교육청,김해시,S10,경상남도 김해시 함박로 74
9091032,분성초등학교,경상남도교육청,김해시,S10,경상남도 김해시 가야로147번길 15
9091033,삼계초등학교,경상남도교육청,김해시,S10,경상남도 김해시 가야로38번길 30
9091034,삼문초등학교,경상남도교육청,김해시,S10,경상남도 김해시 번화2로 104
9091035,삼방초등학교,경상남도교육청,김해시,S10,경상남도 김해시 삼안로235번길 20
9091036,생림초등학교,경상남도교육청,김해시,S10,경상남도 김해시 생림면 봉림로 80-10
9091037,석봉초등학교,경상남도교육청,김해시,S10,경상남도 김해시 월산로 27
9091038,수남초등학교,경상남도교육청,김해시,S10,경상남도 김해시 율하2로 183
9091039,신어초등학교,경상남도교육청,김해시,S10,경상남도 김해시 활천로 303
9091041,안명초등학교,경상남도교육청,김해시,S10,경상남도 김해시 한림면 안하로 28
9091042,어방초등학교,경상남도교육청,김해시,S10,경상남도 김해시 활천로 159
9091043,영운초등학교,경상남도교육청,김해시,S10,경상남도 김해시 인제로284번길 47
9091044,용산초등학교,경상남도교육청,김해시,S10,경상남도 김해시 상동면 여차로 610
9091045,우암초등학교,경상남도교육청,김해시,S10,경상남도 김해시 우암로 165
9091046,율하초등학교,경상남도교육청,김해시,S10,경상남도 김해시 율하2로58번길 7
9091047,이북초등학교,경상남도교육청,김해시,S10,경상남도 김해시 한림면 한림로 98-9
9091048,이작초등학교,경상남도교육청,김해시,S10,경상남도 김해시 생림면 마사로241번길 12
9091049,임호초등학교,경상남도교육청,김해시,S10,경상남도 김해시 함박로 163
9091050,장유초등학교,경상남도교육청,김해시,S10,경상남도 김해시 능동로 190
9091052,주석초등학교,경상남도교육청,김해시,S10,경상남도 김해시 월산로 81-36
9091053,주촌초등학교,경상남도교육청,김해시,S10,경상남도 김해시 주촌면 천곡로15번길 13
9091054,진례초등학교,경상남도교육청,김해시,S10,경상남도 김해시 진례면 송현로 74-12
9091055,진영금병초등학교,경상남도교육청,김해시,S10,경상남도 김해시 진영읍 장등로 37
9091056,진영대창초등학교,경상남도교육청,김해시,S10,경상남도 김해시 진영읍 진영로 236
9091057,진영대흥초등학교,경상남도교육청,김해시,S10,경상남도 김해시 진영읍 진영로120번길 2-4
9091058,칠산초등학교,경상남도교육청,김해시,S10,경상남도 김해시 칠산로413번길 16-2
9091059,한림초등학교,경상남도교육청,김해시,S10,경상남도 김해시 한림면 한림로371번길 47
9091060,화정초등학교,경상남도교육청,김해시,S10,경상남도 김해시 삼계중앙로5번길 24
9091061,월산초등학교,경상남도교육청,김해시,S10,경상남도 김해시 능동로 123
9091199,김해가야초등학교,경상남도교육청,김해시,S10,경상남도 김해시 분성로3번길 45
9091201,관동초등학교,경상남도교육청,김해시,S10,경상남도 김해시 율하3로 110
9091208,진영중앙초등학교,경상남도교육청,김해시,S10,경상남도 김해시 진영읍 장등로19번길 73
9091220,김해모산초등학교,경상남도교육청,김해시,S10,경상남도 김해시 율하로 483
9091225,김해율산초등학교,경상남도교육청,김해시,S10,경상남도 김해시 율하5로 55
9091232,진영장등초등학교,경상남도교육청,김해시,S10,경상남도 김해시 진영읍 장등로 120
9091238,신문초등학교,경상남도교육청,김해시,S10,경상남도 김해시 신문1로 10
9091241,내덕초등학교,경상남도교육청,김해시,S10,경상남도 김해시 신외덕로 100
9091242,주동초등학교,경상남도교육청,김해시,S10,경상남도 김해시 주촌면 고모로134번길 54-49
9101005,무안초등학교,경상남도교육청,밀양시,S10,경상남도 밀양시 무안면 사명로 531
9101006,미리벌초등학교,경상남도교육청,밀양시,S10,경상남도 밀양시 미리벌로 41-22
9101007,밀성초등학교,경상남도교육청,밀양시,S10,경상남도 밀양시 석정로 139
9101008,밀양초등학교,경상남도교육청,밀양시,S10,경상남도 밀양시 중앙로 282-12
9101009,밀주초등학교,경상남도교육청,밀양시,S10,경상남도 밀양시 가곡13길 24
9101011,부북초등학교,경상남도교육청,밀양시,S10,경상남도 밀양시 부북면 운전2길 22
9101012,사포초등학교,경상남도교육청,밀양시,S10,경상남도 밀양시 부북면 예림서원로 18-3
9101013,산내남명초등학교,경상남도교육청,밀양시,S10,경상남도 밀양시 산내면 산내로 1143
9101014,산내초등학교,경상남도교육청,밀양시,S10,경상남도 밀양시 산내면 산내로 335
9101015,산동초등학교,경상남도교육청,밀양시,S10,경상남도 밀양시 단장면 표충로 889-6
9101016,산외초등학교,경상남도교육청,밀양시,S10,경상남도 밀양시 산외면 산외로 257
9101017,삼랑진초등학교,경상남도교육청,밀양시,S10,경상남도 밀양시 삼랑진읍 만어로 11
9101018,상남초등학교,경상남도교육청,밀양시,S10,경상남도 밀양시 상남면 상남인산길 11
9101019,상동초등학교,경상남도교육청,밀양시,S10,경상남도 밀양시 상동면 금산5길 4
9101020,송진초등학교,경상남도교육청,밀양시,S10,경상남도 밀양시 삼랑진읍 삼랑진로 206
9101021,수산초등학교,경상남도교육청,밀양시,S10,경상남도 밀양시 하남읍 수산중앙로 59
9101022,숭진초등학교,경상남도교육청,밀양시,S10,경상남도 밀양시 삼랑진읍 삼랑진로 1286
9101023,예림초등학교,경상남도교육청,밀양시,S10,경상남도 밀양시 상남면 밀양대로 1524
9101024,청도초등학교,경상남도교육청,밀양시,S10,경상남도 밀양시 청도면 두곡4길 13
9101025,초동초등학교,경상남도교육청,밀양시,S10,경상남도 밀양시 초동면 초동로 321
9101026,태룡초등학교,경상남도교육청,밀양시,S10,경상남도 밀양시 단장면 국전로 15-8
9111006,거제고현초등학교,경상남도교육청,거제시,S10,경상남도 거제시 계룡로 25
9111007,거제중앙초등학교,경상남도교육청,거제시,S10,경상남도 거제시 중곡로2길 45
9111008,거제초등학교,경상남도교육청,거제시,S10,경상남도 거제시 거제면 읍내로2길 20
9111009,계룡초등학교,경상남도교육청,거제시,S10,경상남도 거제시 거제중앙로 1821-7
9111010,국산초등학교,경상남도교육청,거제시,S10,경상남도 거제시 국산1길 2
9111011,기성초등학교,경상남도교육청,거제시,S10,경상남도 거제시 사등면 언양로 541
9111012,능포초등학교,경상남도교육청,거제시,S10,경상남도 거제시 능포로 208
9111013,동부초등학교,경상남도교육청,거제시,S10,경상남도 거제시 동부면 동부로 27
9111014,동부초등학교율포분교장,경상남도교육청,거제시,S10,경상남도 거제시 동부면 율포4길 1
9111015,마전초등학교,경상남도교육청,거제시,S10,경상남도 거제시 마전2길 3-4
9111016,명사초등학교,경상남도교육청,거제시,S10,경상남도 거제시 남부면 명사해수욕장길 11
9111017,사등초등학교,경상남도교육청,거제시,S10,경상남도 거제시 사등면 성포로 21
9111018,삼룡초등학교,경상남도교육청,거제시,S10,경상남도 거제시 거제중앙로 1548
9111019,송정초등학교,경상남도교육청,거제시,S10,경상남도 거제시 연초면 송정이목로 47
9111020,수월초등학교,경상남도교육청,거제시,S10,경상남도 거제시 수양로 420
9111021,숭덕초등학교,경상남도교육청,거제시,S10,경상남도 거제시 둔덕면 거제남서로 4720
9111023,신현초등학교,경상남도교육청,거제시,S10,경상남도 거제시 서문로1길 7
9111024,아주초등학교,경상남도교육청,거제시,S10,경상남도 거제시 탑곡로4길 24
9111025,양지초등학교,경상남도교육청,거제시,S10,경상남도 거제시 장평1로 170
9111026,연초초등학교,경상남도교육청,거제시,S10,경상남도 거제시 연초면 거제대로 4280
9111027,오량초등학교,경상남도교육청,거제시,S10,경상남도 거제시 사등면 거제남서로 5405
9111028,오비초등학교,경상남도교육청,거제시,S10,경상남도 거제시 연초면 오비5길 21
9111029,옥포초등학교,경상남도교육청,거제시,S10,경상남도 거제시 옥포로13길 12
9111030,외간초등학교,경상남도교육청,거제시,S10,경상남도 거제시 거제면 외간옥산1길 10
9111031,외포초등학교,경상남도교육청,거제시,S10,경상남도 거제시 장목면 외포5길 7
9111032,일운초등학교,경상남도교육청,거제시,S10,경상남도 거제시 일운면 지세포로 74
9111033,장목초등학교,경상남도교육청,거제시,S10,경상남도 거제시 장목면 거제북로 1220
9111034,장승포초등학교,경상남도교육청,거제시,S10,경상남도 거제시 신부로1길 19
9111035,장평초등학교,경상남도교육청,거제시,S10,경상남도 거제시 장평1로 116
9111036,제산초등학교,경상남도교육청,거제시,S10,경상남도 거제시 제산로 70
9111037,중곡초등학교,경상남도교육청,거제시,S10,경상남도 거제시 중곡로 27
9111038,진목초등학교,경상남도교육청,거제시,S10,경상남도 거제시 진목1길 101
9111039,창호초등학교,경상남도교육청,거제시,S10,경상남도 거제시 사등면 가조로 1281-16
9111040,칠천초등학교,경상남도교육청,거제시,S10,경상남도 거제시 하청면 칠천로 372
9111041,하청초등학교,경상남도교육청,거제시,S10,경상남도 거제시 하청면 하청로 22
9111042,대우초등학교,경상남도교육청,거제시,S10,경상남도 거제시 아주로3길 63
9111125,내곡초등학교,경상남도교육청,거제시,S10,경상남도 거제시 아주2로 112
9111126,거제상동초등학교,경상남도교육청,거제시,S10,경상남도 거제시 상동5길 75-41
9111132,거제양정초등학교,경상남도교육청,거제시,S10,경상남도 거제시 양정2길 15
9111140,거제용소초등학교,경상남도교육청,거제시,S10,경상남도 거제시 용소1길 35-5
9111146,거제용산초등학교,경상남도교육청,거제시,S10,경상남도 거제시 상동7길 58
9121004,가례초등학교,경상남도교육청,의령군,S10,경상남도 의령군 가례면 가례로 128
9121006,낙서초등학교,경상남도교육청,의령군,S10,경상남도 의령군 낙서면 낙동강로 773-6
9121007,남산초등학교,경상남도교육청,의령군,S10,경상남도 의령군 의령읍 남산로 37
9121008,대의초등학교,경상남도교육청,의령군,S10,경상남도 의령군 대의면 대의로 31-6
9121010,부림초등학교,경상남도교육청,의령군,S10,경상남도 의령군 부림면 대한로 1721
9121011,용덕초등학교,경상남도교육청,의령군,S10,경상남도 의령군 용덕면 용암로 39
9121012,유곡초등학교,경상남도교육청,의령군,S10,경상남도 의령군 유곡면 마장로 6-3
9121013,의령초등학교,경상남도교육청,의령군,S10,경상남도 의령군 의령읍 의병로19길 20
9121014,정곡초등학교,경상남도교육청,의령군,S10,경상남도 의령군 정곡면 법정로 937-6
9121015,지정초등학교,경상남도교육청,의령군,S10,경상남도 의령군 지정면 함의로4길 5
9121016,칠곡초등학교,경상남도교육청,의령군,S10,경상남도 의령군 칠곡면 칠곡로 59
9121017,화정초등학교,경상남도교육청,의령군,S10,경상남도 의령군 화정면 화정로 314
9121040,부림초등학교봉수분교장,경상남도교육청,의령군,S10,경상남도 의령군 봉수면 한지9길 6
9131005,가야초등학교,경상남도교육청,함안군,S10,경상남도 함안군 가야읍 충무길 54
9131007,군북초등학교,경상남도교육청,함안군,S10,경상남도 함안군 군북면 덕대길 26-16
9131008,대산초등학교,경상남도교육청,함안군,S10,경상남도 함안군 대산면 대산중앙3길 8
9131009,문암초등학교,경상남도교육청,함안군,S10,경상남도 함안군 산인면 모곡1길 2
9131010,법수초등학교,경상남도교육청,함안군,S10,경상남도 함안군 법수면 석무길 41
9131011,산인초등학교,경상남도교육청,함안군,S10,경상남도 함안군 산인면 송산로 136-20
9131012,아라초등학교,경상남도교육청,함안군,S10,경상남도 함안군 가야읍 함안대로 491
9131013,예곡초등학교,경상남도교육청,함안군,S10,경상남도 함안군 칠원읍 예곡2길 25
9131014,외암초등학교,경상남도교육청,함안군,S10,경상남도 함안군 여항면 여항로 62
9131015,월촌초등학교,경상남도교육청,함안군,S10,경상남도 함안군 군북면 월촌3길 27
9131016,유원초등학교,경상남도교육청,함안군,S10,경상남도 함안군 칠원읍 유원길 37-1
9131017,중앙초등학교,경상남도교육청,함안군,S10,경상남도 함안군 가야읍 함안대로 746
9131020,칠서초등학교,경상남도교육청,함안군,S10,경상남도 함안군 칠서면 청계2길 9
9131021,칠서초등학교이룡분교장,경상남도교육청,함안군,S10,경상남도 함안군 칠서면 삼칠로 1335
9131022,칠원초등학교,경상남도교육청,함안군,S10,경상남도 함안군 칠원읍 성내길 32
9131023,함안초등학교,경상남도교육청,함안군,S10,경상남도 함안군 함안면 함안대로 97
9131024,호암초등학교,경상남도교육청,함안군,S10,경상남도 함안군 칠원읍 호암길 30
9141007,계창초등학교,경상남도교육청,창녕군,S10,경상남도 창녕군 계성면 계성장마로 399
9141008,고암초등학교,경상남도교육청,창녕군,S10,경상남도 창녕군 고암면 고암성산대로 6-5
9141009,길곡초등학교,경상남도교육청,창녕군,S10,경상남도 창녕군 길곡면 낙동로 1498
9141010,남지초등학교,경상남도교육청,창녕군,S10,경상남도 창녕군 남지읍 낙동로 429
9141011,대지초등학교,경상남도교육청,창녕군,S10,경상남도 창녕군 대지면 우포2로 943
9141012,대합초등학교,경상남도교육청,창녕군,S10,경상남도 창녕군 대합면 창곡길 8
9141013,도천초등학교,경상남도교육청,창녕군,S10,경상남도 창녕군 도천면 도천3길 16
9141014,동포초등학교,경상남도교육청,창녕군,S10,경상남도 창녕군 남지읍 동포5길 17
9141015,명덕초등학교,경상남도교육청,창녕군,S10,경상남도 창녕군 창녕읍 명덕로 71
9141016,부곡초등학교,경상남도교육청,창녕군,S10,경상남도 창녕군 부곡면 원동길 16
9141017,부곡초등학교학포분교장,경상남도교육청,창녕군,S10,경상남도 창녕군 부곡면 학포1길 21-1
9141018,영산초등학교,경상남도교육청,창녕군,S10,경상남도 창녕군 영산면 영산새싹길 25
9141019,유어초등학교,경상남도교육청,창녕군,S10,경상남도 창녕군 유어면 마수원길 39
9141020,이방초등학교,경상남도교육청,창녕군,S10,경상남도 창녕군 이방면 안리내동길 3
9141021,장마초등학교,경상남도교육청,창녕군,S10,경상남도 창녕군 장마면 강리길 61
9141023,창녕성산초등학교,경상남도교육청,창녕군,S10,경상남도 창녕군 성산면 중고개길 24-7
9141024,창녕초등학교,경상남도교육청,창녕군,S10,경상남도 창녕군 창녕읍 남창녕로 62
9141064,이방초등학교장천분교장,경상남도교육청,창녕군,S10,경상남도 창녕군 이방면 이방대합로 285
9151004,대운초등학교,경상남도교육청,양산시,S10,경상남도 양산시 대운6길 11
9151005,덕계초등학교,경상남도교육청,양산시,S10,경상남도 양산시 덕계로 92
9151007,동산초등학교,경상남도교육청,양산시,S10,경상남도 양산시 동면 양산대로 346
9151008,물금초등학교,경상남도교육청,양산시,S10,경상남도 양산시 물금읍 가촌새터길 15
9151009,범어초등학교,경상남도교육청,양산시,S10,경상남도 양산시 물금읍 동중6길 8
9151010,북정초등학교,경상남도교육청,양산시,S10,경상남도 양산시 북정서길 28
9151011,삼성초등학교,경상남도교육청,양산시,S10,경상남도 양산시 북정13길 28
9151012,삽량초등학교,경상남도교육청,양산시,S10,경상남도 양산시 양주로 55
9151013,상북초등학교,경상남도교육청,양산시,S10,경상남도 양산시 상북면 반회서8길 11
9151014,서남초등학교,경상남도교육청,양산시,S10,경상남도 양산시 물금읍 오봉로 28
9151015,서창초등학교,경상남도교육청,양산시,S10,경상남도 양산시 웅상대로 1362
9151016,성산초등학교,경상남도교육청,양산시,S10,경상남도 양산시 물금읍 신주로 78
9151017,소토초등학교,경상남도교육청,양산시,S10,경상남도 양산시 상북면 율리길 13
9151018,신기초등학교,경상남도교육청,양산시,S10,경상남도 양산시 중앙로 239
9151019,신명초등학교,경상남도교육청,양산시,S10,경상남도 양산시 신명로 108
9151020,신양초등학교,경상남도교육청,양산시,S10,경상남도 양산시 양주로 27
9151021,양산초등학교,경상남도교육청,양산시,S10,경상남도 양산시 중앙우회로 102
9151022,양주초등학교,경상남도교육청,양산시,S10,경상남도 양산시 양주3길 40-13
9151023,어곡초등학교,경상남도교육청,양산시,S10,경상남도 양산시 두전길 30-19
9151024,영천초등학교,경상남도교육청,양산시,S10,경상남도 양산시 동면 영천4길 6
9151025,오봉초등학교,경상남도교육청,양산시,S10,경상남도 양산시 물금읍 목화9길 8
9151026,용연초등학교,경상남도교육청,양산시,S10,경상남도 양산시 하북면 용연로 110
9151027,웅상초등학교,경상남도교육청,양산시,S10,경상남도 양산시 명동4길 5
9151028,원동초등학교,경상남도교육청,양산시,S10,경상남도 양산시 원동면 원동로 1508
9151029,원동초등학교이천분교장,경상남도교육청,양산시,S10,경상남도 양산시 원동면 배내로 431-1
9151030,좌삼초등학교,경상남도교육청,양산시,S10,경상남도 양산시 상북면 수서로 275-16
9151031,중부초등학교,경상남도교육청,양산시,S10,경상남도 양산시 양주로 140
9151032,천성초등학교,경상남도교육청,양산시,S10,경상남도 양산시 배움터길 28
9151033,평산초등학교,경상남도교육청,양산시,S10,경상남도 양산시 평산중앙5길 11
9151034,하북초등학교,경상남도교육청,양산시,S10,경상남도 양산시 하북면 신평로 2
9151035,화제초등학교,경상남도교육청,양산시,S10,경상남도 양산시 원동면 화제로 399-29
9151036,황산초등학교,경상남도교육청,양산시,S10,경상남도 양산시 물금읍 화합5길 12
9151037,백동초등학교,경상남도교육청,양산시,S10,경상남도 양산시 백동길 19-24
9151118,석산초등학교,경상남도교육청,양산시,S10,경상남도 양산시 동면 금오16길 105
9151123,신주초등학교,경상남도교육청,양산시,S10,경상남도 양산시 물금읍 신주1길 58
9151124,증산초등학교,경상남도교육청,양산시,S10,경상남도 양산시 물금읍 새실1길 50
9151134,가남초등학교,경상남도교육청,양산시,S10,경상남도 양산시 물금읍 청운로 114
9151139,가양초등학교,경상남도교육청,양산시,S10,경상남도 양산시 물금읍 물금로 60
9151149,가촌초등학교,경상남도교육청,양산시,S10,경상남도 양산시 물금읍 물금로 139
9151150,금오초등학교,경상남도교육청,양산시,S10,경상남도 양산시 동면 금오16길 97
9151154,회야초등학교,경상남도교육청,양산시,S10,경상남도 양산시 신덕계8길 58
9151157,동면초등학교,경상남도교육청,양산시,S10,경상남도 양산시 동면 내송큰들1길 14
9151160,사송초등학교,경상남도교육청,양산시,S10,경상남도 양산시 동면 외송로 29
9151163,금송초등학교,경상남도교육청,양산시,S10,경상남도 양산시 동면 사송로 99-20
9161004,개천초등학교,경상남도교육청,고성군,S10,경상남도 고성군 개천면 옥천로 1268
9161005,거류초등학교,경상남도교육청,고성군,S10,경상남도 고성군 거류면 거류로 693-14
9161006,고성초등학교,경상남도교육청,고성군,S10,경상남도 고성군 고성읍 성내로 85
9161007,구만초등학교,경상남도교육청,고성군,S10,경상남도 고성군 구만면 영회로 1763
9161008,대성초등학교,경상남도교육청,고성군,S10,경상남도 고성군 고성읍 동외로151번길 60
9161009,대흥초등학교,경상남도교육청,고성군,S10,경상남도 고성군 대가면 대가로 443-18
9161011,동해초등학교,경상남도교육청,고성군,S10,경상남도 고성군 동해면 동해로 1585
9161012,마암초등학교,경상남도교육청,고성군,S10,경상남도 고성군 마암면 옥천로 254
9161013,방산초등학교,경상남도교육청,고성군,S10,경상남도 고성군 거류면 방산로 42
9161014,삼산초등학교,경상남도교육청,고성군,S10,경상남도 고성군 삼산면 미룡2길 65
9161015,상리초등학교,경상남도교육청,고성군,S10,경상남도 고성군 상리면 척번정1길 85
9161016,영오초등학교,경상남도교육청,고성군,S10,경상남도 고성군 영오면 영회로 325
9161018,율천초등학교,경상남도교육청,고성군,S10,경상남도 고성군 고성읍 죽계2길 19
9161019,철성초등학교,경상남도교육청,고성군,S10,경상남도 고성군 고성읍 월평로 11
9161020,하이초등학교,경상남도교육청,고성군,S10,경상남도 고성군 하이면 남일로 423
9161021,하일초등학교,경상남도교육청,고성군,S10,경상남도 고성군 하일면 학림2길 70-15
9161023,회화초등학교,경상남도교육청,고성군,S10,경상남도 고성군 회화면 배둔로 95
9171005,고현초등학교,경상남도교육청,남해군,S10,경상남도 남해군 고현면 고설로 31
9171006,남명초등학교,경상남도교육청,남해군,S10,경상남도 남해군 남면 남서대로 748
9171007,남해초등학교,경상남도교육청,남해군,S10,경상남도 남해군 남해읍 망운로 14
9171008,도마초등학교,경상남도교육청,남해군,S10,경상남도 남해군 고현면 남해대로 3173
9171009,미조초등학교,경상남도교육청,남해군,S10,경상남도 남해군 미조면 미송로2번길 8
9171010,삼동초등학교,경상남도교육청,남해군,S10,경상남도 남해군 삼동면 동부대로 1296
9171011,상주초등학교,경상남도교육청,남해군,S10,경상남도 남해군 상주면 남해대로 708
9171012,설천초등학교,경상남도교육청,남해군,S10,경상남도 남해군 설천면 설천로696번길 11
9171014,성명초등학교,경상남도교육청,남해군,S10,경상남도 남해군 서면 남서대로 1630
9171015,이동초등학교,경상남도교육청,남해군,S10,경상남도 남해군 이동면 무림로 29
9171016,지족초등학교,경상남도교육청,남해군,S10,경상남도 남해군 삼동면 동부대로1858번길 4
9171017,창선초등학교,경상남도교육청,남해군,S10,경상남도 남해군 창선면 창선로97번길 16
9171018,해양초등학교,경상남도교육청,남해군,S10,경상남도 남해군 남해읍 화전로 25
9181005,갈육초등학교,경상남도교육청,하동군,S10,경상남도 하동군 금성면 금성로 521
9181007,고전초등학교,경상남도교육청,하동군,S10,경상남도 하동군 고전면 하동읍성로 371
9181008,궁항초등학교,경상남도교육청,하동군,S10,경상남도 하동군 금성면 가린길 32
9181009,노량초등학교,경상남도교육청,하동군,S10,경상남도 하동군 금남면 제먼당길 60
9181010,묵계초등학교,경상남도교육청,하동군,S10,경상남도 하동군 청암면 청학로 2220
9181011,북천초등학교,경상남도교육청,하동군,S10,경상남도 하동군 북천면 세이리길 20
9181012,쌍계초등학교,경상남도교육청,하동군,S10,경상남도 하동군 화개면 쌍계사길 27-21
9181013,악양초등학교,경상남도교육청,하동군,S10,경상남도 하동군 악양면 악양서로 349
9181015,옥종초등학교,경상남도교육청,하동군,S10,경상남도 하동군 옥종면 주포중앙길 14-13
9181016,적량초등학교,경상남도교육청,하동군,S10,경상남도 하동군 적량면 금강길 16
9181017,진교초등학교,경상남도교육청,하동군,S10,경상남도 하동군 진교면 민다리길 141
9181018,진정초등학교,경상남도교육청,하동군,S10,경상남도 하동군 금남면 진정1길 10
9181019,묵계초등학교청암분교장,경상남도교육청,하동군,S10,경상남도 하동군 청암면 청학로 716
9181020,하동초등학교,경상남도교육청,하동군,S10,경상남도 하동군 하동읍 남당길 47
9181021,화개초등학교,경상남도교육청,하동군,S10,경상남도 하동군 화개면 화개로 139
9181022,화개초등학교왕성분교장,경상남도교육청,하동군,S10,경상남도 하동군 화개면 화개로 967
9181023,횡천초등학교,경상남도교육청,하동군,S10,경상남도 하동군 횡천면 경서대로 1117
9191006,금서초등학교,경상남도교육청,산청군,S10,경상남도 산청군 금서면 화계오봉로 12
9191007,단계초등학교,경상남도교육청,산청군,S10,경상남도 산청군 신등면 신차로 514
9191008,단성초등학교,경상남도교육청,산청군,S10,경상남도 산청군 단성면 목화로961번길 10
9191009,덕산초등학교,경상남도교육청,산청군,S10,경상남도 산청군 시천면 덕산대포로 15
9191010,도산초등학교,경상남도교육청,산청군,S10,경상남도 산청군 신안면 신차로 3-3
9191011,산청초등학교,경상남도교육청,산청군,S10,경상남도 산청군 산청읍 꽃봉산로79번길 43
9191012,삼장초등학교,경상남도교육청,산청군,S10,경상남도 산청군 삼장면 친환경로 764
9191013,생비량초등학교,경상남도교육청,산청군,S10,경상남도 산청군 생비량면 비량로 51-3
9191014,생초초등학교,경상남도교육청,산청군,S10,경상남도 산청군 생초면 생초로38번길 21
9191015,신안초등학교,경상남도교육청,산청군,S10,경상남도 산청군 신안면 원지로4번길 18
9191016,신천초등학교,경상남도교육청,산청군,S10,경상남도 산청군 시천면 지리산대로 1030-2
9191017,오부초등학교,경상남도교육청,산청군,S10,경상남도 산청군 오부면 오동로 649
9191018,차황초등학교,경상남도교육청,산청군,S10,경상남도 산청군 차황면 친환경로 3575
9201005,금반초등학교,경상남도교육청,함양군,S10,경상남도 함양군 휴천면 휴천로 371
9201006,마천초등학교,경상남도교육청,함양군,S10,경상남도 함양군 마천면 마천삼정로 126
9201007,백전초등학교,경상남도교육청,함양군,S10,경상남도 함양군 백전면 구산대안로 12-2
9201008,병곡초등학교,경상남도교육청,함양군,S10,경상남도 함양군 병곡면 휴촌길 21
9201009,서상초등학교,경상남도교육청,함양군,S10,경상남도 함양군 서상면 대남로 6
9201010,서하초등학교,경상남도교육청,함양군,S10,경상남도 함양군 서하면 육십령로 2117
9201011,수동초등학교,경상남도교육청,함양군,S10,경상남도 함양군 수동면 연화산길 18-1
9201012,안의초등학교,경상남도교육청,함양군,S10,경상남도 함양군 안의면 안의초등길 8
9201013,위림초등학교,경상남도교육청,함양군,S10,경상남도 함양군 함양읍 함양남서로 1234
9201014,위성초등학교,경상남도교육청,함양군,S10,경상남도 함양군 함양읍 위성초등길 18
9201015,유림초등학교,경상남도교육청,함양군,S10,경상남도 함양군 유림면 천왕봉로 2927
9201016,지곡초등학교,경상남도교육청,함양군,S10,경상남도 함양군 지곡면 개평길 12
9201017,함양초등학교,경상남도교육청,함양군,S10,경상남도 함양군 함양읍 고운로 43
9211004,가북초등학교,경상남도교육청,거창군,S10,경상남도 거창군 가북면 가북로 628
9211005,가조초등학교,경상남도교육청,거창군,S10,경상남도 거창군 가조면 가조가야로 1087
9211006,거창초등학교,경상남도교육청,거창군,S10,경상남도 거창군 거창읍 아림로 48
9211007,고제초등학교,경상남도교육청,거창군,S10,경상남도 거창군 고제면 고제로 333
9211008,남상초등학교,경상남도교육청,거창군,S10,경상남도 거창군 남상면 인평길 21
9211009,남하초등학교,경상남도교육청,거창군,S10,경상남도 거창군 남하면 영서로 151
9211010,마리초등학교,경상남도교육청,거창군,S10,경상남도 거창군 마리면 빼재로 23
9211011,북상초등학교,경상남도교육청,거창군,S10,경상남도 거창군 북상면 송계로 731-18
9211012,신원초등학교,경상남도교육청,거창군,S10,경상남도 거창군 신원면 신차로 3053
9211013,아림초등학교,경상남도교육청,거창군,S10,경상남도 거창군 거창읍 거열로6길 12
9211014,웅양초등학교,경상남도교육청,거창군,S10,경상남도 거창군 웅양면 웅양로 1403
9211015,월천초등학교,경상남도교육청,거창군,S10,경상남도 거창군 거창읍 주곡로 207
9211016,위천초등학교,경상남도교육청,거창군,S10,경상남도 거창군 위천면 창말1길 10
9211017,주상초등학교,경상남도교육청,거창군,S10,경상남도 거창군 주상면 도평1길 60
9211018,창남초등학교,경상남도교육청,거창군,S10,경상남도 거창군 거창읍 거함대로4길 24
9211019,창동초등학교,경상남도교육청,거창군,S10,경상남도 거창군 거창읍 동동1길 42
9211020,샛별초등학교,경상남도교육청,거창군,S10,경상남도 거창군 거창읍 죽전4길 28
9221006,가회초등학교,경상남도교육청,합천군,S10,경상남도 합천군 가회면 황매산로 58-2
9221008,대병초등학교,경상남도교육청,합천군,S10,경상남도 합천군 대병면 신성동길 66
9221009,대양초등학교,경상남도교육청,합천군,S10,경상남도 합천군 대양면 대야로 281-12
9221010,초계초등학교덕곡분교장,경상남도교육청,합천군,S10,경상남도 합천군 덕곡면 오광대로 711
9221011,묘산초등학교,경상남도교육청,합천군,S10,경상남도 합천군 묘산면 묘산로 149
9221012,봉산초등학교,경상남도교육청,합천군,S10,경상남도 합천군 봉산면 김봉길 25-7
9221013,삼가초등학교,경상남도교육청,합천군,S10,경상남도 합천군 삼가면 소오길 12
9221015,쌍백초등학교,경상남도교육청,합천군,S10,경상남도 합천군 쌍백면 평구3길 17
9221016,쌍책초등학교,경상남도교육청,합천군,S10,경상남도 합천군 쌍책면 성산큰길 47
9221017,야로초등학교,경상남도교육청,합천군,S10,경상남도 합천군 야로면 미숭산로 89
9221018,영전초등학교,경상남도교육청,합천군,S10,경상남도 합천군 율곡면 영전3길 34
9221019,용주초등학교,경상남도교육청,합천군,S10,경상남도 합천군 용주면 황계폭포로 1146
9221020,적중초등학교,경상남도교육청,합천군,S10,경상남도 합천군 적중면 상중부우회길 115
9221021,청덕초등학교,경상남도교육청,합천군,S10,경상남도 합천군 청덕면 송기2길 16
9221022,초계초등학교,경상남도교육청,합천군,S10,경상남도 합천군 초계면 초계중앙로 33-6
9221023,합천초등학교,경상남도교육청,합천군,S10,경상남도 합천군 합천읍 죽죽길 3
9221059,남정초등학교,경상남도교육청,합천군,S10,경상남도 합천군 합천읍 남정길 28
9221063,합천가야초등학교,경상남도교육청,합천군,S10,경상남도 합천군 가야면 가조가야로 2863
9296037,제주동초등학교,제주특별자치도교육청,제주시,T10,제주특별자치도 제주시 동문로 65
9296038,제주서초등학교,제주특별자치도교육청,제주시,T10,제주특별자치도 제주시 성화로6길 51
9296039,제주남초등학교,제주특별자치도교육청,제주시,T10,제주특별자치도 제주시 남성로 149
9296040,제주북초등학교,제주특별자치도교육청,제주시,T10,제주특별자치도 제주시 중앙로8길 18
9296041,일도초등학교,제주특별자치도교육청,제주시,T10,제주특별자치도 제주시 삼성로9길 27
9296042,광양초등학교,제주특별자치도교육청,제주시,T10,제주특별자치도 제주시 돈내길 5
9296043,제주중앙초등학교,제주특별자치도교육청,제주시,T10,제주특별자치도 제주시 서사로18길 40
9296044,신제주초등학교,제주특별자치도교육청,제주시,T10,제주특별자치도 제주시 비월길 29
9296045,삼성초등학교,제주특별자치도교육청,제주시,T10,제주특별자치도 제주시 서광로29길 35
9296046,한천초등학교,제주특별자치도교육청,제주시,T10,제주특별자치도 제주시 남성로11길 22
9296047,남광초등학교,제주특별자치도교육청,제주시,T10,제주특별자치도 제주시 남광로 28
9296048,인화초등학교,제주특별자치도교육청,제주시,T10,제주특별자치도 제주시 신산로15길 35
9296049,도남초등학교,제주특별자치도교육청,제주시,T10,제주특별자치도 제주시 도남로8길 22
9296050,화북초등학교,제주특별자치도교육청,제주시,T10,제주특별자치도 제주시 일주동로 157
9296051,삼양초등학교,제주특별자치도교육청,제주시,T10,제주특별자치도 제주시 지석14길 7
9296052,봉개초등학교,제주특별자치도교육청,제주시,T10,제주특별자치도 제주시 번영로 484
9296053,아라초등학교,제주특별자치도교육청,제주시,T10,제주특별자치도 제주시 중앙로 518
9296054,영평초등학교,제주특별자치도교육청,제주시,T10,제주특별자치도 제주시 아봉로 225
9296055,오라초등학교,제주특별자치도교육청,제주시,T10,제주특별자치도 제주시 연사길 48
9296056,노형초등학교,제주특별자치도교육청,제주시,T10,제주특별자치도 제주시 노형로 383
9296057,도리초등학교,제주특별자치도교육청,제주시,T10,제주특별자치도 제주시 도리로 129
9296058,외도초등학교,제주특별자치도교육청,제주시,T10,제주특별자치도 제주시 일주서로 7368
9296059,신광초등학교,제주특별자치도교육청,제주시,T10,제주특별자치도 제주시 성신로 25
9296060,동광초등학교,제주특별자치도교육청,제주시,T10,제주특별자치도 제주시 태성로 6
9296061,동화초등학교,제주특별자치도교육청,제주시,T10,제주특별자치도 제주시 동화로1길 44
9296062,한라초등학교,제주특별자치도교육청,제주시,T10,제주특별자치도 제주시 연화로 42
9296063,백록초등학교,제주특별자치도교육청,제주시,T10,제주특별자치도 제주시 정존5길 62
9296064,월랑초등학교,제주특별자치도교육청,제주시,T10,제주특별자치도 제주시 남녕로 63
9296065,하귀초등학교,제주특별자치도교육청,제주시,T10,제주특별자치도 제주시 애월읍 하귀로 44
9296066,물메초등학교,제주특별자치도교육청,제주시,T10,제주특별자치도 제주시 애월읍 엄수로 202-4
9296067,광령초등학교,제주특별자치도교육청,제주시,T10,제주특별자치도 제주시 애월읍 광성로 276
9296068,장전초등학교,제주특별자치도교육청,제주시,T10,제주특별자치도 제주시 애월읍 장전로 122
9296069,구엄초등학교,제주특별자치도교육청,제주시,T10,제주특별자치도 제주시 애월읍 일주서로 6768
9296070,납읍초등학교,제주특별자치도교육청,제주시,T10,제주특별자치도 제주시 애월읍 납읍로2길 47
9296071,애월초등학교,제주특별자치도교육청,제주시,T10,제주특별자치도 제주시 애월읍 애월로 139-10
9296072,곽금초등학교,제주특별자치도교육청,제주시,T10,제주특별자치도 제주시 애월읍 일주서로 6000
9296073,어도초등학교,제주특별자치도교육청,제주시,T10,제주특별자치도 제주시 애월읍 봉성로 76
9296074,귀덕초등학교,제주특별자치도교육청,제주시,T10,제주특별자치도 제주시 한림읍 귀덕14길 14-5
9296075,수원초등학교,제주특별자치도교육청,제주시,T10,제주특별자치도 제주시 한림읍 한림로 822
9296076,한림초등학교,제주특별자치도교육청,제주시,T10,제주특별자치도 제주시 한림읍 한림로4길 16
9296077,재릉초등학교,제주특별자치도교육청,제주시,T10,제주특별자치도 제주시 한림읍 한림로 288-18
9296078,금악초등학교,제주특별자치도교육청,제주시,T10,제주특별자치도 제주시 한림읍 금악남2길 1
9296079,고산초등학교,제주특별자치도교육청,제주시,T10,제주특별자치도 제주시 한경면 고산로1길 16
9296080,저청초등학교,제주특별자치도교육청,제주시,T10,제주특별자치도 제주시 한경면 중산간서로 3591
9296081,신창초등학교,제주특별자치도교육청,제주시,T10,제주특별자치도 제주시 한경면 두신로 72
9296082,신촌초등학교,제주특별자치도교육청,제주시,T10,제주특별자치도 제주시 조천읍 신북로 51
9296083,조천초등학교,제주특별자치도교육청,제주시,T10,제주특별자치도 제주시 조천읍 신북로 195
9296084,대흘초등학교,제주특별자치도교육청,제주시,T10,제주특별자치도 제주시 조천읍 중산간동로 677
9296085,함덕초등학교,제주특별자치도교육청,제주시,T10,제주특별자치도 제주시 조천읍 일주동로 1231
9296086,북촌초등학교,제주특별자치도교육청,제주시,T10,제주특별자치도 제주시 조천읍 일주동로 1481
9296087,김녕초등학교,제주특별자치도교육청,제주시,T10,제주특별자치도 제주시 구좌읍 김녕로 117
9296088,구좌중앙초등학교,제주특별자치도교육청,제주시,T10,제주특별자치도 제주시 구좌읍 월정7길 1
9296089,한동초등학교,제주특별자치도교육청,제주시,T10,제주특별자치도 제주시 구좌읍 일주동로 2831
9296090,평대초등학교,제주특별자치도교육청,제주시,T10,제주특별자치도 제주시 구좌읍 일주동로 2979
9296091,세화초등학교,제주특별자치도교육청,제주시,T10,제주특별자치도 제주시 구좌읍 구좌로 65
9296092,송당초등학교,제주특별자치도교육청,제주시,T10,제주특별자치도 제주시 구좌읍 중산간동로 2218-3
9296093,하도초등학교,제주특별자치도교육청,제주시,T10,제주특별자치도 제주시 구좌읍 일주동로 3378
9296094,종달초등학교,제주특별자치도교육청,제주시,T10,제주특별자치도 제주시 구좌읍 종달로7길 5
9296095,우도초등학교,제주특별자치도교육청,제주시,T10,제주특별자치도 제주시 우도면 우도로 156-11
9296096,추자초등학교,제주특별자치도교육청,제주시,T10,제주특별자치도 제주시 추자면 대서3길 10
9296100,한림초등학교비양분교장,제주특별자치도교육청,제주시,T10,제주특별자치도 제주시 한림읍 비양도길 270
9296101,조천초등학교교래분교장,제주특별자치도교육청,제주시,T10,제주특별자치도 제주시 조천읍 비자림로 672
9296102,함덕초등학교선인분교장,제주특별자치도교육청,제주시,T10,제주특별자치도 제주시 조천읍 선진길 7-18
9296104,김녕초등학교동복분교장,제주특별자치도교육청,제주시,T10,제주특별자치도 제주시 구좌읍 동복로 66-5
9296105,추자초등학교신양분교장,제주특별자치도교육청,제주시,T10,제주특별자치도 제주시 추자면 추자로 553-10
9296175,도평초등학교,제주특별자치도교육청,제주시,T10,제주특별자치도 제주시 도평길 17
9296176,해안초등학교,제주특별자치도교육청,제주시,T10,제주특별자치도 제주시 해안마을길 76
9296179,이도초등학교,제주특별자치도교육청,제주시,T10,제주특별자치도 제주시 구남동2길 58
9296181,하귀일초등학교,제주특별자치도교육청,제주시,T10,제주특별자치도 제주시 애월읍 하귀9길 42
9296192,삼화초등학교,제주특별자치도교육청,제주시,T10,제주특별자치도 제주시 화삼북로2길 27
9296195,도련초등학교,제주특별자치도교육청,제주시,T10,제주특별자치도 제주시 화삼로 104
9296204,더럭초등학교,제주특별자치도교육청,제주시,T10,제주특별자치도 제주시 애월읍 하가로 195
9296210,선흘초등학교,제주특별자치도교육청,제주시,T10,제주특별자치도 제주시 조천읍 선흘동1길 41
9299024,서귀포초등학교,제주특별자치도교육청,서귀포시,T10,제주특별자치도 서귀포시 솔동산로11번길 17
9299025,서귀중앙초등학교,제주특별자치도교육청,서귀포시,T10,제주특별자치도 서귀포시 동문동로 54
9299026,서귀서초등학교,제주특별자치도교육청,서귀포시,T10,제주특별자치도 서귀포시 솜반천로 38
9299027,서귀북초등학교,제주특별자치도교육청,서귀포시,T10,제주특별자치도 서귀포시 중앙로 175
9299028,법환초등학교,제주특별자치도교육청,서귀포시,T10,제주특별자치도 서귀포시 이어도로 879
9299029,서호초등학교,제주특별자치도교육청,서귀포시,T10,제주특별자치도 서귀포시 호근남로 40
9299030,토평초등학교,제주특별자치도교육청,서귀포시,T10,제주특별자치도 서귀포시 토평남로 86
9299031,효돈초등학교,제주특별자치도교육청,서귀포시,T10,제주특별자치도 서귀포시 효돈로 161
9299032,보목초등학교,제주특별자치도교육청,서귀포시,T10,제주특별자치도 서귀포시 마소물로8번길 9
9299033,중문초등학교,제주특별자치도교육청,서귀포시,T10,제주특별자치도 서귀포시 천제연로 231
9299034,예래초등학교,제주특별자치도교육청,서귀포시,T10,제주특별자치도 서귀포시 예래로 210-14
9299035,도순초등학교,제주특별자치도교육청,서귀포시,T10,제주특별자치도 서귀포시 도순남로 83
9299036,하원초등학교,제주특별자치도교육청,서귀포시,T10,제주특별자치도 서귀포시 월평하원로 149
9299037,강정초등학교,제주특별자치도교육청,서귀포시,T10,제주특별자치도 서귀포시 말질로 188
9299038,새서귀초등학교,제주특별자치도교육청,서귀포시,T10,제주특별자치도 서귀포시 신서귀로76번길 6-3
9299039,동홍초등학교,제주특별자치도교육청,서귀포시,T10,제주특별자치도 서귀포시 동홍북로 17
9299040,동남초등학교,제주특별자치도교육청,서귀포시,T10,제주특별자치도 서귀포시 성산읍 고성오조로 55
9299041,시흥초등학교,제주특별자치도교육청,서귀포시,T10,제주특별자치도 서귀포시 성산읍 시흥상동로 113
9299042,수산초등학교,제주특별자치도교육청,서귀포시,T10,제주특별자치도 서귀포시 성산읍 수시로 9
9299043,성산초등학교,제주특별자치도교육청,서귀포시,T10,제주특별자치도 서귀포시 성산읍 한도로 217
9299044,온평초등학교,제주특별자치도교육청,서귀포시,T10,제주특별자치도 서귀포시 성산읍 일주동로 4740
9299045,풍천초등학교,제주특별자치도교육청,서귀포시,T10,제주특별자치도 서귀포시 성산읍 풍천로 18
9299046,표선초등학교,제주특별자치도교육청,서귀포시,T10,제주특별자치도 서귀포시 표선면 표선동서로 293
9299047,성읍초등학교,제주특별자치도교육청,서귀포시,T10,제주특별자치도 서귀포시 표선면 성읍민속로 65
9299048,가마초등학교,제주특별자치도교육청,서귀포시,T10,제주특별자치도 서귀포시 표선면 일주동로6285번길 8
9299049,토산초등학교,제주특별자치도교육청,서귀포시,T10,제주특별자치도 서귀포시 표선면 토산중앙로 68-9
9299050,한마음초등학교,제주특별자치도교육청,서귀포시,T10,제주특별자치도 서귀포시 표선면 한마음초등로 408
9299051,흥산초등학교,제주특별자치도교육청,서귀포시,T10,제주특별자치도 서귀포시 남원읍 일주동로 6642
9299052,태흥초등학교,제주특별자치도교육청,서귀포시,T10,제주특별자치도 서귀포시 남원읍 태위로 915
9299053,의귀초등학교,제주특별자치도교육청,서귀포시,T10,제주특별자치도 서귀포시 남원읍 한신로 213
9299054,남원초등학교,제주특별자치도교육청,서귀포시,T10,제주특별자치도 서귀포시 남원읍 태위로 647
9299055,위미초등학교,제주특별자치도교육청,서귀포시,T10,제주특별자치도 서귀포시 남원읍 태위로 57
9299056,신례초등학교,제주특별자치도교육청,서귀포시,T10,제주특별자치도 서귀포시 남원읍 중산간동로 7116
9299057,하례초등학교,제주특별자치도교육청,서귀포시,T10,제주특별자치도 서귀포시 남원읍 일주동로 8002
9299058,대정서초등학교,제주특별자치도교육청,서귀포시,T10,제주특별자치도 서귀포시 대정읍 동일하모로 43
9299059,대정초등학교,제주특별자치도교육청,서귀포시,T10,제주특별자치도 서귀포시 대정읍 상모대서로 15
9299060,보성초등학교,제주특별자치도교육청,서귀포시,T10,제주특별자치도 서귀포시 대정읍 추사로55번길 6-1
9299062,서광초등학교,제주특별자치도교육청,서귀포시,T10,제주특별자치도 서귀포시 안덕면 중산간서로 1842
9299063,덕수초등학교,제주특별자치도교육청,서귀포시,T10,제주특별자치도 서귀포시 안덕면 덕수서로 10
9299064,사계초등학교,제주특별자치도교육청,서귀포시,T10,제주특별자치도 서귀포시 안덕면 산방로 346
9299065,안덕초등학교,제주특별자치도교육청,서귀포시,T10,제주특별자치도 서귀포시 안덕면 화순로56번길 32
9299066,창천초등학교,제주특별자치도교육청,서귀포시,T10,제주특별자치도 서귀포시 안덕면 창천중앙로 12
9299067,무릉초등학교,제주특별자치도교육청,서귀포시,T10,제주특별자치도 서귀포시 대정읍 서삼중로 106
9299068,신산초등학교,제주특별자치도교육청,서귀포시,T10,제주특별자치도 서귀포시 성산읍 일주동로 5104
9299124,대정초등학교가파분교장,제주특별자치도교육청,서귀포시,T10,제주특별자치도 서귀포시 대정읍 가파로67번길 45
9299125,대정초등학교마라분교장,제주특별자치도교육청,서귀포시,T10,제주특별자치도 서귀포시 대정읍 마라로 58
9300025,조치원대동초등학교,세종특별자치시교육청,,I10,세종특별자치시 조치원읍 대동학교길
9300026,조치원명동초등학교,세종특별자치시교육청,,I10,세종특별자치시  조치원읍 조치원10길 35
9300027,조치원교동초등학교,세종특별자치시교육청,,I10,세종특별자치시  조치원읍 새내18길 21
9300028,조치원신봉초등학교,세종특별자치시교육청,,I10,세종특별자치시  조치원읍 서북부로 10
9300029,연동초등학교,세종특별자치시교육청,,I10,세종특별자치시  연동면 청연로 606-36
9300031,연서초등학교,세종특별자치시교육청,,I10,세종특별자치시  연서면 연서로 148
9300032,쌍류초등학교,세종특별자치시교육청,,I10,세종특별자치시  연서면 벌말길 73
9300033,연봉초등학교,세종특별자치시교육청,,I10,세종특별자치시  연서면 당산로 357-1
9300034,연남초등학교,세종특별자치시교육청,,I10,세종특별자치시  연기면 연기길 2
9300035,수왕초등학교,세종특별자치시교육청,,I10,세종특별자치시  연기면 눌왕길 8-45
9300036,금남초등학교,세종특별자치시교육청,,I10,세종특별자치시  금남면 금남구즉로 62
9300037,감성초등학교,세종특별자치시교육청,,I10,세종특별자치시  금남면 감성길 6
9300038,전의초등학교,세종특별자치시교육청,,I10,세종특별자치시 전의면 운주산로 1204-9
9300039,소정초등학교,세종특별자치시교육청,,I10,세종특별자치시  소정면 학교말길 10
9300040,전동초등학교,세종특별자치시교육청,,I10,세종특별자치시  전동면 하노장3길 9
9300041,장기초등학교,세종특별자치시교육청,,I10,세종특별자치시  장군면 장척로 398-9
9300042,의랑초등학교,세종특별자치시교육청,,I10,세종특별자치시  장군면 태산길 50-1
9300043,부강초등학교,세종특별자치시교육청,,I10,세종특별자치시  부강면 부강로 15
9300044,참샘초등학교,세종특별자치시교육청,,I10,세종특별자치시  노을1로 29
9300087,한솔초등학교,세종특별자치시교육청,,I10,세종특별자치시  누리로 32
9300105,도담초등학교,세종특별자치시교육청,,I10,세종특별자치시  보람로 33
9300111,연세초등학교,세종특별자치시교육청,,I10,세종특별자치시  다솜로 291
9300115,아름초등학교,세종특별자치시교육청,,I10,세종특별자치시 달빛로 174
9300119,미르초등학교,세종특별자치시교육청,,I10,세종특별자치시  나리로 26-16
9300121,연양초등학교,세종특별자치시교육청,,I10,세종특별자치시  도움3로 37
9300126,나래초등학교,세종특별자치시교육청,,I10,세종특별자치시  달빛1로 108
9300128,양지초등학교,세종특별자치시교육청,,I10,세종특별자치시  보듬8로 11
9300166,두루초등학교,세종특별자치시교육청,,I10,세종특별자치시  만남로 227
9300167,으뜸초등학교,세종특별자치시교육청,,I10,세종특별자치시  마음로 132
9300168,고운초등학교,세종특별자치시교육청,,I10,세종특별자치시  만남로 45
9300169,온빛초등학교,세종특별자치시교육청,,I10,세종특별자치시  만남로 174
9300170,종촌초등학교,세종특별자치시교육청,,I10,세종특별자치시  도움1로 160
9300171,다빛초등학교,세종특별자치시교육청,,I10,세종특별자치시 달빛1로 7
9300172,늘봄초등학교,세종특별자치시교육청,,I10,세종특별자치시  다솜1로 183
9300184,세종도원초등학교,세종특별자치시교육청,,I10,세종특별자치시  연서면 도원로 63
9300187,가락초등학교,세종특별자치시교육청,,I10,세종특별자치시  마음로 208
9300190,보람초등학교,세종특별자치시교육청,,I10,세종특별자치시  보람동로 39
9300194,소담초등학교,세종특별자치시교육청,,I10,세종특별자치시  소담1로 35
9300210,새롬초등학교,세종특별자치시교육청,,I10,세종특별자치시  새롬중앙1로 27
9300211,새뜸초등학교,세종특별자치시교육청,,I10,세종특별자치시  새롬남로 75
9300212,가득초등학교,세종특별자치시교육청,,I10,세종특별자치시  세종로 941
9300213,여울초등학교,세종특별자치시교육청,,I10,세종특별자치시  보람1길 9
9300214,글벗초등학교,세종특별자치시교육청,,I10,세종특별자치시  소담로 121
9300224,한결초등학교,세종특별자치시교육청,,I10,세종특별자치시  다정북로 139
9300226,다정초등학교,세종특별자치시교육청,,I10,세종특별자치시  다정남로 35
9300229,새움초등학교,세종특별자치시교육청,,I10,세종특별자치시  다정남로 93
9300231,대평초등학교,세종특별자치시교육청,,I10,세종특별자치시  대평1길 19
9300236,반곡초등학교,세종특별자치시교육청,,I10,세종특별자치시  시청대로 468
9300239,솔빛초등학교,세종특별자치시교육청,,I10,세종특별자치시  반곡2길 21
9300268,해밀초등학교,세종특별자치시교육청,,I10,세종특별자치시  해밀1로 73
9300285,나성초등학교,세종특별자치시교육청,,I10,세종특별자치시 갈매로 294
9300310,집현초등학교,세종특별자치시교육청,,I10,세종특별자치시  집현서로 23
9300315,나루초등학교,세종특별자치시교육청,,I10,세종특별자치시  집현서로 90
9300347,바른초등학교,세종특별자치시교육청,,I10,세종특별자치시 산울3로 33
9300355,산울초등학교,세종특별자치시교육청,,I10,세종특별자치시 산울7로 33
C150029,제주대학교교육대학부설초등학교,제주특별자치도교육청,제주시,T10,제주특별자치도 제주시 일주동로 61
